mjd, bright, slots_bright, dark, slots_dark, twilight, slots_twilight, lst_start, lst_end, lst_split, bright_start, bright_end, dark_start, dark_end, eng
61406.0, 0.00, 0, 11.54, 34, 0.50, 1, 1.0, 12.6, -1.0,0.0000, 0.0000, 61406.0559, 61406.5366, 0
61407.0, 0.00, 0, 11.53, 34, 0.50, 1, 1.1, 12.6, -1.0,0.0000, 0.0000, 61407.0563, 61407.5368, 0
61408.0, 0.00, 0, 11.52, 34, 0.50, 1, 1.1, 12.7, -1.0,0.0000, 0.0000, 61408.0568, 61408.5369, 0
61409.0, 0.00, 0, 11.51, 34, 0.50, 1, 1.2, 12.8, -1.0,0.0000, 0.0000, 61409.0573, 61409.5371, 0
61410.0, 0.00, 0, 11.51, 34, 0.50, 1, 1.3, 12.8, -1.0,0.0000, 0.0000, 61410.0578, 61410.5372, 0
61411.0, 0.00, 0, 11.50, 34, 0.50, 1, 1.4, 12.9, -1.0,0.0000, 0.0000, 61411.0583, 61411.5373, 0
61412.0, 0.00, 0, 11.49, 34, 0.50, 1, 1.4, 13.0, -1.0,0.0000, 0.0000, 61412.0588, 61412.5374, 0
61413.0, 0.00, 0, 11.48, 34, 0.50, 1, 1.5, 13.0, -1.0,0.0000, 0.0000, 61413.0593, 61413.5375, 0
61414.0, 0.00, 0, 11.46, 34, 0.50, 1, 1.6, 13.1, -1.0,0.0000, 0.0000, 61414.0599, 61414.5375, 0
61415.0, 0.00, 0, 11.45, 34, 0.50, 1, 1.7, 13.2, -1.0,0.0000, 0.0000, 61415.0604, 61415.5376, 0
61416.0, 0.00, 0, 11.44, 34, 0.50, 1, 1.8, 13.2, -1.0,0.0000, 0.0000, 61416.0609, 61416.5376, 0
61417.0, 0.00, 0, 11.43, 34, 0.50, 1, 1.8, 13.3, -1.0,0.0000, 0.0000, 61417.0615, 61417.5376, 0
61418.0, 0.00, 0, 11.41, 34, 0.50, 1, 1.9, 13.4, -1.0,0.0000, 0.0000, 61418.0620, 61418.5376, 0
61419.0, 0.00, 0, 11.40, 34, 0.50, 1, 2.0, 13.4, -1.0,0.0000, 0.0000, 61419.0626, 61419.5375, 0
61420.0, 5.38, 16, 6.00, 18, 0.50, 1, 2.1, 13.5, 7.5,61420.0631, 61420.2873, 61420.2873, 61420.5375, 0
61421.0, 6.42, 19, 4.94, 14, 0.50, 1, 2.2, 13.6, 8.6,61421.0637, 61421.3314, 61421.3314, 61421.5374, 0
61422.0, 7.53, 22, 3.82, 11, 0.50, 1, 2.2, 13.6, 9.8,61422.0643, 61422.3782, 61422.3782, 61422.5373, 0
61423.0, 8.69, 26, 2.64, 7, 0.50, 1, 2.3, 13.7, 11.0,61423.0648, 61423.4270, 61423.4270, 61423.5372, 0
61424.0, 9.85, 29, 1.47, 4, 0.49, 1, 2.4, 13.7, 12.3,61424.0654, 61424.4759, 61424.4759, 61424.5370, 0
61425.0, 11.30, 33, 0.00, 0, 0.49, 1, 2.5, 13.8, -1.0,61425.0660, 61425.5369, 0.0000, 0.0000, 0
61426.0, 11.28, 33, 0.00, 0, 0.49, 1, 2.6, 13.9, -1.0,61426.0665, 61426.5367, 0.0000, 0.0000, 0
61427.0, 11.27, 33, 0.00, 0, 0.49, 1, 2.6, 13.9, -1.0,61427.0671, 61427.5365, 0.0000, 0.0000, 1
61428.0, 11.25, 33, 0.00, 0, 0.49, 1, 2.7, 14.0, -1.0,61428.0677, 61428.5363, 0.0000, 0.0000, 0
61429.0, 10.70, 32, 0.53, 1, 0.49, 1, 2.8, 14.1, 3.3,61429.0903, 61429.5360, 61429.0683, 61429.0903, 0
61430.0, 9.53, 28, 1.68, 5, 0.49, 1, 2.9, 14.1, 4.6,61430.1388, 61430.5358, 61430.0688, 61430.1388, 0
61431.0, 8.41, 25, 2.77, 8, 0.49, 1, 3.0, 14.2, 5.7,61431.1849, 61431.5355, 61431.0694, 61431.1849, 0
61432.0, 7.34, 22, 3.82, 11, 0.49, 1, 3.0, 14.2, 6.9,61432.2293, 61432.5352, 61432.0700, 61432.2293, 0
61433.0, 6.29, 18, 4.85, 14, 0.49, 1, 3.1, 14.3, 8.0,61433.2727, 61433.5349, 61433.0706, 61433.2727, 0
61434.0, 5.26, 15, 5.87, 17, 0.49, 1, 3.2, 14.3, 9.1,61434.3156, 61434.5346, 61434.0712, 61434.3156, 0
61435.0, 4.23, 12, 6.87, 20, 0.49, 1, 3.3, 14.4, 10.2,61435.3579, 61435.5343, 61435.0717, 61435.3579, 0
61436.0, 0.00, 0, 11.08, 33, 0.49, 1, 3.4, 14.5, -1.0,0.0000, 0.0000, 61436.0723, 61436.5339, 0
61437.0, 0.00, 0, 11.05, 33, 0.49, 1, 3.4, 14.5, -1.0,0.0000, 0.0000, 61437.0729, 61437.5335, 0
61438.0, 0.00, 0, 11.03, 33, 0.49, 1, 3.5, 14.6, -1.0,0.0000, 0.0000, 61438.0735, 61438.5331, 0
61439.0, 0.00, 0, 11.01, 33, 0.49, 1, 3.6, 14.6, -1.0,0.0000, 0.0000, 61439.0740, 61439.5327, 0
61440.0, 0.00, 0, 10.98, 32, 0.48, 1, 3.7, 14.7, -1.0,0.0000, 0.0000, 61440.0746, 61440.5323, 0
61441.0, 0.00, 0, 10.96, 32, 0.48, 1, 3.7, 14.7, -1.0,0.0000, 0.0000, 61441.0752, 61441.5318, 0
61442.0, 0.00, 0, 10.93, 32, 0.48, 1, 3.8, 14.8, -1.0,0.0000, 0.0000, 61442.0758, 61442.5313, 0
61443.0, 0.00, 0, 10.91, 32, 0.48, 1, 3.9, 14.8, -1.0,0.0000, 0.0000, 61443.0763, 61443.5309, 0
61444.0, 0.00, 0, 10.88, 32, 0.48, 1, 4.0, 14.9, -1.0,0.0000, 0.0000, 61444.0769, 61444.5304, 0
61445.0, 0.00, 0, 10.86, 32, 0.48, 1, 4.1, 15.0, -1.0,0.0000, 0.0000, 61445.0775, 61445.5298, 0
61446.0, 0.00, 0, 10.83, 32, 0.48, 1, 4.1, 15.0, -1.0,0.0000, 0.0000, 61446.0780, 61446.5293, 0
61447.0, 0.00, 0, 10.80, 32, 0.48, 1, 4.2, 15.1, -1.0,0.0000, 0.0000, 61447.0786, 61447.5288, 0
61448.0, 0.00, 0, 10.78, 32, 0.48, 1, 4.3, 15.1, -1.0,0.0000, 0.0000, 61448.0792, 61448.5282, 0
61449.0, 4.98, 14, 5.77, 17, 0.48, 1, 4.4, 15.2, 9.4,61449.0797, 61449.2872, 61449.2872, 61449.5276, 0
61450.0, 6.09, 18, 4.63, 13, 0.48, 1, 4.5, 15.2, 10.6,61450.0803, 61450.3340, 61450.3340, 61450.5270, 0
61451.0, 7.21, 21, 3.48, 10, 0.48, 1, 4.5, 15.3, 11.8,61451.0808, 61451.3813, 61451.3813, 61451.5264, 0
61452.0, 8.29, 24, 2.37, 7, 0.48, 1, 4.6, 15.3, 12.9,61452.0814, 61452.4269, 61452.4269, 61452.5258, 0
61453.0, 9.27, 27, 1.36, 4, 0.48, 1, 4.7, 15.4, 14.0,61453.0819, 61453.4683, 61453.4683, 61453.5251, 0
61454.0, 10.12, 30, 0.49, 1, 0.48, 1, 4.8, 15.4, 14.9,61454.0825, 61454.5041, 61454.5041, 61454.5245, 0
61455.0, 10.58, 31, 0.00, 0, 0.48, 1, 4.9, 15.5, -1.0,61455.0830, 61455.5238, 0.0000, 0.0000, 0
61456.0, 10.55, 31, 0.00, 0, 0.48, 1, 4.9, 15.5, -1.0,61456.0836, 61456.5231, 0.0000, 0.0000, 1
61457.0, 10.52, 31, 0.00, 0, 0.48, 1, 5.0, 15.6, -1.0,61457.0841, 61457.5224, 0.0000, 0.0000, 0
61458.0, 10.49, 31, 0.00, 0, 0.48, 1, 5.1, 15.6, -1.0,61458.0847, 61458.5217, 0.0000, 0.0000, 0
61459.0, 9.34, 28, 1.12, 3, 0.48, 1, 5.2, 15.7, 6.3,61459.1318, 61459.5210, 61459.0852, 61459.1318, 0
61460.0, 8.24, 24, 2.19, 6, 0.48, 1, 5.3, 15.7, 7.4,61460.1770, 61460.5202, 61460.0858, 61460.1770, 0
61461.0, 7.15, 21, 3.24, 9, 0.48, 1, 5.3, 15.8, 8.6,61461.2215, 61461.5195, 61461.0863, 61461.2215, 0
61462.0, 6.08, 18, 4.28, 12, 0.48, 1, 5.4, 15.8, 9.7,61462.2654, 61462.5187, 61462.0868, 61462.2654, 0
61463.0, 5.04, 15, 5.30, 15, 0.48, 1, 5.5, 15.9, 10.8,61463.3081, 61463.5180, 61463.0874, 61463.3081, 0
61464.0, 4.04, 12, 6.26, 18, 0.48, 1, 5.6, 15.9, 11.8,61464.3489, 61464.5172, 61464.0879, 61464.3489, 0
61465.0, 3.11, 9, 7.16, 21, 0.48, 1, 5.6, 15.9, 12.8,61465.3866, 61465.5164, 61465.0884, 61465.3866, 0
61466.0, 0.00, 0, 10.24, 30, 0.48, 1, 5.7, 16.0, -1.0,0.0000, 0.0000, 61466.0890, 61466.5156, 0
61467.0, 0.00, 0, 10.21, 30, 0.48, 1, 5.8, 16.0, -1.0,0.0000, 0.0000, 61467.0895, 61467.5148, 0
61468.0, 0.00, 0, 10.17, 30, 0.48, 1, 5.9, 16.1, -1.0,0.0000, 0.0000, 61468.0900, 61468.5139, 0
61469.0, 0.00, 0, 10.14, 30, 0.48, 1, 6.0, 16.1, -1.0,0.0000, 0.0000, 61469.0905, 61469.5131, 0
61470.0, 0.00, 0, 10.11, 30, 0.48, 1, 6.0, 16.2, -1.0,0.0000, 0.0000, 61470.0911, 61470.5123, 0
61471.0, 0.00, 0, 10.08, 30, 0.48, 1, 6.1, 16.2, -1.0,0.0000, 0.0000, 61471.0916, 61471.5114, 0
61472.0, 0.00, 0, 10.04, 30, 0.48, 1, 6.2, 16.3, -1.0,0.0000, 0.0000, 61472.0921, 61472.5106, 0
61473.0, 0.00, 0, 10.01, 30, 0.48, 1, 6.3, 16.3, -1.0,0.0000, 0.0000, 61473.0927, 61473.5097, 0
61474.0, 0.00, 0, 9.97, 29, 0.48, 1, 6.4, 16.4, -1.0,0.0000, 0.0000, 61474.0932, 61474.5088, 0
61475.0, 0.00, 0, 9.94, 29, 0.48, 1, 6.4, 16.4, -1.0,0.0000, 0.0000, 61475.0937, 61475.5079, 0
61476.0, 0.00, 0, 9.91, 29, 0.48, 1, 6.5, 16.4, -1.0,0.0000, 0.0000, 61476.0943, 61476.5070, 0
61477.0, 0.00, 0, 9.87, 29, 0.48, 1, 6.6, 16.5, -1.0,0.0000, 0.0000, 61477.0948, 61477.5061, 0
61478.0, 0.00, 0, 9.84, 29, 0.48, 1, 6.7, 16.5, -1.0,0.0000, 0.0000, 61478.0953, 61478.5052, 0
61479.0, 5.80, 17, 4.00, 12, 0.48, 1, 6.7, 16.6, 12.6,61479.0958, 61479.3374, 61479.3374, 61479.5043, 0
61480.0, 6.79, 20, 2.98, 8, 0.48, 1, 6.8, 16.6, 13.6,61480.0964, 61480.3792, 61480.3792, 61480.5034, 0
61481.0, 7.65, 22, 2.08, 6, 0.48, 1, 6.9, 16.7, 14.6,61481.0969, 61481.4158, 61481.4158, 61481.5025, 0
61482.0, 8.39, 25, 1.31, 3, 0.48, 1, 7.0, 16.7, 15.4,61482.0974, 61482.4471, 61482.4471, 61482.5015, 0
61483.0, 9.02, 27, 0.64, 1, 0.48, 1, 7.1, 16.7, 16.1,61483.0980, 61483.4739, 61483.4739, 61483.5006, 0
61484.0, 9.63, 28, 0.00, 0, 0.48, 1, 7.1, 16.8, -1.0,61484.0985, 61484.4996, 0.0000, 0.0000, 0
61485.0, 9.59, 28, 0.00, 0, 1.12, 3, 7.2, 16.8, -1.0,61485.0990, 61485.4987, 0.0000, 0.0000, 0
61486.0, 9.56, 28, 0.00, 0, 1.12, 3, 7.3, 16.9, -1.0,61486.0996, 61486.4977, 0.0000, 0.0000, 0
61487.0, 9.52, 28, 0.00, 0, 1.12, 3, 7.4, 16.9, -1.0,61487.1001, 61487.4968, 0.0000, 0.0000, 1
61488.0, 8.91, 26, 0.57, 1, 1.12, 3, 7.5, 17.0, 8.0,61488.1245, 61488.4958, 61488.1007, 61488.1245, 0
61489.0, 7.81, 23, 1.64, 4, 1.13, 3, 7.5, 17.0, 9.2,61489.1694, 61489.4949, 61489.1012, 61489.1694, 0
61490.0, 6.72, 20, 2.69, 8, 1.13, 3, 7.6, 17.0, 10.3,61490.2137, 61490.4939, 61490.1018, 61490.2137, 0
61491.0, 5.68, 17, 3.70, 11, 1.13, 3, 7.7, 17.1, 11.4,61491.2563, 61491.4929, 61491.1023, 61491.2563, 0
61492.0, 4.70, 14, 4.64, 13, 1.13, 3, 7.8, 17.1, 12.4,61492.2961, 61492.4919, 61492.1029, 61492.2961, 0
61493.0, 3.82, 11, 5.49, 16, 1.13, 3, 7.8, 17.2, 13.3,61493.3320, 61493.4910, 61493.1034, 61493.3320, 0
61494.0, 3.03, 9, 6.23, 18, 1.14, 3, 7.9, 17.2, 14.2,61494.3636, 61494.4900, 61494.1040, 61494.3636, 0
61495.0, 2.35, 7, 6.88, 20, 1.14, 3, 8.0, 17.3, 14.9,61495.3910, 61495.4890, 61495.1045, 61495.3910, 0
61496.0, 0.00, 0, 9.19, 27, 1.14, 3, 8.1, 17.3, -1.0,0.0000, 0.0000, 61496.1051, 61496.4880, 0
61497.0, 0.00, 0, 9.15, 27, 1.14, 3, 8.2, 17.3, -1.0,0.0000, 0.0000, 61497.1057, 61497.4871, 0
61498.0, 0.00, 0, 9.12, 27, 1.14, 3, 8.2, 17.4, -1.0,0.0000, 0.0000, 61498.1062, 61498.4861, 0
61499.0, 0.00, 0, 9.08, 27, 1.15, 3, 8.3, 17.4, -1.0,0.0000, 0.0000, 61499.1068, 61499.4851, 0
61500.0, 0.00, 0, 9.04, 27, 1.15, 3, 8.4, 17.5, -1.0,0.0000, 0.0000, 61500.1074, 61500.4841, 0
61501.0, 0.00, 0, 9.00, 27, 1.15, 3, 8.5, 17.5, -1.0,0.0000, 0.0000, 61501.1080, 61501.4832, 0
61502.0, 0.00, 0, 8.97, 26, 1.15, 3, 8.6, 17.6, -1.0,0.0000, 0.0000, 61502.1086, 61502.4822, 0
61503.0, 0.00, 0, 8.93, 26, 1.16, 3, 8.6, 17.6, -1.0,0.0000, 0.0000, 61503.1091, 61503.4812, 0
61504.0, 0.00, 0, 8.89, 26, 1.16, 3, 8.7, 17.6, -1.0,0.0000, 0.0000, 61504.1097, 61504.4802, 0
61505.0, 0.00, 0, 8.85, 26, 1.16, 3, 8.8, 17.7, -1.0,0.0000, 0.0000, 61505.1103, 61505.4793, 0
61506.0, 0.00, 0, 8.82, 26, 1.17, 3, 8.9, 17.7, -1.0,0.0000, 0.0000, 61506.1109, 61506.4783, 0
61507.0, 0.00, 0, 8.78, 26, 1.17, 3, 9.0, 17.8, -1.0,0.0000, 0.0000, 61507.1115, 61507.4773, 0
61508.0, 5.23, 15, 3.51, 10, 1.17, 3, 9.0, 17.8, 14.3,61508.1122, 61508.3302, 61508.3302, 61508.4764, 0
61509.0, 6.00, 17, 2.71, 8, 1.18, 3, 9.1, 17.8, 15.1,61509.1128, 61509.3626, 61509.3626, 61509.4754, 0
61510.0, 6.64, 19, 2.02, 6, 1.18, 3, 9.2, 17.9, 15.9,61510.1134, 61510.3901, 61510.3901, 61510.4744, 0
61511.0, 7.20, 21, 1.43, 4, 1.18, 3, 9.3, 17.9, 16.5,61511.1140, 61511.4140, 61511.4140, 61511.4735, 0
61512.0, 7.71, 23, 0.88, 2, 1.19, 3, 9.4, 18.0, 17.1,61512.1146, 61512.4357, 61512.4357, 61512.4726, 0
61513.0, 8.55, 25, 0.00, 0, 1.19, 3, 9.4, 18.0, -1.0,61513.1152, 61513.4716, 0.0000, 0.0000, 0
61514.0, 8.52, 25, 0.00, 0, 1.19, 3, 9.5, 18.1, -1.0,61514.1159, 61514.4707, 0.0000, 0.0000, 0
61515.0, 8.48, 25, 0.00, 0, 1.20, 3, 9.6, 18.1, -1.0,61515.1165, 61515.4697, 0.0000, 0.0000, 1
61516.0, 8.44, 25, 0.00, 0, 1.20, 3, 9.7, 18.2, -1.0,61516.1171, 61516.4688, 0.0000, 0.0000, 0
61517.0, 8.40, 25, 0.00, 0, 1.20, 3, 9.8, 18.2, -1.0,61517.1178, 61517.4679, 0.0000, 0.0000, 0
61518.0, 7.31, 21, 1.05, 3, 1.21, 3, 9.8, 18.2, 10.9,61518.1624, 61518.4670, 61518.1184, 61518.1624, 0
61519.0, 6.29, 18, 2.04, 6, 1.21, 3, 9.9, 18.3, 12.0,61519.2039, 61519.4661, 61519.1191, 61519.2039, 0
61520.0, 5.36, 16, 2.93, 8, 1.22, 3, 10.0, 18.3, 13.0,61520.2419, 61520.4652, 61520.1197, 61520.2419, 0
61521.0, 4.53, 13, 3.72, 11, 1.22, 3, 10.1, 18.4, 13.8,61521.2755, 61521.4643, 61521.1204, 61521.2755, 0
61522.0, 3.81, 11, 4.41, 13, 1.22, 3, 10.2, 18.4, 14.6,61522.3047, 61522.4634, 61522.1210, 61522.3047, 0
61523.0, 3.18, 9, 5.00, 14, 1.23, 3, 10.3, 18.5, 15.3,61523.3299, 61523.4626, 61523.1217, 61523.3299, 0
61524.0, 2.63, 7, 5.51, 16, 1.23, 3, 10.3, 18.5, 15.9,61524.3521, 61524.4617, 61524.1223, 61524.3521, 0
61525.0, 2.13, 6, 5.98, 17, 1.24, 3, 10.4, 18.6, 16.4,61525.3721, 61525.4609, 61525.1230, 61525.3721, 0
61526.0, 0.00, 0, 8.07, 24, 1.24, 3, 10.5, 18.6, -1.0,0.0000, 0.0000, 61526.1237, 61526.4600, 0
61527.0, 0.00, 0, 8.04, 24, 1.25, 3, 10.6, 18.6, -1.0,0.0000, 0.0000, 61527.1243, 61527.4592, 0
61528.0, 0.00, 0, 8.00, 24, 1.25, 3, 10.7, 18.7, -1.0,0.0000, 0.0000, 61528.1250, 61528.4584, 0
61529.0, 0.00, 0, 7.97, 23, 1.25, 3, 10.7, 18.7, -1.0,0.0000, 0.0000, 61529.1257, 61529.4576, 0
61530.0, 0.00, 0, 7.93, 23, 1.26, 3, 10.8, 18.8, -1.0,0.0000, 0.0000, 61530.1263, 61530.4568, 0
61531.0, 0.00, 0, 7.90, 23, 1.26, 3, 10.9, 18.8, -1.0,0.0000, 0.0000, 61531.1270, 61531.4560, 0
61532.0, 0.00, 0, 7.86, 23, 1.27, 3, 11.0, 18.9, -1.0,0.0000, 0.0000, 61532.1277, 61532.4552, 0
61533.0, 0.00, 0, 7.83, 23, 1.27, 3, 11.1, 18.9, -1.0,0.0000, 0.0000, 61533.1284, 61533.4545, 0
61534.0, 0.00, 0, 7.79, 23, 1.28, 3, 11.2, 19.0, -1.0,0.0000, 0.0000, 61534.1290, 61534.4537, 0
61535.0, 0.00, 0, 7.76, 23, 1.28, 3, 11.2, 19.0, -1.0,0.0000, 0.0000, 61535.1297, 61535.4530, 0
61536.0, 0.00, 0, 7.73, 23, 1.29, 3, 11.3, 19.1, -1.0,0.0000, 0.0000, 61536.1304, 61536.4523, 0
61537.0, 4.22, 12, 3.47, 10, 1.29, 3, 11.4, 19.1, 15.6,61537.1310, 61537.3071, 61537.3071, 61537.4516, 0
61538.0, 4.81, 14, 2.86, 8, 1.29, 3, 11.5, 19.2, 16.3,61538.1317, 61538.3320, 61538.3320, 61538.4509, 0
61539.0, 5.32, 15, 2.31, 6, 1.30, 3, 11.6, 19.2, 16.9,61539.1324, 61539.3541, 61539.3541, 61539.4503, 0
61540.0, 5.80, 17, 1.80, 5, 1.30, 3, 11.6, 19.3, 17.5,61540.1330, 61540.3746, 61540.3746, 61540.4496, 0
61541.0, 6.27, 18, 1.30, 3, 1.31, 3, 11.7, 19.3, 18.0,61541.1337, 61541.3948, 61541.3948, 61541.4490, 0
61542.0, 6.75, 20, 0.79, 2, 1.31, 3, 11.8, 19.4, 18.6,61542.1343, 61542.4156, 61542.4156, 61542.4484, 0
61543.0, 7.51, 22, 0.00, 0, 1.32, 3, 11.9, 19.4, -1.0,61543.1350, 61543.4478, 0.0000, 0.0000, 0
61544.0, 7.48, 22, 0.00, 0, 1.32, 3, 12.0, 19.5, -1.0,61544.1356, 61544.4472, 0.0000, 0.0000, 0
61545.0, 7.45, 22, 0.00, 0, 1.33, 3, 12.1, 19.5, -1.0,61545.1363, 61545.4466, 0.0000, 0.0000, 1
61546.0, 7.42, 22, 0.00, 0, 1.33, 3, 12.1, 19.6, -1.0,61546.1369, 61546.4461, 0.0000, 0.0000, 0
61547.0, 7.39, 22, 0.00, 0, 1.33, 4, 12.2, 19.6, -1.0,61547.1375, 61547.4455, 0.0000, 0.0000, 0
61548.0, 6.19, 18, 1.18, 3, 1.34, 4, 12.3, 19.7, 13.5,61548.1873, 61548.4450, 61548.1381, 61548.1873, 0
61549.0, 5.43, 16, 1.91, 5, 1.34, 4, 12.4, 19.7, 14.3,61549.2182, 61549.4445, 61549.1388, 61549.2182, 0
61550.0, 4.78, 14, 2.53, 7, 1.35, 4, 12.5, 19.8, 15.0,61550.2449, 61550.4441, 61550.1394, 61550.2449, 0
61551.0, 4.21, 12, 3.08, 9, 1.35, 4, 12.5, 19.8, 15.6,61551.2681, 61551.4436, 61551.1399, 61551.2681, 0
61552.0, 3.71, 11, 3.56, 10, 1.36, 4, 12.6, 19.9, 16.2,61552.2887, 61552.4432, 61552.1405, 61552.2887, 0
61553.0, 3.24, 9, 4.00, 11, 1.36, 4, 12.7, 20.0, 16.7,61553.3076, 61553.4428, 61553.1411, 61553.3076, 0
61554.0, 2.80, 8, 4.42, 13, 1.36, 4, 12.8, 20.0, 17.2,61554.3257, 61554.4424, 61554.1417, 61554.3257, 0
61555.0, 0.00, 0, 7.20, 21, 1.37, 4, 12.9, 20.1, -1.0,0.0000, 0.0000, 61555.1422, 61555.4421, 0
61556.0, 0.00, 0, 7.17, 21, 1.37, 4, 12.9, 20.1, -1.0,0.0000, 0.0000, 61556.1428, 61556.4417, 0
61557.0, 0.00, 0, 7.15, 21, 1.37, 4, 13.0, 20.2, -1.0,0.0000, 0.0000, 61557.1433, 61557.4414, 0
61558.0, 0.00, 0, 7.13, 21, 1.38, 4, 13.1, 20.2, -1.0,0.0000, 0.0000, 61558.1438, 61558.4411, 0
61559.0, 0.00, 0, 7.12, 21, 1.38, 4, 13.2, 20.3, -1.0,0.0000, 0.0000, 61559.1443, 61559.4408, 0
61560.0, 0.00, 0, 7.10, 21, 1.38, 4, 13.2, 20.4, -1.0,0.0000, 0.0000, 61560.1448, 61560.4406, 0
61561.0, 0.00, 0, 7.08, 21, 1.39, 4, 13.3, 20.4, -1.0,0.0000, 0.0000, 61561.1453, 61561.4403, 0
61562.0, 0.00, 0, 7.07, 21, 1.39, 4, 13.4, 20.5, -1.0,0.0000, 0.0000, 61562.1458, 61562.4401, 0
61563.0, 0.00, 0, 7.05, 21, 1.39, 4, 13.5, 20.5, -1.0,0.0000, 0.0000, 61563.1462, 61563.4400, 0
61564.0, 0.00, 0, 7.04, 21, 1.39, 4, 13.6, 20.6, -1.0,0.0000, 0.0000, 61564.1466, 61564.4398, 0
61565.0, 0.00, 0, 7.02, 21, 1.40, 4, 13.6, 20.7, -1.0,0.0000, 0.0000, 61565.1470, 61565.4397, 0
61566.0, 2.99, 8, 4.02, 12, 1.40, 4, 13.7, 20.7, 16.7,61566.1474, 61566.2720, 61566.2720, 61566.4396, 0
61567.0, 3.49, 10, 3.51, 10, 1.40, 4, 13.8, 20.8, 17.3,61567.1478, 61567.2933, 61567.2933, 61567.4395, 0
61568.0, 3.97, 11, 3.02, 9, 1.40, 4, 13.9, 20.9, 17.8,61568.1482, 61568.3136, 61568.3136, 61568.4394, 0
61569.0, 4.45, 13, 2.53, 7, 1.40, 4, 13.9, 20.9, 18.4,61569.1485, 61569.3341, 61569.3341, 61569.4393, 0
61570.0, 4.97, 14, 2.01, 6, 1.40, 4, 14.0, 21.0, 19.0,61570.1488, 61570.3558, 61570.3558, 61570.4393, 0
61571.0, 5.53, 16, 1.43, 4, 1.41, 4, 14.1, 21.1, 19.6,61571.1491, 61571.3796, 61571.3796, 61571.4393, 0
61572.0, 6.17, 18, 0.79, 2, 1.41, 4, 14.1, 21.1, 20.3,61572.1494, 61572.4065, 61572.4065, 61572.4394, 0
61573.0, 6.95, 20, 0.00, 0, 1.41, 4, 14.2, 21.2, -1.0,61573.1497, 61573.4394, 0.0000, 0.0000, 0
61574.0, 6.95, 20, 0.00, 0, 1.41, 4, 14.3, 21.3, -1.0,61574.1499, 61574.4395, 0.0000, 0.0000, 1
61575.0, 6.95, 20, 0.00, 0, 1.41, 4, 14.4, 21.3, -1.0,61575.1501, 61575.4396, 0.0000, 0.0000, 0
61576.0, 6.94, 20, 0.00, 0, 1.41, 4, 14.4, 21.4, -1.0,61576.1503, 61576.4397, 0.0000, 0.0000, 0
61577.0, 6.94, 20, 0.00, 0, 1.41, 4, 14.5, 21.5, -1.0,61577.1505, 61577.4398, 0.0000, 0.0000, 0
61578.0, 6.12, 18, 0.82, 2, 1.41, 4, 14.6, 21.5, 15.4,61578.1849, 61578.4400, 61578.1506, 61578.1849, 0
61579.0, 5.61, 16, 1.33, 3, 1.41, 4, 14.6, 21.6, 16.0,61579.2062, 61579.4401, 61579.1508, 61579.2062, 0
61580.0, 5.16, 15, 1.79, 5, 1.41, 4, 14.7, 21.7, 16.5,61580.2255, 61580.4403, 61580.1509, 61580.2255, 0
61581.0, 4.73, 14, 2.22, 6, 1.41, 4, 14.8, 21.7, 17.0,61581.2436, 61581.4406, 61581.1509, 61581.2436, 0
61582.0, 4.31, 12, 2.65, 7, 1.41, 4, 14.8, 21.8, 17.5,61582.2613, 61582.4408, 61582.1510, 61582.2613, 0
61583.0, 3.88, 11, 3.08, 9, 1.41, 4, 14.9, 21.9, 18.0,61583.2795, 61583.4411, 61583.1510, 61583.2795, 0
61584.0, 3.41, 10, 3.56, 10, 1.41, 4, 15.0, 22.0, 18.5,61584.2993, 61584.4414, 61584.1510, 61584.2993, 0
61585.0, 0.00, 0, 6.98, 20, 1.40, 4, 15.0, 22.0, -1.0,0.0000, 0.0000, 61585.1510, 61585.4417, 0
61586.0, 0.00, 0, 6.98, 20, 1.40, 4, 15.1, 22.1, -1.0,0.0000, 0.0000, 61586.1510, 61586.4420, 0
61587.0, 0.00, 0, 6.99, 20, 1.40, 4, 15.2, 22.2, -1.0,0.0000, 0.0000, 61587.1509, 61587.4423, 0
61588.0, 0.00, 0, 7.00, 21, 1.40, 4, 15.2, 22.3, -1.0,0.0000, 0.0000, 61588.1509, 61588.4427, 0
61589.0, 0.00, 0, 7.02, 21, 1.40, 4, 15.3, 22.3, -1.0,0.0000, 0.0000, 61589.1507, 61589.4431, 0
61590.0, 0.00, 0, 7.03, 21, 1.39, 4, 15.4, 22.4, -1.0,0.0000, 0.0000, 61590.1506, 61590.4434, 0
61591.0, 0.00, 0, 7.04, 21, 1.39, 4, 15.4, 22.5, -1.0,0.0000, 0.0000, 61591.1505, 61591.4439, 0
61592.0, 0.00, 0, 7.06, 21, 1.39, 4, 15.5, 22.6, -1.0,0.0000, 0.0000, 61592.1503, 61592.4443, 1
61593.0, 0.00, 0, 7.07, 21, 1.39, 4, 15.5, 22.6, -1.0,0.0000, 0.0000, 61593.1501, 61593.4447, 1
61594.0, 0.00, 0, 7.09, 21, 1.38, 4, 15.6, 22.7, -1.0,0.0000, 0.0000, 61594.1499, 61594.4452, 1
61595.0, 0.00, 0, 7.10, 21, 1.38, 4, 15.7, 22.8, -1.0,0.0000, 0.0000, 61595.1496, 61595.4456, 1
61596.0, 2.47, 7, 4.65, 13, 1.38, 4, 15.7, 22.9, 18.2,61596.1493, 61596.2523, 61596.2523, 61596.4461, 1
61597.0, 2.99, 8, 4.15, 12, 1.38, 4, 15.8, 22.9, 18.8,61597.1490, 61597.2738, 61597.2738, 61597.4466, 1
61598.0, 3.56, 10, 3.60, 10, 1.37, 4, 15.8, 23.0, 19.4,61598.1487, 61598.2971, 61598.2971, 61598.4471, 1
61599.0, 4.19, 12, 2.99, 8, 1.37, 4, 15.9, 23.1, 20.1,61599.1484, 61599.3230, 61599.3230, 61599.4476, 1
61600.0, 4.90, 14, 2.30, 6, 1.36, 4, 16.0, 23.2, 20.9,61600.1480, 61600.3523, 61600.3523, 61600.4482, 1
61601.0, 5.70, 17, 1.52, 4, 1.36, 4, 16.0, 23.3, 21.7,61601.1476, 61601.3853, 61601.3853, 61601.4487, 1
61602.0, 6.59, 19, 0.66, 1, 1.36, 4, 16.1, 23.3, 22.7,61602.1472, 61602.4216, 61602.4216, 61602.4492, 1
61603.0, 7.27, 21, 0.00, 0, 1.35, 4, 16.1, 23.4, -1.0,61603.1468, 61603.4498, 0.0000, 0.0000, 1
61604.0, 7.30, 21, 0.00, 0, 1.35, 4, 16.2, 23.5, -1.0,61604.1464, 61604.4504, 0.0000, 0.0000, 1
61605.0, 7.32, 21, 0.00, 0, 1.35, 4, 16.2, 23.6, -1.0,61605.1459, 61605.4509, 0.0000, 0.0000, 1
61606.0, 7.35, 22, 0.00, 0, 1.34, 4, 16.3, 23.6, -1.0,61606.1454, 61606.4515, 0.0000, 0.0000, 1
61607.0, 7.37, 22, 0.00, 0, 1.34, 4, 16.3, 23.7, -1.0,61607.1449, 61607.4521, 0.0000, 0.0000, 1
61608.0, 6.96, 20, 0.44, 1, 1.33, 4, 16.4, 23.8, 16.8,61608.1627, 61608.4527, 61608.1444, 61608.1627, 1
61609.0, 6.55, 19, 0.88, 2, 1.33, 3, 16.4, 23.9, 17.3,61609.1803, 61609.4533, 61609.1438, 61609.1803, 1
61610.0, 6.14, 18, 1.32, 3, 1.32, 3, 16.5, 24.0, 17.8,61610.1981, 61610.4539, 61610.1432, 61610.1981, 1
61611.0, 5.71, 17, 1.78, 5, 1.32, 3, 16.5, 0.0, 18.3,61611.2168, 61611.4545, 61611.1427, 61611.2168, 1
61612.0, 5.22, 15, 2.29, 6, 1.32, 3, 16.6, 0.1, 18.9,61612.2375, 61612.4551, 61612.1421, 61612.2375, 1
61613.0, 4.66, 13, 2.88, 8, 1.31, 3, 16.6, 0.2, 19.5,61613.2615, 61613.4558, 61613.1414, 61613.2615, 1
61614.0, 0.00, 0, 7.57, 22, 1.31, 3, 16.7, 0.3, -1.0,0.0000, 0.0000, 61614.1408, 61614.4564, 1
61615.0, 0.00, 0, 7.60, 22, 1.30, 3, 16.7, 0.4, -1.0,0.0000, 0.0000, 61615.1401, 61615.4570, 1
61616.0, 0.00, 0, 7.64, 22, 1.30, 3, 16.8, 0.5, -1.0,0.0000, 0.0000, 61616.1395, 61616.4576, 1
61617.0, 0.00, 0, 7.67, 23, 1.29, 3, 16.8, 0.5, -1.0,0.0000, 0.0000, 61617.1388, 61617.4583, 1
61618.0, 0.00, 0, 7.70, 23, 1.29, 3, 16.9, 0.6, -1.0,0.0000, 0.0000, 61618.1381, 61618.4589, 1
61619.0, 0.00, 0, 7.73, 23, 1.29, 3, 16.9, 0.7, -1.0,0.0000, 0.0000, 61619.1374, 61619.4595, 1
61620.0, 0.00, 0, 7.77, 23, 1.28, 3, 17.0, 0.8, -1.0,0.0000, 0.0000, 61620.1366, 61620.4602, 1
61621.0, 0.00, 0, 7.80, 23, 1.28, 3, 17.0, 0.9, -1.0,0.0000, 0.0000, 61621.1359, 61621.4608, 1
61622.0, 0.00, 0, 7.83, 23, 1.27, 3, 17.1, 0.9, -1.0,0.0000, 0.0000, 61622.1351, 61622.4615, 1
61623.0, 0.00, 0, 7.87, 23, 1.27, 3, 17.1, 1.0, -1.0,0.0000, 0.0000, 61623.1343, 61623.4621, 1
61624.0, 0.00, 0, 7.90, 23, 1.26, 3, 17.2, 1.1, -1.0,0.0000, 0.0000, 61624.1335, 61624.4627, 1
61625.0, 1.94, 5, 5.99, 17, 1.26, 3, 17.2, 1.2, 19.2,61625.1327, 61625.2136, 61625.2136, 61625.4634, 1
61626.0, 2.57, 7, 5.40, 16, 1.25, 3, 17.3, 1.3, 19.9,61626.1319, 61626.2391, 61626.2391, 61626.4640, 1
61627.0, 3.28, 9, 4.73, 14, 1.25, 3, 17.3, 1.3, 20.6,61627.1311, 61627.2676, 61627.2676, 61627.4646, 1
61628.0, 4.06, 12, 3.98, 11, 1.25, 3, 17.4, 1.4, 21.4,61628.1303, 61628.2996, 61628.2996, 61628.4652, 1
61629.0, 4.93, 14, 3.14, 9, 1.24, 3, 17.4, 1.5, 22.4,61629.1294, 61629.3350, 61629.3350, 61629.4659, 1
61630.0, 5.87, 17, 2.24, 6, 1.24, 3, 17.5, 1.6, 23.3,61630.1285, 61630.3731, 61630.3731, 61630.4665, 1
61631.0, 6.84, 20, 1.31, 3, 1.23, 3, 17.5, 1.7, 0.4,61631.1277, 61631.4126, 61631.4126, 61631.4671, 1
61632.0, 8.18, 24, 0.00, 0, 1.23, 3, 17.5, 1.7, -1.0,61632.1268, 61632.4677, 0.0000, 0.0000, 1
61633.0, 8.22, 24, 0.00, 0, 1.22, 3, 17.6, 1.8, -1.0,61633.1259, 61633.4684, 0.0000, 0.0000, 1
61634.0, 8.26, 24, 0.00, 0, 1.22, 3, 17.6, 1.9, -1.0,61634.1250, 61634.4690, 0.0000, 0.0000, 1
61635.0, 8.29, 24, 0.00, 0, 1.22, 3, 17.7, 2.0, -1.0,61635.1241, 61635.4696, 0.0000, 0.0000, 0
61636.0, 8.33, 24, 0.00, 0, 1.21, 3, 17.7, 2.1, -1.0,61636.1232, 61636.4702, 0.0000, 0.0000, 0
61637.0, 8.36, 25, 0.00, 0, 1.21, 3, 17.8, 2.1, -1.0,61637.1222, 61637.4708, 0.0000, 0.0000, 0
61638.0, 8.40, 25, 0.00, 0, 1.20, 3, 17.8, 2.2, -1.0,61638.1213, 61638.4714, 0.0000, 0.0000, 0
61639.0, 7.58, 22, 0.86, 2, 1.20, 3, 17.8, 2.3, 18.7,61639.1560, 61639.4720, 61639.1204, 61639.1560, 0
61640.0, 7.06, 21, 1.42, 4, 1.20, 3, 17.9, 2.4, 19.3,61640.1784, 61640.4726, 61640.1194, 61640.1784, 0
61641.0, 6.44, 19, 2.07, 6, 1.19, 3, 17.9, 2.5, 20.0,61641.2047, 61641.4732, 61641.1185, 61641.2047, 0
61642.0, 5.70, 17, 2.85, 8, 1.19, 3, 18.0, 2.5, 20.8,61642.2361, 61642.4737, 61642.1175, 61642.2361, 0
61643.0, 4.81, 14, 3.77, 11, 1.19, 3, 18.0, 2.6, 21.8,61643.2738, 61643.4743, 61643.1165, 61643.2738, 0
61644.0, 0.00, 0, 8.62, 25, 1.18, 3, 18.1, 2.7, -1.0,0.0000, 0.0000, 61644.1156, 61644.4749, 0
61645.0, 0.00, 0, 8.66, 25, 1.18, 3, 18.1, 2.8, -1.0,0.0000, 0.0000, 61645.1146, 61645.4755, 0
61646.0, 0.00, 0, 8.70, 26, 1.18, 3, 18.1, 2.9, -1.0,0.0000, 0.0000, 61646.1136, 61646.4760, 0
61647.0, 0.00, 0, 8.73, 26, 1.17, 3, 18.2, 2.9, -1.0,0.0000, 0.0000, 61647.1126, 61647.4766, 0
61648.0, 0.00, 0, 8.77, 26, 1.17, 3, 18.2, 3.0, -1.0,0.0000, 0.0000, 61648.1117, 61648.4772, 0
61649.0, 0.00, 0, 8.81, 26, 1.17, 3, 18.3, 3.1, -1.0,0.0000, 0.0000, 61649.1107, 61649.4777, 0
61650.0, 0.00, 0, 8.85, 26, 1.16, 3, 18.3, 3.2, -1.0,0.0000, 0.0000, 61650.1097, 61650.4783, 0
61651.0, 0.00, 0, 8.88, 26, 1.16, 3, 18.4, 3.3, -1.0,0.0000, 0.0000, 61651.1087, 61651.4788, 0
61652.0, 0.00, 0, 8.92, 26, 1.16, 3, 18.4, 3.3, -1.0,0.0000, 0.0000, 61652.1077, 61652.4794, 0
61653.0, 0.00, 0, 8.96, 26, 1.16, 3, 18.4, 3.4, -1.0,0.0000, 0.0000, 61653.1067, 61653.4799, 0
61654.0, 0.00, 0, 8.99, 26, 1.15, 3, 18.5, 3.5, -1.0,0.0000, 0.0000, 61654.1057, 61654.4804, 0
61655.0, 2.60, 7, 6.44, 19, 1.15, 3, 18.5, 3.6, 21.1,61655.1047, 61655.2128, 61655.2128, 61655.4810, 0
61656.0, 3.45, 10, 5.62, 16, 1.15, 3, 18.6, 3.7, 22.0,61656.1037, 61656.2475, 61656.2475, 61656.4815, 0
61657.0, 4.38, 13, 4.73, 14, 1.15, 3, 18.6, 3.7, 23.0,61657.1027, 61657.2851, 61657.2851, 61657.4820, 0
61658.0, 5.34, 16, 3.80, 11, 1.14, 3, 18.6, 3.8, 0.0,61658.1017, 61658.3243, 61658.3243, 61658.4826, 0
61659.0, 6.33, 18, 2.85, 8, 1.14, 3, 18.7, 3.9, 1.0,61659.1007, 61659.3643, 61659.3643, 61659.4831, 0
61660.0, 7.31, 21, 1.91, 5, 1.14, 3, 18.7, 4.0, 2.1,61660.0997, 61660.4041, 61660.4041, 61660.4836, 0
61661.0, 8.27, 24, 0.98, 2, 1.14, 3, 18.8, 4.0, 3.1,61661.0986, 61661.4433, 61661.4433, 61661.4841, 0
61662.0, 9.29, 27, 0.00, 0, 1.13, 3, 18.8, 4.1, -1.0,61662.0976, 61662.4846, 0.0000, 0.0000, 0
61663.0, 9.32, 27, 0.00, 0, 1.13, 3, 18.9, 4.2, -1.0,61663.0966, 61663.4851, 0.0000, 0.0000, 1
61664.0, 9.36, 28, 0.00, 0, 1.13, 3, 18.9, 4.3, -1.0,61664.0956, 61664.4856, 0.0000, 0.0000, 0
61665.0, 9.40, 28, 0.00, 0, 1.13, 3, 18.9, 4.4, -1.0,61665.0946, 61665.4861, 0.0000, 0.0000, 0
61666.0, 9.43, 28, 0.00, 0, 1.13, 3, 19.0, 4.4, -1.0,61666.0936, 61666.4866, 0.0000, 0.0000, 0
61667.0, 9.47, 28, 0.00, 0, 1.13, 3, 19.0, 4.5, -1.0,61667.0927, 61667.4871, 0.0000, 0.0000, 0
61668.0, 8.77, 26, 0.73, 2, 1.12, 3, 19.1, 4.6, 19.8,61668.1221, 61668.4876, 61668.0917, 61668.1221, 0
61669.0, 8.07, 24, 1.46, 4, 1.12, 3, 19.1, 4.7, 20.6,61669.1516, 61669.4881, 61669.0907, 61669.1516, 0
61670.0, 7.24, 21, 2.33, 6, 0.48, 1, 19.1, 4.7, 21.5,61670.1867, 61670.4886, 61670.0897, 61670.1867, 0
61671.0, 6.28, 18, 3.33, 9, 0.48, 1, 19.2, 4.8, 22.5,61671.2276, 61671.4891, 61671.0887, 61671.2276, 0
61672.0, 5.19, 15, 4.46, 13, 0.48, 1, 19.2, 4.9, 23.7,61672.2734, 61672.4896, 61672.0877, 61672.2734, 0
61673.0, 0.00, 0, 9.68, 29, 0.48, 1, 19.3, 5.0, -1.0,0.0000, 0.0000, 61673.0868, 61673.4900, 0
61674.0, 0.00, 0, 9.71, 29, 0.48, 1, 19.3, 5.1, -1.0,0.0000, 0.0000, 61674.0858, 61674.4905, 0
61675.0, 0.00, 0, 9.75, 29, 0.48, 1, 19.4, 5.1, -1.0,0.0000, 0.0000, 61675.0849, 61675.4910, 0
61676.0, 0.00, 0, 9.78, 29, 0.48, 1, 19.4, 5.2, -1.0,0.0000, 0.0000, 61676.0839, 61676.4915, 0
61677.0, 0.00, 0, 9.82, 29, 0.48, 1, 19.4, 5.3, -1.0,0.0000, 0.0000, 61677.0830, 61677.4920, 0
61678.0, 0.00, 0, 9.85, 29, 0.48, 1, 19.5, 5.4, -1.0,0.0000, 0.0000, 61678.0820, 61678.4925, 0
61679.0, 0.00, 0, 9.88, 29, 0.48, 1, 19.5, 5.4, -1.0,0.0000, 0.0000, 61679.0811, 61679.4929, 0
61680.0, 0.00, 0, 9.92, 29, 0.48, 1, 19.6, 5.5, -1.0,0.0000, 0.0000, 61680.0802, 61680.4934, 0
61681.0, 0.00, 0, 9.95, 29, 0.48, 1, 19.6, 5.6, -1.0,0.0000, 0.0000, 61681.0792, 61681.4939, 0
61682.0, 0.00, 0, 9.99, 29, 0.48, 1, 19.7, 5.7, -1.0,0.0000, 0.0000, 61682.0783, 61682.4944, 0
61683.0, 0.00, 0, 10.02, 30, 0.48, 1, 19.7, 5.8, -1.0,0.0000, 0.0000, 61683.0774, 61683.4949, 0
61684.0, 2.85, 8, 7.20, 21, 0.48, 1, 19.7, 5.8, 22.6,61684.0765, 61684.1954, 61684.1954, 61684.4953, 0
61685.0, 3.81, 11, 6.27, 18, 0.48, 1, 19.8, 5.9, 23.6,61685.0756, 61685.2346, 61685.2346, 61685.4958, 0
61686.0, 4.80, 14, 5.32, 15, 0.48, 1, 19.8, 6.0, 0.6,61686.0748, 61686.2746, 61686.2746, 61686.4963, 0
61687.0, 5.77, 17, 4.38, 13, 0.48, 1, 19.9, 6.1, 1.7,61687.0739, 61687.3145, 61687.3145, 61687.4968, 0
61688.0, 6.74, 20, 3.44, 10, 0.48, 1, 19.9, 6.1, 2.7,61688.0730, 61688.3538, 61688.3538, 61688.4973, 0
61689.0, 7.69, 23, 2.52, 7, 0.48, 1, 20.0, 6.2, 3.7,61689.0722, 61689.3927, 61689.3927, 61689.4977, 0
61690.0, 8.64, 25, 1.60, 4, 0.48, 1, 20.0, 6.3, 4.7,61690.0713, 61690.4314, 61690.4314, 61690.4982, 0
61691.0, 9.60, 28, 0.68, 2, 0.48, 1, 20.1, 6.4, 5.7,61691.0705, 61691.4704, 61691.4704, 61691.4987, 0
61692.0, 10.31, 30, 0.00, 0, 0.48, 1, 20.1, 6.4, -1.0,61692.0697, 61692.4992, 0.0000, 0.0000, 0
61693.0, 10.34, 31, 0.00, 0, 0.48, 1, 20.2, 6.5, -1.0,61693.0689, 61693.4997, 0.0000, 0.0000, 1
61694.0, 10.37, 31, 0.00, 0, 0.48, 1, 20.2, 6.6, -1.0,61694.0681, 61694.5002, 0.0000, 0.0000, 0
61695.0, 10.40, 31, 0.00, 0, 0.48, 1, 20.2, 6.7, -1.0,61695.0673, 61695.5006, 0.0000, 0.0000, 0
61696.0, 10.43, 31, 0.00, 0, 0.48, 1, 20.3, 6.8, -1.0,61696.0665, 61696.5011, 0.0000, 0.0000, 0
61697.0, 9.60, 28, 0.86, 2, 0.48, 1, 20.3, 6.8, 21.2,61697.1015, 61697.5016, 61697.0658, 61697.1015, 0
61698.0, 8.67, 26, 1.82, 5, 0.48, 1, 20.4, 6.9, 22.2,61698.1409, 61698.5021, 61698.0650, 61698.1409, 0
61699.0, 7.62, 22, 2.90, 8, 0.48, 1, 20.4, 7.0, 23.3,61699.1851, 61699.5026, 61699.0643, 61699.1851, 0
61700.0, 6.50, 19, 4.05, 12, 0.48, 1, 20.5, 7.1, 0.6,61700.2324, 61700.5031, 61700.0635, 61700.2324, 0
61701.0, 5.35, 16, 5.23, 15, 0.48, 1, 20.5, 7.1, 1.8,61701.2808, 61701.5036, 61701.0628, 61701.2808, 0
61702.0, 0.00, 0, 10.61, 31, 0.48, 1, 20.6, 7.2, -1.0,0.0000, 0.0000, 61702.0621, 61702.5041, 0
61703.0, 0.00, 0, 10.64, 31, 0.48, 1, 20.6, 7.3, -1.0,0.0000, 0.0000, 61703.0615, 61703.5046, 0
61704.0, 0.00, 0, 10.66, 31, 0.48, 1, 20.7, 7.4, -1.0,0.0000, 0.0000, 61704.0608, 61704.5052, 0
61705.0, 0.00, 0, 10.69, 32, 0.48, 1, 20.7, 7.5, -1.0,0.0000, 0.0000, 61705.0601, 61705.5057, 0
61706.0, 0.00, 0, 10.72, 32, 0.48, 1, 20.8, 7.5, -1.0,0.0000, 0.0000, 61706.0595, 61706.5062, 0
61707.0, 0.00, 0, 10.75, 32, 0.48, 1, 20.8, 7.6, -1.0,0.0000, 0.0000, 61707.0589, 61707.5067, 0
61708.0, 0.00, 0, 10.77, 32, 0.48, 1, 20.9, 7.7, -1.0,0.0000, 0.0000, 61708.0583, 61708.5072, 0
61709.0, 0.00, 0, 10.80, 32, 0.48, 1, 20.9, 7.8, -1.0,0.0000, 0.0000, 61709.0577, 61709.5077, 0
61710.0, 0.00, 0, 10.83, 32, 0.48, 1, 21.0, 7.8, -1.0,0.0000, 0.0000, 61710.0571, 61710.5083, 0
61711.0, 0.00, 0, 10.85, 32, 0.48, 1, 21.0, 7.9, -1.0,0.0000, 0.0000, 61711.0565, 61711.5088, 0
61712.0, 0.00, 0, 10.88, 32, 0.48, 1, 21.1, 8.0, -1.0,0.0000, 0.0000, 61712.0560, 61712.5093, 0
61713.0, 0.00, 0, 10.91, 32, 0.48, 1, 21.1, 8.1, -1.0,0.0000, 0.0000, 61713.0555, 61713.5099, 0
61714.0, 4.05, 12, 6.88, 20, 0.48, 1, 21.2, 8.2, 1.3,61714.0549, 61714.2237, 61714.2237, 61714.5104, 0
61715.0, 5.01, 15, 5.94, 17, 0.48, 1, 21.3, 8.2, 2.3,61715.0544, 61715.2633, 61715.2633, 61715.5109, 0
61716.0, 5.96, 17, 5.02, 15, 0.48, 1, 21.3, 8.3, 3.3,61716.0540, 61716.3021, 61716.3021, 61716.5115, 0
61717.0, 6.89, 20, 4.12, 12, 0.48, 1, 21.4, 8.4, 4.3,61717.0535, 61717.3405, 61717.3405, 61717.5120, 0
61718.0, 7.82, 23, 3.21, 9, 0.49, 1, 21.4, 8.5, 5.3,61718.0531, 61718.3790, 61718.3790, 61718.5125, 0
61719.0, 8.77, 26, 2.28, 6, 0.49, 1, 21.5, 8.6, 6.3,61719.0526, 61719.4182, 61719.4182, 61719.5131, 0
61720.0, 9.76, 29, 1.31, 3, 0.49, 1, 21.5, 8.6, 7.3,61720.0522, 61720.4590, 61720.4590, 61720.5136, 0
61721.0, 11.10, 33, 0.00, 0, 0.49, 1, 21.6, 8.7, -1.0,61721.0518, 61721.5142, 0.0000, 0.0000, 0
61722.0, 11.12, 33, 0.00, 0, 0.49, 1, 21.6, 8.8, -1.0,61722.0515, 61722.5147, 0.0000, 0.0000, 1
61723.0, 11.14, 33, 0.00, 0, 0.49, 1, 21.7, 8.9, -1.0,61723.0511, 61723.5153, 0.0000, 0.0000, 0
61724.0, 11.16, 33, 0.00, 0, 0.49, 1, 21.8, 8.9, -1.0,61724.0508, 61724.5158, 0.0000, 0.0000, 0
61725.0, 11.18, 33, 0.00, 0, 0.49, 1, 21.8, 9.0, -1.0,61725.0505, 61725.5163, 0.0000, 0.0000, 0
61726.0, 10.10, 30, 1.10, 3, 0.49, 1, 21.9, 9.1, 23.0,61726.0959, 61726.5169, 61726.0502, 61726.0959, 0
61727.0, 8.98, 26, 2.25, 6, 0.49, 1, 21.9, 9.2, 0.2,61727.1434, 61727.5174, 61727.0499, 61727.1434, 0
61728.0, 7.82, 23, 3.42, 10, 0.49, 1, 22.0, 9.3, 1.4,61728.1922, 61728.5180, 61728.0496, 61728.1922, 0
61729.0, 6.68, 20, 4.58, 13, 0.49, 1, 22.1, 9.3, 2.6,61729.2403, 61729.5185, 61729.0494, 61729.2403, 0
61730.0, 5.57, 16, 5.71, 17, 0.49, 1, 22.1, 9.4, 3.8,61730.2871, 61730.5191, 61730.0492, 61730.2871, 0
61731.0, 0.00, 0, 11.30, 33, 0.49, 1, 22.2, 9.5, -1.0,0.0000, 0.0000, 61731.0490, 61731.5196, 0
61732.0, 0.00, 0, 11.31, 33, 0.49, 1, 22.2, 9.6, -1.0,0.0000, 0.0000, 61732.0488, 61732.5202, 0
61733.0, 0.00, 0, 11.33, 33, 0.49, 1, 22.3, 9.7, -1.0,0.0000, 0.0000, 61733.0486, 61733.5207, 0
61734.0, 0.00, 0, 11.35, 34, 0.50, 1, 22.4, 9.7, -1.0,0.0000, 0.0000, 61734.0485, 61734.5213, 0
61735.0, 0.00, 0, 11.36, 34, 0.50, 1, 22.4, 9.8, -1.0,0.0000, 0.0000, 61735.0484, 61735.5218, 0
61736.0, 0.00, 0, 11.38, 34, 0.50, 1, 22.5, 9.9, -1.0,0.0000, 0.0000, 61736.0483, 61736.5224, 0
61737.0, 0.00, 0, 11.39, 34, 0.50, 1, 22.5, 10.0, -1.0,0.0000, 0.0000, 61737.0482, 61737.5229, 0
61738.0, 0.00, 0, 11.41, 34, 0.50, 1, 22.6, 10.1, -1.0,0.0000, 0.0000, 61738.0481, 61738.5234, 0
61739.0, 0.00, 0, 11.42, 34, 0.50, 1, 22.7, 10.1, -1.0,0.0000, 0.0000, 61739.0481, 61739.5240, 0
61740.0, 0.00, 0, 11.43, 34, 0.50, 1, 22.7, 10.2, -1.0,0.0000, 0.0000, 61740.0480, 61740.5245, 0
61741.0, 0.00, 0, 11.45, 34, 0.50, 1, 22.8, 10.3, -1.0,0.0000, 0.0000, 61741.0480, 61741.5250, 0
61742.0, 0.00, 0, 11.46, 34, 0.50, 1, 22.9, 10.4, -1.0,0.0000, 0.0000, 61742.0481, 61742.5255, 0
61743.0, 0.00, 0, 11.47, 34, 0.50, 1, 22.9, 10.4, -1.0,0.0000, 0.0000, 61743.0481, 61743.5261, 0
61744.0, 4.84, 14, 6.64, 19, 0.50, 1, 23.0, 10.5, 3.9,61744.0481, 61744.2499, 61744.2499, 61744.5266, 0
61745.0, 5.75, 17, 5.74, 17, 0.50, 1, 23.1, 10.6, 4.8,61745.0482, 61745.2878, 61745.2878, 61745.5271, 0
61746.0, 6.67, 19, 4.84, 14, 0.50, 1, 23.1, 10.7, 5.8,61746.0483, 61746.3260, 61746.3260, 61746.5276, 0
61747.0, 7.61, 22, 3.91, 11, 0.50, 1, 23.2, 10.8, 6.8,61747.0484, 61747.3653, 61747.3653, 61747.5280, 0
61748.0, 8.59, 25, 2.93, 8, 0.50, 1, 23.3, 10.8, 7.9,61748.0485, 61748.4064, 61748.4064, 61748.5285, 0
61749.0, 9.63, 28, 1.90, 5, 0.50, 1, 23.3, 10.9, 9.0,61749.0487, 61749.4499, 61749.4499, 61749.5290, 0
61750.0, 10.72, 32, 0.81, 2, 0.50, 1, 23.4, 11.0, 10.2,61750.0488, 61750.4955, 61750.4955, 61750.5295, 0
61751.0, 11.54, 34, 0.00, 0, 0.50, 1, 23.5, 11.1, -1.0,61751.0490, 61751.5299, 0.0000, 0.0000, 0
61752.0, 11.55, 34, 0.00, 0, 0.50, 1, 23.6, 11.1, -1.0,61752.0492, 61752.5304, 0.0000, 0.0000, 0
61753.0, 11.55, 34, 0.00, 0, 0.50, 1, 23.6, 11.2, -1.0,61753.0494, 61753.5308, 0.0000, 0.0000, 1
61754.0, 11.56, 34, 0.00, 0, 0.50, 1, 23.7, 11.3, -1.0,61754.0496, 61754.5312, 0.0000, 0.0000, 0
61755.0, 10.38, 31, 1.18, 3, 0.50, 1, 23.8, 11.4, 1.0,61755.0990, 61755.5316, 61755.0499, 61755.0990, 0
61756.0, 9.19, 27, 2.38, 7, 0.50, 1, 23.8, 11.4, 2.2,61756.1491, 61756.5320, 61756.0501, 61756.1491, 0
61757.0, 8.03, 24, 3.54, 10, 0.50, 1, 23.9, 11.5, 3.5,61757.1977, 61757.5324, 61757.0504, 61757.1977, 0
61758.0, 6.92, 20, 4.65, 13, 0.50, 1, 24.0, 11.6, 4.7,61758.2445, 61758.5328, 61758.0507, 61758.2445, 0
61759.0, 5.84, 17, 5.74, 17, 0.50, 1, 0.1, 11.7, 5.8,61759.2900, 61759.5332, 61759.0510, 61759.2900, 0
61760.0, 4.77, 14, 6.80, 20, 0.50, 1, 0.1, 11.7, 7.0,61760.3348, 61760.5335, 61760.0513, 61760.3348, 0
61761.0, 0.00, 0, 11.57, 34, 0.50, 1, 0.2, 11.8, -1.0,0.0000, 0.0000, 61761.0517, 61761.5339, 0
61762.0, 0.00, 0, 11.57, 34, 0.50, 1, 0.3, 11.9, -1.0,0.0000, 0.0000, 61762.0520, 61762.5342, 0
61763.0, 0.00, 0, 11.57, 34, 0.50, 1, 0.4, 12.0, -1.0,0.0000, 0.0000, 61763.0524, 61763.5345, 0
61764.0, 0.00, 0, 11.57, 34, 0.50, 1, 0.4, 12.0, -1.0,0.0000, 0.0000, 61764.0528, 61764.5349, 0
61765.0, 0.00, 0, 11.57, 34, 0.50, 1, 0.5, 12.1, -1.0,0.0000, 0.0000, 61765.0532, 61765.5351, 0
61766.0, 0.00, 0, 11.56, 34, 0.50, 1, 0.6, 12.2, -1.0,0.0000, 0.0000, 61766.0536, 61766.5354, 0
61767.0, 0.00, 0, 11.56, 34, 0.50, 1, 0.7, 12.3, -1.0,0.0000, 0.0000, 61767.0540, 61767.5357, 0
61768.0, 0.00, 0, 11.56, 34, 0.50, 1, 0.7, 12.3, -1.0,0.0000, 0.0000, 61768.0544, 61768.5359, 0
61769.0, 0.00, 0, 11.55, 34, 0.50, 1, 0.8, 12.4, -1.0,0.0000, 0.0000, 61769.0549, 61769.5362, 0
61770.0, 0.00, 0, 11.55, 34, 0.50, 1, 0.9, 12.5, -1.0,0.0000, 0.0000, 61770.0553, 61770.5364, 0
61771.0, 0.00, 0, 11.54, 34, 0.50, 1, 1.0, 12.5, -1.0,0.0000, 0.0000, 61771.0558, 61771.5366, 0
61772.0, 0.00, 0, 11.53, 34, 0.50, 1, 1.0, 12.6, -1.0,0.0000, 0.0000, 61772.0562, 61772.5368, 0
61773.0, 0.00, 0, 11.52, 34, 0.50, 1, 1.1, 12.7, -1.0,0.0000, 0.0000, 61773.0567, 61773.5369, 0
61774.0, 5.20, 15, 6.32, 18, 0.50, 1, 1.2, 12.7, 6.4,61774.0572, 61774.2739, 61774.2739, 61774.5371, 0
61775.0, 6.13, 18, 5.37, 16, 0.50, 1, 1.3, 12.8, 7.4,61775.0577, 61775.3133, 61775.3133, 61775.5372, 0
61776.0, 7.11, 21, 4.39, 13, 0.50, 1, 1.4, 12.9, 8.5,61776.0582, 61776.3545, 61776.3545, 61776.5373, 0
61777.0, 8.14, 24, 3.35, 10, 0.50, 1, 1.4, 13.0, 9.6,61777.0587, 61777.3980, 61777.3980, 61777.5374, 0
61778.0, 9.22, 27, 2.26, 6, 0.50, 1, 1.5, 13.0, 10.8,61778.0592, 61778.4433, 61778.4433, 61778.5375, 0
61779.0, 10.31, 30, 1.16, 3, 0.50, 1, 1.6, 13.1, 11.9,61779.0597, 61779.4891, 61779.4891, 61779.5375, 0
61780.0, 11.45, 34, 0.00, 0, 0.50, 1, 1.7, 13.2, -1.0,61780.0603, 61780.5376, 0.0000, 0.0000, 0
61781.0, 11.44, 34, 0.00, 0, 0.50, 1, 1.7, 13.2, -1.0,61781.0608, 61781.5376, 0.0000, 0.0000, 0
61782.0, 11.43, 34, 0.00, 0, 0.50, 1, 1.8, 13.3, -1.0,61782.0613, 61782.5376, 0.0000, 0.0000, 1
61783.0, 11.42, 34, 0.00, 0, 0.50, 1, 1.9, 13.3, -1.0,61783.0619, 61783.5376, 0.0000, 0.0000, 0
61784.0, 10.47, 31, 0.93, 2, 0.50, 1, 2.0, 13.4, 2.9,61784.1013, 61784.5375, 61784.0624, 61784.1013, 0
61785.0, 9.28, 27, 2.11, 6, 0.50, 1, 2.1, 13.5, 4.2,61785.1508, 61785.5375, 61785.0630, 61785.1508, 0
61786.0, 8.13, 24, 3.24, 9, 0.50, 1, 2.1, 13.5, 5.4,61786.1986, 61786.5374, 61786.0636, 61786.1986, 0
61787.0, 7.01, 21, 4.34, 13, 0.50, 1, 2.2, 13.6, 6.6,61787.2451, 61787.5373, 61787.0641, 61787.2451, 0
61788.0, 5.91, 17, 5.43, 16, 0.50, 1, 2.3, 13.7, 7.7,61788.2908, 61788.5372, 61788.0647, 61788.2908, 0
61789.0, 4.82, 14, 6.50, 19, 0.49, 1, 2.4, 13.7, 8.9,61789.3361, 61789.5371, 61789.0653, 61789.3361, 0
61790.0, 0.00, 0, 11.31, 33, 0.49, 1, 2.5, 13.8, -1.0,0.0000, 0.0000, 61790.0658, 61790.5369, 0
61791.0, 0.00, 0, 11.29, 33, 0.49, 1, 2.5, 13.9, -1.0,0.0000, 0.0000, 61791.0664, 61791.5367, 0
61792.0, 0.00, 0, 11.27, 33, 0.49, 1, 2.6, 13.9, -1.0,0.0000, 0.0000, 61792.0670, 61792.5365, 0
61793.0, 0.00, 0, 11.25, 33, 0.49, 1, 2.7, 14.0, -1.0,0.0000, 0.0000, 61793.0675, 61793.5363, 0
61794.0, 0.00, 0, 11.23, 33, 0.49, 1, 2.8, 14.0, -1.0,0.0000, 0.0000, 61794.0681, 61794.5361, 0
61795.0, 0.00, 0, 11.21, 33, 0.49, 1, 2.9, 14.1, -1.0,0.0000, 0.0000, 61795.0687, 61795.5359, 0
61796.0, 0.00, 0, 11.19, 33, 0.49, 1, 2.9, 14.2, -1.0,0.0000, 0.0000, 61796.0693, 61796.5356, 0
61797.0, 0.00, 0, 11.17, 33, 0.49, 1, 3.0, 14.2, -1.0,0.0000, 0.0000, 61797.0699, 61797.5353, 0
61798.0, 0.00, 0, 11.15, 33, 0.49, 1, 3.1, 14.3, -1.0,0.0000, 0.0000, 61798.0704, 61798.5350, 0
61799.0, 0.00, 0, 11.13, 33, 0.49, 1, 3.2, 14.3, -1.0,0.0000, 0.0000, 61799.0710, 61799.5347, 0
61800.0, 0.00, 0, 11.11, 33, 0.49, 1, 3.3, 14.4, -1.0,0.0000, 0.0000, 61800.0716, 61800.5343, 0
61801.0, 0.00, 0, 11.08, 33, 0.49, 1, 3.3, 14.4, -1.0,0.0000, 0.0000, 61801.0722, 61801.5340, 0
61802.0, 0.00, 0, 11.06, 33, 0.49, 1, 3.4, 14.5, -1.0,0.0000, 0.0000, 61802.0728, 61802.5336, 0
61803.0, 0.00, 0, 11.04, 33, 0.49, 1, 3.5, 14.6, -1.0,0.0000, 0.0000, 61803.0733, 61803.5332, 0
61804.0, 5.55, 16, 5.47, 16, 0.49, 1, 3.6, 14.6, 9.1,61804.0739, 61804.3050, 61804.3050, 61804.5328, 0
61805.0, 6.57, 19, 4.42, 13, 0.48, 1, 3.7, 14.7, 10.2,61805.0745, 61805.3482, 61805.3482, 61805.5324, 0
61806.0, 7.62, 22, 3.35, 10, 0.48, 1, 3.7, 14.7, 11.4,61806.0751, 61806.3924, 61806.3924, 61806.5319, 0
61807.0, 8.65, 25, 2.29, 6, 0.48, 1, 3.8, 14.8, 12.5,61807.0756, 61807.4360, 61807.4360, 61807.5315, 0
61808.0, 9.62, 28, 1.30, 3, 0.48, 1, 3.9, 14.8, 13.5,61808.0762, 61808.4770, 61808.4770, 61808.5310, 0
61809.0, 10.89, 32, 0.00, 0, 0.48, 1, 4.0, 14.9, -1.0,61809.0768, 61809.5305, 0.0000, 0.0000, 0
61810.0, 10.86, 32, 0.00, 0, 0.48, 1, 4.0, 14.9, -1.0,61810.0773, 61810.5300, 0.0000, 0.0000, 0
61811.0, 10.84, 32, 0.00, 0, 0.48, 1, 4.1, 15.0, -1.0,61811.0779, 61811.5294, 0.0000, 0.0000, 1
61812.0, 10.81, 32, 0.00, 0, 0.48, 1, 4.2, 15.0, -1.0,61812.0785, 61812.5289, 0.0000, 0.0000, 0
61813.0, 10.29, 30, 0.49, 1, 0.48, 1, 4.3, 15.1, 4.8,61813.0996, 61813.5283, 61813.0790, 61813.0996, 0
61814.0, 9.10, 27, 1.66, 4, 0.48, 1, 4.4, 15.2, 6.0,61814.1486, 61814.5277, 61814.0796, 61814.1486, 0
61815.0, 7.93, 23, 2.79, 8, 0.48, 1, 4.4, 15.2, 7.2,61815.1966, 61815.5271, 61815.0801, 61815.1966, 0
61816.0, 6.78, 20, 3.92, 11, 0.48, 1, 4.5, 15.3, 8.4,61816.2439, 61816.5265, 61816.0807, 61816.2439, 0
61817.0, 5.66, 16, 5.02, 15, 0.48, 1, 4.6, 15.3, 9.6,61817.2903, 61817.5259, 61817.0813, 61817.2903, 0
61818.0, 4.56, 13, 6.08, 18, 0.48, 1, 4.7, 15.4, 10.8,61818.3351, 61818.5253, 61818.0818, 61818.3351, 0
61819.0, 3.54, 10, 7.07, 21, 0.48, 1, 4.8, 15.4, 11.9,61819.3771, 61819.5246, 61819.0824, 61819.3771, 0
61820.0, 0.00, 0, 10.59, 31, 0.48, 1, 4.8, 15.5, -1.0,0.0000, 0.0000, 61820.0829, 61820.5240, 0
61821.0, 0.00, 0, 10.56, 31, 0.48, 1, 4.9, 15.5, -1.0,0.0000, 0.0000, 61821.0834, 61821.5233, 0
61822.0, 0.00, 0, 10.53, 31, 0.48, 1, 5.0, 15.6, -1.0,0.0000, 0.0000, 61822.0840, 61822.5226, 0
61823.0, 0.00, 0, 10.50, 31, 0.48, 1, 5.1, 15.6, -1.0,0.0000, 0.0000, 61823.0845, 61823.5219, 0
61824.0, 0.00, 0, 10.47, 31, 0.48, 1, 5.2, 15.6, -1.0,0.0000, 0.0000, 61824.0851, 61824.5212, 0
61825.0, 0.00, 0, 10.44, 31, 0.48, 1, 5.2, 15.7, -1.0,0.0000, 0.0000, 61825.0856, 61825.5204, 0
61826.0, 0.00, 0, 10.40, 31, 0.48, 1, 5.3, 15.7, -1.0,0.0000, 0.0000, 61826.0862, 61826.5197, 0
61827.0, 0.00, 0, 10.37, 31, 0.48, 1, 5.4, 15.8, -1.0,0.0000, 0.0000, 61827.0867, 61827.5189, 0
61828.0, 0.00, 0, 10.34, 31, 0.48, 1, 5.5, 15.8, -1.0,0.0000, 0.0000, 61828.0872, 61828.5182, 0
61829.0, 0.00, 0, 10.31, 30, 0.48, 1, 5.5, 15.9, -1.0,0.0000, 0.0000, 61829.0878, 61829.5174, 0
61830.0, 0.00, 0, 10.28, 30, 0.48, 1, 5.6, 15.9, -1.0,0.0000, 0.0000, 61830.0883, 61830.5166, 0
61831.0, 0.00, 0, 10.25, 30, 0.48, 1, 5.7, 16.0, -1.0,0.0000, 0.0000, 61831.0888, 61831.5158, 0
61832.0, 0.00, 0, 10.21, 30, 0.48, 1, 5.8, 16.0, -1.0,0.0000, 0.0000, 61832.0894, 61832.5150, 0
61833.0, 5.07, 15, 5.11, 15, 0.48, 1, 5.9, 16.1, 10.9,61833.0899, 61833.3011, 61833.3011, 61833.5142, 0
61834.0, 6.08, 18, 4.07, 12, 0.48, 1, 5.9, 16.1, 12.0,61834.0904, 61834.3437, 61834.3437, 61834.5133, 0
61835.0, 7.04, 21, 3.07, 9, 0.48, 1, 6.0, 16.2, 13.1,61835.0910, 61835.3844, 61835.3844, 61835.5125, 0
61836.0, 7.92, 23, 2.16, 6, 0.48, 1, 6.1, 16.2, 14.0,61836.0915, 61836.4217, 61836.4217, 61836.5116, 0
61837.0, 8.71, 26, 1.34, 4, 0.48, 1, 6.2, 16.3, 14.9,61837.0920, 61837.4549, 61837.4549, 61837.5108, 0
61838.0, 9.40, 28, 0.62, 1, 0.48, 1, 6.3, 16.3, 15.7,61838.0925, 61838.4842, 61838.4842, 61838.5099, 0
61839.0, 9.98, 29, 0.00, 0, 0.48, 1, 6.3, 16.3, -1.0,61839.0931, 61839.5090, 0.0000, 0.0000, 0
61840.0, 9.95, 29, 0.00, 0, 0.48, 1, 6.4, 16.4, -1.0,61840.0936, 61840.5081, 0.0000, 0.0000, 1
61841.0, 9.91, 29, 0.00, 0, 0.48, 1, 6.5, 16.4, -1.0,61841.0941, 61841.5072, 0.0000, 0.0000, 0
61842.0, 9.88, 29, 0.00, 0, 0.48, 1, 6.6, 16.5, -1.0,61842.0946, 61842.5063, 0.0000, 0.0000, 0
61843.0, 8.65, 25, 1.20, 3, 0.48, 1, 6.6, 16.5, 7.8,61843.1450, 61843.5054, 61843.0952, 61843.1450, 0
61844.0, 7.46, 22, 2.35, 7, 0.48, 1, 6.7, 16.6, 9.1,61844.1936, 61844.5045, 61844.0957, 61844.1936, 0
61845.0, 6.30, 18, 3.47, 10, 0.48, 1, 6.8, 16.6, 10.3,61845.2409, 61845.5036, 61845.0962, 61845.2409, 0
61846.0, 5.21, 15, 4.54, 13, 0.48, 1, 6.9, 16.6, 11.4,61846.2857, 61846.5027, 61846.0968, 61846.2857, 0
61847.0, 4.20, 12, 5.50, 16, 0.48, 1, 7.0, 16.7, 12.5,61847.3266, 61847.5017, 61847.0973, 61847.3266, 0
61848.0, 3.32, 9, 6.35, 19, 0.48, 1, 7.0, 16.7, 13.4,61848.3626, 61848.5008, 61848.0978, 61848.3626, 0
61849.0, 2.55, 7, 7.09, 21, 0.48, 1, 7.1, 16.8, 14.2,61849.3937, 61849.4999, 61849.0984, 61849.3937, 0
61850.0, 0.00, 0, 9.60, 28, 0.48, 1, 7.2, 16.8, -1.0,0.0000, 0.0000, 61850.0989, 61850.4989, 0
61851.0, 0.00, 0, 9.56, 28, 1.12, 3, 7.3, 16.9, -1.0,0.0000, 0.0000, 61851.0994, 61851.4980, 0
61852.0, 0.00, 0, 9.53, 28, 1.12, 3, 7.4, 16.9, -1.0,0.0000, 0.0000, 61852.1000, 61852.4970, 0
61853.0, 0.00, 0, 9.49, 28, 1.12, 3, 7.4, 17.0, -1.0,0.0000, 0.0000, 61853.1005, 61853.4960, 0
61854.0, 0.00, 0, 9.46, 28, 1.13, 3, 7.5, 17.0, -1.0,0.0000, 0.0000, 61854.1011, 61854.4951, 0
61855.0, 0.00, 0, 9.42, 28, 1.13, 3, 7.6, 17.0, -1.0,0.0000, 0.0000, 61855.1016, 61855.4941, 0
61856.0, 0.00, 0, 9.38, 28, 1.13, 3, 7.7, 17.1, -1.0,0.0000, 0.0000, 61856.1022, 61856.4932, 0
61857.0, 0.00, 0, 9.35, 28, 1.13, 3, 7.7, 17.1, -1.0,0.0000, 0.0000, 61857.1027, 61857.4922, 0
61858.0, 0.00, 0, 9.31, 27, 1.13, 3, 7.8, 17.2, -1.0,0.0000, 0.0000, 61858.1033, 61858.4912, 0
61859.0, 0.00, 0, 9.27, 27, 1.14, 3, 7.9, 17.2, -1.0,0.0000, 0.0000, 61859.1038, 61859.4902, 0
61860.0, 0.00, 0, 9.24, 27, 1.14, 3, 8.0, 17.2, -1.0,0.0000, 0.0000, 61860.1044, 61860.4893, 0
61861.0, 0.00, 0, 9.20, 27, 1.14, 3, 8.1, 17.3, -1.0,0.0000, 0.0000, 61861.1050, 61861.4883, 0
61862.0, 0.00, 0, 9.16, 27, 1.14, 3, 8.1, 17.3, -1.0,0.0000, 0.0000, 61862.1055, 61862.4873, 0
61863.0, 5.46, 16, 3.66, 10, 1.14, 3, 8.2, 17.4, 13.7,61863.1061, 61863.3337, 61863.3337, 61863.4863, 0
61864.0, 6.25, 18, 2.83, 8, 1.15, 3, 8.3, 17.4, 14.6,61864.1067, 61864.3673, 61864.3673, 61864.4853, 0
61865.0, 6.95, 20, 2.10, 6, 1.15, 3, 8.4, 17.5, 15.4,61865.1073, 61865.3969, 61865.3969, 61865.4844, 0
61866.0, 7.57, 22, 1.44, 4, 1.15, 3, 8.5, 17.5, 16.1,61866.1078, 61866.4234, 61866.4234, 61866.4834, 0
61867.0, 8.14, 24, 0.83, 2, 1.15, 3, 8.5, 17.5, 16.7,61867.1084, 61867.4477, 61867.4477, 61867.4824, 0
61868.0, 8.94, 26, 0.00, 0, 1.16, 3, 8.6, 17.6, -1.0,61868.1090, 61868.4814, 0.0000, 0.0000, 0
61869.0, 8.90, 26, 0.00, 0, 1.16, 3, 8.7, 17.6, -1.0,61869.1096, 61869.4805, 0.0000, 0.0000, 1
61870.0, 8.86, 26, 0.00, 0, 1.16, 3, 8.8, 17.7, -1.0,61870.1102, 61870.4795, 0.0000, 0.0000, 0
61871.0, 8.83, 26, 0.00, 0, 1.17, 3, 8.9, 17.7, -1.0,61871.1108, 61871.4785, 0.0000, 0.0000, 0
61872.0, 8.06, 24, 0.73, 2, 1.17, 3, 8.9, 17.8, 9.7,61872.1419, 61872.4776, 61872.1114, 61872.1419, 0
61873.0, 6.90, 20, 1.85, 5, 1.17, 3, 9.0, 17.8, 10.9,61873.1892, 61873.4766, 61873.1120, 61873.1892, 0
61874.0, 5.82, 17, 2.89, 8, 1.17, 3, 9.1, 17.8, 12.0,61874.2332, 61874.4756, 61874.1126, 61874.2332, 0
61875.0, 4.86, 14, 3.82, 11, 1.18, 3, 9.2, 17.9, 13.0,61875.2724, 61875.4747, 61875.1132, 61875.2724, 0
61876.0, 4.02, 12, 4.62, 13, 1.18, 3, 9.3, 17.9, 13.9,61876.3062, 61876.4737, 61876.1138, 61876.3062, 0
61877.0, 3.30, 9, 5.30, 15, 1.19, 3, 9.3, 18.0, 14.7,61877.3351, 61877.4728, 61877.1145, 61877.3351, 0
61878.0, 2.69, 8, 5.87, 17, 1.19, 3, 9.4, 18.0, 15.3,61878.3598, 61878.4718, 61878.1151, 61878.3598, 0
61879.0, 0.00, 0, 8.52, 25, 1.19, 3, 9.5, 18.1, -1.0,0.0000, 0.0000, 61879.1157, 61879.4709, 0
61880.0, 0.00, 0, 8.49, 25, 1.20, 3, 9.6, 18.1, -1.0,0.0000, 0.0000, 61880.1163, 61880.4700, 0
61881.0, 0.00, 0, 8.45, 25, 1.20, 3, 9.7, 18.1, -1.0,0.0000, 0.0000, 61881.1170, 61881.4690, 0
61882.0, 0.00, 0, 8.41, 25, 1.20, 3, 9.7, 18.2, -1.0,0.0000, 0.0000, 61882.1176, 61882.4681, 0
61883.0, 0.00, 0, 8.37, 25, 1.21, 3, 9.8, 18.2, -1.0,0.0000, 0.0000, 61883.1183, 61883.4672, 0
61884.0, 0.00, 0, 8.34, 25, 1.21, 3, 9.9, 18.3, -1.0,0.0000, 0.0000, 61884.1189, 61884.4663, 0
61885.0, 0.00, 0, 8.30, 24, 1.22, 3, 10.0, 18.3, -1.0,0.0000, 0.0000, 61885.1196, 61885.4654, 0
61886.0, 0.00, 0, 8.26, 24, 1.22, 3, 10.1, 18.4, -1.0,0.0000, 0.0000, 61886.1202, 61886.4645, 0
61887.0, 0.00, 0, 8.23, 24, 1.22, 3, 10.2, 18.4, -1.0,0.0000, 0.0000, 61887.1209, 61887.4637, 0
61888.0, 0.00, 0, 8.19, 24, 1.23, 3, 10.2, 18.4, -1.0,0.0000, 0.0000, 61888.1215, 61888.4628, 0
61889.0, 0.00, 0, 8.15, 24, 1.23, 3, 10.3, 18.5, -1.0,0.0000, 0.0000, 61889.1222, 61889.4619, 0
61890.0, 0.00, 0, 8.12, 24, 1.24, 3, 10.4, 18.5, -1.0,0.0000, 0.0000, 61890.1229, 61890.4611, 0
61891.0, 0.00, 0, 8.08, 24, 1.24, 3, 10.5, 18.6, -1.0,0.0000, 0.0000, 61891.1235, 61891.4602, 0
61892.0, 4.52, 13, 3.52, 10, 1.24, 3, 10.6, 18.6, 15.1,61892.1242, 61892.3126, 61892.3126, 61892.4594, 0
61893.0, 5.15, 15, 2.86, 8, 1.25, 3, 10.6, 18.7, 15.8,61893.1248, 61893.3394, 61893.3394, 61893.4586, 0
61894.0, 5.72, 17, 2.26, 6, 1.25, 3, 10.7, 18.7, 16.5,61894.1255, 61894.3637, 61894.3637, 61894.4578, 0
61895.0, 6.25, 18, 1.69, 5, 1.26, 3, 10.8, 18.8, 17.1,61895.1262, 61895.3865, 61895.3865, 61895.4570, 0
61896.0, 6.77, 20, 1.13, 3, 1.26, 3, 10.9, 18.8, 17.7,61896.1269, 61896.4090, 61896.4090, 61896.4562, 0
61897.0, 7.32, 21, 0.55, 1, 1.27, 3, 11.0, 18.9, 18.3,61897.1275, 61897.4324, 61897.4324, 61897.4554, 0
61898.0, 7.84, 23, 0.00, 0, 1.27, 3, 11.1, 18.9, -1.0,61898.1282, 61898.4547, 0.0000, 0.0000, 0
61899.0, 7.80, 23, 0.00, 0, 1.28, 3, 11.1, 19.0, -1.0,61899.1289, 61899.4539, 0.0000, 0.0000, 0
61900.0, 7.77, 23, 0.00, 0, 1.28, 3, 11.2, 19.0, -1.0,61900.1295, 61900.4532, 0.0000, 0.0000, 1
61901.0, 7.73, 23, 0.00, 0, 1.28, 3, 11.3, 19.1, -1.0,61901.1302, 61901.4525, 0.0000, 0.0000, 0
61902.0, 6.54, 19, 1.16, 3, 1.29, 3, 11.4, 19.1, 12.5,61902.1791, 61902.4518, 61902.1309, 61902.1791, 0
61903.0, 5.64, 16, 2.03, 6, 1.29, 3, 11.5, 19.2, 13.5,61903.2160, 61903.4511, 61903.1315, 61903.2160, 0
61904.0, 4.87, 14, 2.77, 8, 1.30, 3, 11.5, 19.2, 14.3,61904.2476, 61904.4504, 61904.1322, 61904.2476, 0
61905.0, 4.21, 12, 3.40, 10, 1.30, 3, 11.6, 19.3, 15.0,61905.2743, 61905.4498, 61905.1329, 61905.2743, 0
61906.0, 3.64, 10, 3.93, 11, 1.31, 3, 11.7, 19.3, 15.7,61906.2974, 61906.4491, 61906.1335, 61906.2974, 0
61907.0, 3.14, 9, 4.41, 13, 1.31, 3, 11.8, 19.4, 16.2,61907.3179, 61907.4485, 61907.1342, 61907.3179, 0
61908.0, 2.67, 8, 4.84, 14, 1.32, 3, 11.9, 19.4, 16.7,61908.3367, 61908.4479, 61908.1348, 61908.3367, 0
61909.0, 0.00, 0, 7.48, 22, 1.32, 3, 12.0, 19.5, -1.0,0.0000, 0.0000, 61909.1355, 61909.4473, 0
61910.0, 0.00, 0, 7.46, 22, 1.33, 3, 12.0, 19.5, -1.0,0.0000, 0.0000, 61910.1361, 61910.4467, 0
61911.0, 0.00, 0, 7.43, 22, 1.33, 3, 12.1, 19.6, -1.0,0.0000, 0.0000, 61911.1367, 61911.4462, 0
61912.0, 0.00, 0, 7.40, 22, 1.33, 4, 12.2, 19.6, -1.0,0.0000, 0.0000, 61912.1374, 61912.4457, 0
61913.0, 0.00, 0, 7.37, 22, 1.34, 4, 12.3, 19.7, -1.0,0.0000, 0.0000, 61913.1380, 61913.4452, 0
61914.0, 0.00, 0, 7.35, 22, 1.34, 4, 12.4, 19.7, -1.0,0.0000, 0.0000, 61914.1386, 61914.4447, 0
61915.0, 0.00, 0, 7.32, 21, 1.35, 4, 12.4, 19.8, -1.0,0.0000, 0.0000, 61915.1392, 61915.4442, 0
61916.0, 0.00, 0, 7.29, 21, 1.35, 4, 12.5, 19.8, -1.0,0.0000, 0.0000, 61916.1398, 61916.4437, 0
61917.0, 0.00, 0, 7.27, 21, 1.35, 4, 12.6, 19.9, -1.0,0.0000, 0.0000, 61917.1404, 61917.4433, 0
61918.0, 0.00, 0, 7.25, 21, 1.36, 4, 12.7, 19.9, -1.0,0.0000, 0.0000, 61918.1410, 61918.4429, 0
61919.0, 0.00, 0, 7.22, 21, 1.36, 4, 12.8, 20.0, -1.0,0.0000, 0.0000, 61919.1415, 61919.4425, 0
61920.0, 0.00, 0, 7.20, 21, 1.37, 4, 12.8, 20.1, -1.0,0.0000, 0.0000, 61920.1421, 61920.4422, 0
61921.0, 3.33, 9, 3.85, 11, 1.37, 4, 12.9, 20.1, 16.3,61921.1426, 61921.2815, 61921.2815, 61921.4418, 0
61922.0, 3.87, 11, 3.29, 9, 1.37, 4, 13.0, 20.2, 16.9,61922.1432, 61922.3044, 61922.3044, 61922.4415, 0
61923.0, 4.39, 13, 2.75, 8, 1.38, 4, 13.1, 20.2, 17.5,61923.1437, 61923.3265, 61923.3265, 61923.4412, 0
61924.0, 4.91, 14, 2.21, 6, 1.38, 4, 13.1, 20.3, 18.1,61924.1442, 61924.3489, 61924.3489, 61924.4409, 0
61925.0, 5.47, 16, 1.63, 4, 1.38, 4, 13.2, 20.3, 18.7,61925.1447, 61925.3728, 61925.3728, 61925.4406, 0
61926.0, 6.10, 18, 0.99, 2, 1.38, 4, 13.3, 20.4, 19.4,61926.1452, 61926.3992, 61926.3992, 61926.4404, 0
61927.0, 7.07, 21, 0.00, 0, 1.39, 4, 13.4, 20.5, -1.0,61927.1456, 61927.4402, 0.0000, 0.0000, 0
61928.0, 7.05, 21, 0.00, 0, 1.39, 4, 13.5, 20.5, -1.0,61928.1461, 61928.4400, 0.0000, 0.0000, 1
61929.0, 7.04, 21, 0.00, 0, 1.39, 4, 13.5, 20.6, -1.0,61929.1465, 61929.4398, 0.0000, 0.0000, 0
61930.0, 7.03, 21, 0.00, 0, 1.39, 4, 13.6, 20.7, -1.0,61930.1469, 61930.4397, 0.0000, 0.0000, 0
61931.0, 7.01, 21, 0.00, 0, 1.40, 4, 13.7, 20.7, -1.0,61931.1473, 61931.4396, 0.0000, 0.0000, 0
61932.0, 6.04, 18, 0.97, 2, 1.40, 4, 13.8, 20.8, 14.7,61932.1880, 61932.4395, 61932.1477, 61932.1880, 0
61933.0, 5.44, 16, 1.55, 4, 1.40, 4, 13.8, 20.8, 15.4,61933.2127, 61933.4394, 61933.1481, 61933.2127, 0
61934.0, 4.92, 14, 2.06, 6, 1.40, 4, 13.9, 20.9, 16.0,61934.2343, 61934.4393, 61934.1484, 61934.2343, 0
61935.0, 4.45, 13, 2.52, 7, 1.40, 4, 14.0, 21.0, 16.5,61935.2538, 61935.4393, 61935.1487, 61935.2538, 0
61936.0, 4.01, 12, 2.95, 8, 1.41, 4, 14.1, 21.0, 17.0,61936.2721, 61936.4393, 61936.1490, 61936.2721, 0
61937.0, 3.58, 10, 3.38, 10, 1.41, 4, 14.1, 21.1, 17.5,61937.2900, 61937.4393, 61937.1493, 61937.2900, 0
61938.0, 3.14, 9, 3.81, 11, 1.41, 4, 14.2, 21.2, 18.0,61938.3084, 61938.4394, 61938.1496, 61938.3084, 0
61939.0, 0.00, 0, 6.95, 20, 1.41, 4, 14.3, 21.2, -1.0,0.0000, 0.0000, 61939.1498, 61939.4394, 0
61940.0, 0.00, 0, 6.95, 20, 1.41, 4, 14.3, 21.3, -1.0,0.0000, 0.0000, 61940.1501, 61940.4395, 0
61941.0, 0.00, 0, 6.95, 20, 1.41, 4, 14.4, 21.4, -1.0,0.0000, 0.0000, 61941.1503, 61941.4396, 0
61942.0, 0.00, 0, 6.94, 20, 1.41, 4, 14.5, 21.4, -1.0,0.0000, 0.0000, 61942.1504, 61942.4398, 0
61943.0, 0.00, 0, 6.94, 20, 1.41, 4, 14.6, 21.5, -1.0,0.0000, 0.0000, 61943.1506, 61943.4399, 0
61944.0, 0.00, 0, 6.95, 20, 1.41, 4, 14.6, 21.6, -1.0,0.0000, 0.0000, 61944.1507, 61944.4401, 0
61945.0, 0.00, 0, 6.95, 20, 1.41, 4, 14.7, 21.7, -1.0,0.0000, 0.0000, 61945.1508, 61945.4403, 0
61946.0, 0.00, 0, 6.95, 20, 1.41, 4, 14.8, 21.7, -1.0,0.0000, 0.0000, 61946.1509, 61946.4405, 0
61947.0, 0.00, 0, 6.95, 20, 1.41, 4, 14.8, 21.8, -1.0,0.0000, 0.0000, 61947.1510, 61947.4408, 0
61948.0, 0.00, 0, 6.96, 20, 1.41, 4, 14.9, 21.9, -1.0,0.0000, 0.0000, 61948.1510, 61948.4410, 0
61949.0, 0.00, 0, 6.97, 20, 1.41, 4, 15.0, 21.9, -1.0,0.0000, 0.0000, 61949.1510, 61949.4413, 0
61950.0, 0.00, 0, 6.97, 20, 1.40, 4, 15.0, 22.0, -1.0,0.0000, 0.0000, 61950.1510, 61950.4416, 0
61951.0, 2.79, 8, 4.19, 12, 1.40, 4, 15.1, 22.1, 17.9,61951.1510, 61951.2672, 61951.2672, 61951.4419, 0
61952.0, 3.35, 10, 3.64, 10, 1.40, 4, 15.2, 22.2, 18.5,61952.1510, 61952.2904, 61952.2904, 61952.4422, 0
61953.0, 3.95, 11, 3.05, 9, 1.40, 4, 15.2, 22.2, 19.2,61953.1509, 61953.3156, 61953.3156, 61953.4426, 0
61954.0, 4.63, 13, 2.38, 7, 1.40, 4, 15.3, 22.3, 19.9,61954.1508, 61954.3437, 61954.3437, 61954.4430, 0
61955.0, 5.40, 16, 1.62, 4, 1.40, 4, 15.3, 22.4, 20.8,61955.1506, 61955.3757, 61955.3757, 61955.4433, 0
61956.0, 6.27, 18, 0.77, 2, 1.39, 4, 15.4, 22.5, 21.7,61956.1505, 61956.4116, 61956.4116, 61956.4438, 1
61957.0, 7.05, 21, 0.00, 0, 1.39, 4, 15.5, 22.5, -1.0,61957.1503, 61957.4442, 0.0000, 0.0000, 1
61958.0, 7.07, 21, 0.00, 0, 1.39, 4, 15.5, 22.6, -1.0,61958.1501, 61958.4446, 0.0000, 0.0000, 1
61959.0, 7.08, 21, 0.00, 0, 1.39, 4, 15.6, 22.7, -1.0,61959.1499, 61959.4450, 0.0000, 0.0000, 1
61960.0, 7.10, 21, 0.00, 0, 1.38, 4, 15.6, 22.8, -1.0,61960.1497, 61960.4455, 0.0000, 0.0000, 1
61961.0, 7.12, 21, 0.00, 0, 1.38, 4, 15.7, 22.8, -1.0,61961.1494, 61961.4460, 0.0000, 0.0000, 1
61962.0, 6.60, 19, 0.53, 1, 1.38, 4, 15.8, 22.9, 16.3,61962.1713, 61962.4465, 61962.1491, 61962.1713, 1
61963.0, 6.17, 18, 0.99, 2, 1.37, 4, 15.8, 23.0, 16.8,61963.1900, 61963.4470, 61963.1488, 61963.1900, 1
61964.0, 5.75, 17, 1.43, 4, 1.37, 4, 15.9, 23.1, 17.3,61964.2079, 61964.4475, 61964.1485, 61964.2079, 1
61965.0, 5.33, 15, 1.87, 5, 1.37, 4, 15.9, 23.2, 17.8,61965.2260, 61965.4480, 61965.1481, 61965.2260, 1
61966.0, 4.89, 14, 2.33, 6, 1.36, 4, 16.0, 23.2, 18.3,61966.2449, 61966.4485, 61966.1477, 61966.2449, 1
61967.0, 4.40, 13, 2.84, 8, 1.36, 4, 16.0, 23.3, 18.9,61967.2656, 61967.4491, 61967.1473, 61967.2656, 1
61968.0, 0.00, 0, 7.27, 21, 1.35, 4, 16.1, 23.4, -1.0,0.0000, 0.0000, 61968.1469, 61968.4497, 1
61969.0, 0.00, 0, 7.29, 21, 1.35, 4, 16.2, 23.5, -1.0,0.0000, 0.0000, 61969.1465, 61969.4502, 1
61970.0, 0.00, 0, 7.32, 21, 1.35, 4, 16.2, 23.5, -1.0,0.0000, 0.0000, 61970.1460, 61970.4508, 1
61971.0, 0.00, 0, 7.34, 22, 1.34, 4, 16.3, 23.6, -1.0,0.0000, 0.0000, 61971.1455, 61971.4514, 1
61972.0, 0.00, 0, 7.37, 22, 1.34, 4, 16.3, 23.7, -1.0,0.0000, 0.0000, 61972.1450, 61972.4520, 1
61973.0, 0.00, 0, 7.39, 22, 1.33, 4, 16.4, 23.8, -1.0,0.0000, 0.0000, 61973.1445, 61973.4526, 1
61974.0, 0.00, 0, 7.42, 22, 1.33, 3, 16.4, 23.9, -1.0,0.0000, 0.0000, 61974.1439, 61974.4532, 1
61975.0, 0.00, 0, 7.45, 22, 1.33, 3, 16.5, 23.9, -1.0,0.0000, 0.0000, 61975.1434, 61975.4538, 1
61976.0, 0.00, 0, 7.48, 22, 1.32, 3, 16.5, 0.0, -1.0,0.0000, 0.0000, 61976.1428, 61976.4544, 1
61977.0, 0.00, 0, 7.51, 22, 1.32, 3, 16.6, 0.1, -1.0,0.0000, 0.0000, 61977.1422, 61977.4550, 1
61978.0, 0.00, 0, 7.54, 22, 1.31, 3, 16.6, 0.2, -1.0,0.0000, 0.0000, 61978.1416, 61978.4556, 1
61979.0, 0.00, 0, 7.57, 22, 1.31, 3, 16.7, 0.3, -1.0,0.0000, 0.0000, 61979.1410, 61979.4562, 1
61980.0, 2.23, 6, 5.37, 16, 1.30, 3, 16.7, 0.4, 19.0,61980.1403, 61980.2330, 61980.2330, 61980.4569, 1
61981.0, 2.90, 8, 4.73, 14, 1.30, 3, 16.8, 0.4, 19.7,61981.1396, 61981.2604, 61981.2604, 61981.4575, 1
61982.0, 3.65, 10, 4.01, 12, 1.30, 3, 16.8, 0.5, 20.5,61982.1389, 61982.2910, 61982.2910, 61982.4581, 1
61983.0, 4.49, 13, 3.20, 9, 1.29, 3, 16.9, 0.6, 21.4,61983.1382, 61983.3254, 61983.3254, 61983.4588, 1
61984.0, 5.42, 16, 2.31, 6, 1.29, 3, 16.9, 0.7, 22.4,61984.1375, 61984.3632, 61984.3632, 61984.4594, 1
61985.0, 6.40, 19, 1.36, 4, 1.28, 3, 17.0, 0.8, 23.4,61985.1368, 61985.4035, 61985.4035, 61985.4600, 1
61986.0, 7.79, 23, 0.00, 0, 1.28, 3, 17.0, 0.8, -1.0,61986.1361, 61986.4607, 0.0000, 0.0000, 1
61987.0, 7.82, 23, 0.00, 0, 1.27, 3, 17.1, 0.9, -1.0,61987.1353, 61987.4613, 0.0000, 0.0000, 1
61988.0, 7.86, 23, 0.00, 0, 1.27, 3, 17.1, 1.0, -1.0,61988.1345, 61988.4619, 0.0000, 0.0000, 1
61989.0, 7.89, 23, 0.00, 0, 1.26, 3, 17.2, 1.1, -1.0,61989.1337, 61989.4626, 0.0000, 0.0000, 1
61990.0, 7.93, 23, 0.00, 0, 1.26, 3, 17.2, 1.2, -1.0,61990.1329, 61990.4632, 0.0000, 0.0000, 1
61991.0, 7.96, 23, 0.00, 0, 1.25, 3, 17.3, 1.2, -1.0,61991.1321, 61991.4638, 0.0000, 0.0000, 1
61992.0, 8.00, 23, 0.00, 0, 1.25, 3, 17.3, 1.3, -1.0,61992.1313, 61992.4645, 0.0000, 0.0000, 1
61993.0, 7.25, 21, 0.79, 2, 1.25, 3, 17.4, 1.4, 18.1,61993.1632, 61993.4651, 61993.1305, 61993.1632, 1
61994.0, 6.79, 20, 1.28, 3, 1.24, 3, 17.4, 1.5, 18.7,61994.1829, 61994.4657, 61994.1296, 61994.1829, 1
61995.0, 6.27, 18, 1.83, 5, 1.24, 3, 17.4, 1.6, 19.3,61995.2049, 61995.4663, 61995.1287, 61995.2049, 1
61996.0, 5.68, 17, 2.46, 7, 1.23, 3, 17.5, 1.6, 19.9,61996.2302, 61996.4670, 61996.1279, 61996.2302, 1
61997.0, 4.98, 14, 3.19, 9, 1.23, 3, 17.5, 1.7, 20.7,61997.2599, 61997.4676, 61997.1270, 61997.2599, 1
61998.0, 0.00, 0, 8.21, 24, 1.23, 3, 17.6, 1.8, -1.0,0.0000, 0.0000, 61998.1261, 61998.4682, 0
61999.0, 0.00, 0, 8.25, 24, 1.22, 3, 17.6, 1.9, -1.0,0.0000, 0.0000, 61999.1252, 61999.4688, 0
62000.0, 0.00, 0, 8.28, 24, 1.22, 3, 17.7, 2.0, -1.0,0.0000, 0.0000, 62000.1243, 62000.4694, 0
62001.0, 0.00, 0, 8.32, 24, 1.21, 3, 17.7, 2.0, -1.0,0.0000, 0.0000, 62001.1234, 62001.4700, 0
62002.0, 0.00, 0, 8.36, 25, 1.21, 3, 17.8, 2.1, -1.0,0.0000, 0.0000, 62002.1225, 62002.4706, 0
62003.0, 0.00, 0, 8.39, 25, 1.21, 3, 17.8, 2.2, -1.0,0.0000, 0.0000, 62003.1215, 62003.4712, 0
62004.0, 0.00, 0, 8.43, 25, 1.20, 3, 17.8, 2.3, -1.0,0.0000, 0.0000, 62004.1206, 62004.4718, 0
62005.0, 0.00, 0, 8.47, 25, 1.20, 3, 17.9, 2.4, -1.0,0.0000, 0.0000, 62005.1197, 62005.4724, 0
62006.0, 0.00, 0, 8.50, 25, 1.19, 3, 17.9, 2.4, -1.0,0.0000, 0.0000, 62006.1187, 62006.4730, 0
62007.0, 0.00, 0, 8.54, 25, 1.19, 3, 18.0, 2.5, -1.0,0.0000, 0.0000, 62007.1177, 62007.4736, 0
62008.0, 0.00, 0, 8.58, 25, 1.19, 3, 18.0, 2.6, -1.0,0.0000, 0.0000, 62008.1168, 62008.4742, 0
62009.0, 2.17, 6, 6.45, 19, 1.18, 3, 18.1, 2.7, 20.2,62009.1158, 62009.2062, 62009.2062, 62009.4748, 0
62010.0, 3.00, 9, 5.65, 16, 1.18, 3, 18.1, 2.8, 21.1,62010.1148, 62010.2399, 62010.2399, 62010.4753, 0
62011.0, 3.92, 11, 4.77, 14, 1.18, 3, 18.1, 2.8, 22.1,62011.1139, 62011.2770, 62011.2770, 62011.4759, 0
62012.0, 4.89, 14, 3.84, 11, 1.17, 3, 18.2, 2.9, 23.1,62012.1129, 62012.3166, 62012.3166, 62012.4765, 0
62013.0, 5.89, 17, 2.87, 8, 1.17, 3, 18.2, 3.0, 0.1,62013.1119, 62013.3575, 62013.3575, 62013.4770, 0
62014.0, 6.90, 20, 1.90, 5, 1.17, 3, 18.3, 3.1, 1.2,62014.1109, 62014.3983, 62014.3983, 62014.4776, 0
62015.0, 7.88, 23, 0.95, 2, 1.16, 3, 18.3, 3.2, 2.2,62015.1099, 62015.4384, 62015.4384, 62015.4781, 0
62016.0, 8.87, 26, 0.00, 0, 1.16, 3, 18.3, 3.2, -1.0,62016.1089, 62016.4787, 0.0000, 0.0000, 1
62017.0, 8.91, 26, 0.00, 0, 1.16, 3, 18.4, 3.3, -1.0,62017.1079, 62017.4792, 0.0000, 0.0000, 0
62018.0, 8.95, 26, 0.00, 0, 1.16, 3, 18.4, 3.4, -1.0,62018.1069, 62018.4798, 0.0000, 0.0000, 0
62019.0, 8.99, 26, 0.00, 0, 1.15, 3, 18.5, 3.5, -1.0,62019.1059, 62019.4803, 0.0000, 0.0000, 0
62020.0, 9.02, 27, 0.00, 0, 1.15, 3, 18.5, 3.6, -1.0,62020.1049, 62020.4808, 0.0000, 0.0000, 0
62021.0, 9.06, 27, 0.00, 0, 1.15, 3, 18.6, 3.6, -1.0,62021.1039, 62021.4814, 0.0000, 0.0000, 0
62022.0, 8.61, 25, 0.48, 1, 1.15, 3, 18.6, 3.7, 19.1,62022.1230, 62022.4819, 62022.1029, 62022.1230, 0
62023.0, 8.05, 24, 1.08, 3, 1.14, 3, 18.6, 3.8, 19.7,62023.1469, 62023.4824, 62023.1019, 62023.1469, 0
62024.0, 7.40, 22, 1.76, 5, 1.14, 3, 18.7, 3.9, 20.4,62024.1744, 62024.4829, 62024.1009, 62024.1744, 0
62025.0, 6.65, 19, 2.56, 7, 1.14, 3, 18.7, 3.9, 21.3,62025.2066, 62025.4835, 62025.0999, 62025.2066, 0
62026.0, 5.77, 17, 3.48, 10, 1.14, 3, 18.8, 4.0, 22.2,62026.2437, 62026.4840, 62026.0989, 62026.2437, 0
62027.0, 0.00, 0, 9.28, 27, 1.13, 3, 18.8, 4.1, -1.0,0.0000, 0.0000, 62027.0979, 62027.4845, 0
62028.0, 0.00, 0, 9.31, 27, 1.13, 3, 18.8, 4.2, -1.0,0.0000, 0.0000, 62028.0969, 62028.4850, 0
62029.0, 0.00, 0, 9.35, 28, 1.13, 3, 18.9, 4.3, -1.0,0.0000, 0.0000, 62029.0959, 62029.4855, 0
62030.0, 0.00, 0, 9.39, 28, 1.13, 3, 18.9, 4.3, -1.0,0.0000, 0.0000, 62030.0949, 62030.4860, 0
62031.0, 0.00, 0, 9.42, 28, 1.13, 3, 19.0, 4.4, -1.0,0.0000, 0.0000, 62031.0939, 62031.4865, 0
62032.0, 0.00, 0, 9.46, 28, 1.13, 3, 19.0, 4.5, -1.0,0.0000, 0.0000, 62032.0929, 62032.4870, 0
62033.0, 0.00, 0, 9.49, 28, 1.12, 3, 19.1, 4.6, -1.0,0.0000, 0.0000, 62033.0919, 62033.4875, 0
62034.0, 0.00, 0, 9.53, 28, 1.12, 3, 19.1, 4.6, -1.0,0.0000, 0.0000, 62034.0909, 62034.4880, 0
62035.0, 0.00, 0, 9.56, 28, 1.12, 3, 19.1, 4.7, -1.0,0.0000, 0.0000, 62035.0899, 62035.4885, 0
62036.0, 0.00, 0, 9.60, 28, 0.48, 1, 19.2, 4.8, -1.0,0.0000, 0.0000, 62036.0890, 62036.4890, 0
62037.0, 0.00, 0, 9.64, 28, 0.48, 1, 19.2, 4.9, -1.0,0.0000, 0.0000, 62037.0880, 62037.4894, 0
62038.0, 2.45, 7, 7.22, 21, 0.48, 1, 19.3, 5.0, 21.7,62038.0870, 62038.1889, 62038.1889, 62038.4899, 0
62039.0, 3.42, 10, 6.28, 18, 0.48, 1, 19.3, 5.0, 22.7,62039.0861, 62039.2286, 62039.2286, 62039.4904, 0
62040.0, 4.43, 13, 5.31, 15, 0.48, 1, 19.3, 5.1, 23.8,62040.0851, 62040.2697, 62040.2697, 62040.4909, 0
62041.0, 5.44, 16, 4.33, 12, 0.48, 1, 19.4, 5.2, 0.8,62041.0841, 62041.3109, 62041.3109, 62041.4914, 0
62042.0, 6.43, 19, 3.37, 10, 0.48, 1, 19.4, 5.3, 1.9,62042.0832, 62042.3513, 62042.3513, 62042.4919, 0
62043.0, 7.40, 22, 2.44, 7, 0.48, 1, 19.5, 5.3, 2.9,62043.0823, 62043.3906, 62043.3906, 62043.4923, 0
62044.0, 8.34, 25, 1.54, 4, 0.48, 1, 19.5, 5.4, 3.9,62044.0813, 62044.4288, 62044.4288, 62044.4928, 0
62045.0, 9.26, 27, 0.65, 1, 0.48, 1, 19.6, 5.5, 4.9,62045.0804, 62045.4664, 62045.4664, 62045.4933, 0
62046.0, 9.94, 29, 0.00, 0, 0.48, 1, 19.6, 5.6, -1.0,62046.0795, 62046.4938, 0.0000, 0.0000, 0
62047.0, 9.98, 29, 0.00, 0, 0.48, 1, 19.7, 5.7, -1.0,62047.0785, 62047.4943, 0.0000, 0.0000, 1
62048.0, 10.01, 30, 0.00, 0, 0.48, 1, 19.7, 5.7, -1.0,62048.0776, 62048.4947, 0.0000, 0.0000, 0
62049.0, 10.04, 30, 0.00, 0, 0.48, 1, 19.7, 5.8, -1.0,62049.0767, 62049.4952, 0.0000, 0.0000, 0
62050.0, 10.08, 30, 0.00, 0, 0.48, 1, 19.8, 5.9, -1.0,62050.0759, 62050.4957, 0.0000, 0.0000, 0
62051.0, 10.11, 30, 0.00, 0, 0.48, 1, 19.8, 6.0, -1.0,62051.0750, 62051.4962, 0.0000, 0.0000, 0
62052.0, 8.99, 26, 1.15, 3, 0.48, 1, 19.9, 6.0, 21.0,62052.1219, 62052.4967, 62052.0741, 62052.1219, 0
62053.0, 8.16, 24, 2.01, 6, 0.48, 1, 19.9, 6.1, 21.9,62053.1570, 62053.4971, 62053.0732, 62053.1570, 0
62054.0, 7.23, 21, 2.98, 8, 0.48, 1, 20.0, 6.2, 22.9,62054.1965, 62054.4976, 62054.0724, 62054.1965, 0
62055.0, 6.20, 18, 4.04, 12, 0.48, 1, 20.0, 6.3, 0.1,62055.2397, 62055.4981, 62055.0715, 62055.2397, 0
62056.0, 5.12, 15, 5.15, 15, 0.48, 1, 20.1, 6.4, 1.2,62056.2853, 62056.4986, 62056.0707, 62056.2853, 0
62057.0, 0.00, 0, 10.30, 30, 0.48, 1, 20.1, 6.4, -1.0,0.0000, 0.0000, 62057.0699, 62057.4991, 0
62058.0, 0.00, 0, 10.33, 30, 0.48, 1, 20.1, 6.5, -1.0,0.0000, 0.0000, 62058.0691, 62058.4996, 0
62059.0, 0.00, 0, 10.36, 31, 0.48, 1, 20.2, 6.6, -1.0,0.0000, 0.0000, 62059.0683, 62059.5000, 0
62060.0, 0.00, 0, 10.39, 31, 0.48, 1, 20.2, 6.7, -1.0,0.0000, 0.0000, 62060.0675, 62060.5005, 0
62061.0, 0.00, 0, 10.42, 31, 0.48, 1, 20.3, 6.7, -1.0,0.0000, 0.0000, 62061.0667, 62061.5010, 0
62062.0, 0.00, 0, 10.45, 31, 0.48, 1, 20.3, 6.8, -1.0,0.0000, 0.0000, 62062.0659, 62062.5015, 0
62063.0, 0.00, 0, 10.48, 31, 0.48, 1, 20.4, 6.9, -1.0,0.0000, 0.0000, 62063.0652, 62063.5020, 0
62064.0, 0.00, 0, 10.51, 31, 0.48, 1, 20.4, 7.0, -1.0,0.0000, 0.0000, 62064.0645, 62064.5025, 0
62065.0, 0.00, 0, 10.54, 31, 0.48, 1, 20.5, 7.0, -1.0,0.0000, 0.0000, 62065.0637, 62065.5030, 0
62066.0, 0.00, 0, 10.57, 31, 0.48, 1, 20.5, 7.1, -1.0,0.0000, 0.0000, 62066.0630, 62066.5035, 0
62067.0, 0.00, 0, 10.60, 31, 0.48, 1, 20.6, 7.2, -1.0,0.0000, 0.0000, 62067.0623, 62067.5040, 0
62068.0, 3.82, 11, 6.81, 20, 0.48, 1, 20.6, 7.3, 0.5,62068.0616, 62068.2210, 62068.2210, 62068.5045, 0
62069.0, 4.83, 14, 5.82, 17, 0.48, 1, 20.7, 7.4, 1.5,62069.0610, 62069.2624, 62069.2624, 62069.5050, 0
62070.0, 5.81, 17, 4.88, 14, 0.48, 1, 20.7, 7.4, 2.5,62070.0603, 62070.3024, 62070.3024, 62070.5056, 0
62071.0, 6.75, 20, 3.96, 11, 0.48, 1, 20.8, 7.5, 3.5,62071.0597, 62071.3411, 62071.3411, 62071.5061, 0
62072.0, 7.67, 23, 3.07, 9, 0.48, 1, 20.8, 7.6, 4.5,62072.0590, 62072.3788, 62072.3788, 62072.5066, 0
62073.0, 8.59, 25, 2.18, 6, 0.48, 1, 20.9, 7.7, 5.5,62073.0584, 62073.4162, 62073.4162, 62073.5071, 0
62074.0, 9.50, 28, 1.29, 3, 0.48, 1, 20.9, 7.8, 6.5,62074.0578, 62074.4537, 62074.4537, 62074.5076, 0
62075.0, 10.82, 32, 0.00, 0, 0.48, 1, 21.0, 7.8, -1.0,62075.0572, 62075.5081, 0.0000, 0.0000, 0
62076.0, 10.85, 32, 0.00, 0, 0.48, 1, 21.0, 7.9, -1.0,62076.0567, 62076.5087, 0.0000, 0.0000, 0
62077.0, 10.87, 32, 0.00, 0, 0.48, 1, 21.1, 8.0, -1.0,62077.0561, 62077.5092, 0.0000, 0.0000, 1
62078.0, 10.90, 32, 0.00, 0, 0.48, 1, 21.1, 8.1, -1.0,62078.0556, 62078.5097, 0.0000, 0.0000, 0
62079.0, 10.92, 32, 0.00, 0, 0.48, 1, 21.2, 8.1, -1.0,62079.0551, 62079.5103, 0.0000, 0.0000, 0
62080.0, 10.95, 32, 0.00, 0, 0.48, 1, 21.2, 8.2, -1.0,62080.0546, 62080.5108, 0.0000, 0.0000, 0
62081.0, 9.63, 28, 1.35, 4, 0.48, 1, 21.3, 8.3, 22.6,62081.1101, 62081.5113, 62081.0541, 62081.1101, 0
62082.0, 8.63, 25, 2.37, 7, 0.48, 1, 21.4, 8.4, 23.7,62082.1522, 62082.5119, 62082.0536, 62082.1522, 0
62083.0, 7.58, 22, 3.44, 10, 0.49, 1, 21.4, 8.5, 0.9,62083.1966, 62083.5124, 62083.0532, 62083.1966, 0
62084.0, 6.50, 19, 4.54, 13, 0.49, 1, 21.5, 8.5, 2.0,62084.2420, 62084.5129, 62084.0527, 62084.2420, 0
62085.0, 5.41, 16, 5.65, 16, 0.49, 1, 21.5, 8.6, 3.2,62085.2879, 62085.5135, 62085.0523, 62085.2879, 0
62086.0, 0.00, 0, 11.09, 33, 0.49, 1, 21.6, 8.7, -1.0,0.0000, 0.0000, 62086.0519, 62086.5140, 0
62087.0, 0.00, 0, 11.11, 33, 0.49, 1, 21.6, 8.8, -1.0,0.0000, 0.0000, 62087.0516, 62087.5146, 0
62088.0, 0.00, 0, 11.13, 33, 0.49, 1, 21.7, 8.9, -1.0,0.0000, 0.0000, 62088.0512, 62088.5151, 0
62089.0, 0.00, 0, 11.16, 33, 0.49, 1, 21.7, 8.9, -1.0,0.0000, 0.0000, 62089.0509, 62089.5157, 0
62090.0, 0.00, 0, 11.18, 33, 0.49, 1, 21.8, 9.0, -1.0,0.0000, 0.0000, 62090.0505, 62090.5162, 0
62091.0, 0.00, 0, 11.20, 33, 0.49, 1, 21.9, 9.1, -1.0,0.0000, 0.0000, 62091.0502, 62091.5168, 0
62092.0, 0.00, 0, 11.22, 33, 0.49, 1, 21.9, 9.2, -1.0,0.0000, 0.0000, 62092.0500, 62092.5173, 0
62093.0, 0.00, 0, 11.24, 33, 0.49, 1, 22.0, 9.2, -1.0,0.0000, 0.0000, 62093.0497, 62093.5179, 0
62094.0, 0.00, 0, 11.26, 33, 0.49, 1, 22.0, 9.3, -1.0,0.0000, 0.0000, 62094.0495, 62094.5184, 0
62095.0, 0.00, 0, 11.27, 33, 0.49, 1, 22.1, 9.4, -1.0,0.0000, 0.0000, 62095.0492, 62095.5190, 0
62096.0, 0.00, 0, 11.29, 33, 0.49, 1, 22.2, 9.5, -1.0,0.0000, 0.0000, 62096.0490, 62096.5195, 0
62097.0, 0.00, 0, 11.31, 33, 0.49, 1, 22.2, 9.6, -1.0,0.0000, 0.0000, 62097.0488, 62097.5201, 0
62098.0, 4.86, 14, 6.47, 19, 0.49, 1, 22.3, 9.6, 3.2,62098.0487, 62098.2512, 62098.2512, 62098.5206, 0
62099.0, 5.79, 17, 5.56, 16, 0.50, 1, 22.3, 9.7, 4.1,62099.0485, 62099.2896, 62099.2896, 62099.5212, 0
62100.0, 6.69, 20, 4.67, 14, 0.50, 1, 22.4, 9.8, 5.1,62100.0484, 62100.3271, 62100.3271, 62100.5217, 0
62101.0, 7.59, 22, 3.79, 11, 0.50, 1, 22.5, 9.9, 6.1,62101.0483, 62101.3645, 62101.3645, 62101.5223, 0
62102.0, 8.50, 25, 2.89, 8, 0.50, 1, 22.5, 10.0, 7.1,62102.0482, 62102.4023, 62102.4023, 62102.5228, 0
62103.0, 9.43, 28, 1.97, 5, 0.50, 1, 22.6, 10.0, 8.1,62103.0481, 62103.4412, 62103.4412, 62103.5233, 0
62104.0, 10.40, 31, 1.02, 3, 0.50, 1, 22.7, 10.1, 9.1,62104.0481, 62104.4812, 62104.4812, 62104.5239, 0
62105.0, 11.43, 34, 0.00, 0, 0.50, 1, 22.7, 10.2, -1.0,62105.0481, 62105.5244, 0.0000, 0.0000, 0
62106.0, 11.44, 34, 0.00, 0, 0.50, 1, 22.8, 10.3, -1.0,62106.0480, 62106.5249, 0.0000, 0.0000, 1
62107.0, 11.46, 34, 0.00, 0, 0.50, 1, 22.9, 10.3, -1.0,62107.0481, 62107.5254, 0.0000, 0.0000, 0
62108.0, 11.47, 34, 0.00, 0, 0.50, 1, 22.9, 10.4, -1.0,62108.0481, 62108.5259, 0.0000, 0.0000, 0
62109.0, 11.48, 34, 0.00, 0, 0.50, 1, 23.0, 10.5, -1.0,62109.0481, 62109.5264, 0.0000, 0.0000, 0
62110.0, 10.05, 30, 1.44, 4, 0.50, 1, 23.1, 10.6, 0.5,62110.1082, 62110.5269, 62110.0482, 62110.1082, 0
62111.0, 8.96, 26, 2.54, 7, 0.50, 1, 23.1, 10.7, 1.7,62111.1540, 62111.5274, 62111.0483, 62111.1540, 0
62112.0, 7.87, 23, 3.63, 10, 0.50, 1, 23.2, 10.7, 2.8,62112.1998, 62112.5279, 62112.0484, 62112.1998, 0
62113.0, 6.79, 20, 4.72, 14, 0.50, 1, 23.3, 10.8, 4.0,62113.2453, 62113.5284, 62113.0485, 62113.2453, 0
62114.0, 5.72, 17, 5.81, 17, 0.50, 1, 23.3, 10.9, 5.2,62114.2907, 62114.5289, 62114.0486, 62114.2907, 0
62115.0, 4.63, 13, 6.90, 20, 0.50, 1, 23.4, 11.0, 6.3,62115.3365, 62115.5293, 62115.0488, 62115.3365, 0
62116.0, 0.00, 0, 11.54, 34, 0.50, 1, 23.5, 11.0, -1.0,0.0000, 0.0000, 62116.0490, 62116.5298, 0
62117.0, 0.00, 0, 11.55, 34, 0.50, 1, 23.5, 11.1, -1.0,0.0000, 0.0000, 62117.0492, 62117.5303, 0
62118.0, 0.00, 0, 11.55, 34, 0.50, 1, 23.6, 11.2, -1.0,0.0000, 0.0000, 62118.0494, 62118.5307, 0
62119.0, 0.00, 0, 11.56, 34, 0.50, 1, 23.7, 11.3, -1.0,0.0000, 0.0000, 62119.0496, 62119.5311, 0
62120.0, 0.00, 0, 11.56, 34, 0.50, 1, 23.8, 11.3, -1.0,0.0000, 0.0000, 62120.0498, 62120.5315, 0
62121.0, 0.00, 0, 11.56, 34, 0.50, 1, 23.8, 11.4, -1.0,0.0000, 0.0000, 62121.0501, 62121.5320, 0
62122.0, 0.00, 0, 11.57, 34, 0.50, 1, 23.9, 11.5, -1.0,0.0000, 0.0000, 62122.0504, 62122.5324, 0
62123.0, 0.00, 0, 11.57, 34, 0.50, 1, 24.0, 11.6, -1.0,0.0000, 0.0000, 62123.0507, 62123.5327, 0
62124.0, 0.00, 0, 11.57, 34, 0.50, 1, 0.0, 11.6, -1.0,0.0000, 0.0000, 62124.0510, 62124.5331, 0
62125.0, 0.00, 0, 11.57, 34, 0.50, 1, 0.1, 11.7, -1.0,0.0000, 0.0000, 62125.0513, 62125.5335, 0
62126.0, 0.00, 0, 11.57, 34, 0.50, 1, 0.2, 11.8, -1.0,0.0000, 0.0000, 62126.0516, 62126.5338, 0
62127.0, 0.00, 0, 11.57, 34, 0.50, 1, 0.3, 11.9, -1.0,0.0000, 0.0000, 62127.0520, 62127.5342, 0
62128.0, 5.32, 15, 6.25, 18, 0.50, 1, 0.3, 11.9, 5.7,62128.0523, 62128.2742, 62128.2742, 62128.5345, 0
62129.0, 6.22, 18, 5.35, 16, 0.50, 1, 0.4, 12.0, 6.6,62129.0527, 62129.3117, 62129.3117, 62129.5348, 0
62130.0, 7.12, 21, 4.45, 13, 0.50, 1, 0.5, 12.1, 7.6,62130.0531, 62130.3498, 62130.3498, 62130.5351, 0
62131.0, 8.05, 24, 3.51, 10, 0.50, 1, 0.6, 12.2, 8.6,62131.0535, 62131.3890, 62131.3890, 62131.5354, 0
62132.0, 9.01, 27, 2.55, 7, 0.50, 1, 0.6, 12.2, 9.7,62132.0539, 62132.4294, 62132.4294, 62132.5356, 0
62133.0, 9.99, 29, 1.57, 4, 0.50, 1, 0.7, 12.3, 10.7,62133.0543, 62133.4707, 62133.4707, 62133.5359, 0
62134.0, 10.97, 32, 0.59, 1, 0.50, 1, 0.8, 12.4, 11.8,62134.0548, 62134.5117, 62134.5117, 62134.5361, 0
62135.0, 11.55, 34, 0.00, 0, 0.50, 1, 0.9, 12.4, -1.0,62135.0552, 62135.5363, 0.0000, 0.0000, 1
62136.0, 11.54, 34, 0.00, 0, 0.50, 1, 0.9, 12.5, -1.0,62136.0557, 62136.5365, 0.0000, 0.0000, 0
62137.0, 11.53, 34, 0.00, 0, 0.50, 1, 1.0, 12.6, -1.0,62137.0561, 62137.5367, 0.0000, 0.0000, 0
62138.0, 11.53, 34, 0.00, 0, 0.50, 1, 1.1, 12.7, -1.0,62138.0566, 62138.5369, 0.0000, 0.0000, 0
62139.0, 10.27, 30, 1.25, 3, 0.50, 1, 1.2, 12.7, 2.4,62139.1092, 62139.5370, 62139.0571, 62139.1092, 0
62140.0, 9.15, 27, 2.36, 7, 0.50, 1, 1.3, 12.8, 3.6,62140.1560, 62140.5372, 62140.0576, 62140.1560, 0
62141.0, 8.04, 24, 3.46, 10, 0.50, 1, 1.3, 12.9, 4.8,62141.2023, 62141.5373, 62141.0581, 62141.2023, 0
62142.0, 6.94, 20, 4.55, 13, 0.50, 1, 1.4, 12.9, 6.0,62142.2483, 62142.5374, 62142.0586, 62142.2483, 0
62143.0, 5.83, 17, 5.65, 16, 0.50, 1, 1.5, 13.0, 7.2,62143.2944, 62143.5375, 62143.0591, 62143.2944, 0
62144.0, 4.72, 14, 6.75, 20, 0.50, 1, 1.6, 13.1, 8.3,62144.3410, 62144.5375, 62144.0596, 62144.3410, 0
62145.0, 0.00, 0, 11.46, 34, 0.50, 1, 1.6, 13.1, -1.0,0.0000, 0.0000, 62145.0602, 62145.5376, 0
62146.0, 0.00, 0, 11.45, 34, 0.50, 1, 1.7, 13.2, -1.0,0.0000, 0.0000, 62146.0607, 62146.5376, 0
62147.0, 0.00, 0, 11.43, 34, 0.50, 1, 1.8, 13.3, -1.0,0.0000, 0.0000, 62147.0612, 62147.5376, 0
62148.0, 0.00, 0, 11.42, 34, 0.50, 1, 1.9, 13.3, -1.0,0.0000, 0.0000, 62148.0618, 62148.5376, 0
62149.0, 0.00, 0, 11.41, 34, 0.50, 1, 2.0, 13.4, -1.0,0.0000, 0.0000, 62149.0623, 62149.5375, 0
62150.0, 0.00, 0, 11.39, 34, 0.50, 1, 2.0, 13.5, -1.0,0.0000, 0.0000, 62150.0629, 62150.5375, 0
62151.0, 0.00, 0, 11.38, 34, 0.50, 1, 2.1, 13.5, -1.0,0.0000, 0.0000, 62151.0634, 62151.5374, 0
62152.0, 0.00, 0, 11.36, 34, 0.50, 1, 2.2, 13.6, -1.0,0.0000, 0.0000, 62152.0640, 62152.5373, 0
62153.0, 0.00, 0, 11.34, 34, 0.50, 1, 2.3, 13.7, -1.0,0.0000, 0.0000, 62153.0646, 62153.5372, 0
62154.0, 0.00, 0, 11.33, 33, 0.49, 1, 2.4, 13.7, -1.0,0.0000, 0.0000, 62154.0651, 62154.5371, 0
62155.0, 0.00, 0, 11.31, 33, 0.49, 1, 2.4, 13.8, -1.0,0.0000, 0.0000, 62155.0657, 62155.5370, 0
62156.0, 0.00, 0, 11.29, 33, 0.49, 1, 2.5, 13.8, -1.0,0.0000, 0.0000, 62156.0663, 62156.5368, 0
62157.0, 0.00, 0, 11.27, 33, 0.49, 1, 2.6, 13.9, -1.0,0.0000, 0.0000, 62157.0669, 62157.5366, 0
62158.0, 5.52, 16, 5.74, 17, 0.49, 1, 2.7, 14.0, 8.2,62158.0674, 62158.2974, 62158.2974, 62158.5364, 0
62159.0, 6.45, 19, 4.79, 14, 0.49, 1, 2.8, 14.0, 9.2,62159.0680, 62159.3367, 62159.3367, 62159.5362, 0
62160.0, 7.40, 22, 3.82, 11, 0.49, 1, 2.8, 14.1, 10.3,62160.0686, 62160.3769, 62160.3769, 62160.5359, 0
62161.0, 8.36, 25, 2.84, 8, 0.49, 1, 2.9, 14.1, 11.3,62161.0692, 62161.4174, 62161.4174, 62161.5357, 0
62162.0, 9.30, 27, 1.88, 5, 0.49, 1, 3.0, 14.2, 12.3,62162.0697, 62162.4572, 62162.4572, 62162.5354, 0
62163.0, 10.19, 30, 0.97, 2, 0.49, 1, 3.1, 14.3, 13.3,62163.0703, 62163.4949, 62163.4949, 62163.5351, 0
62164.0, 11.13, 33, 0.00, 0, 0.49, 1, 3.2, 14.3, -1.0,62164.0709, 62164.5348, 0.0000, 0.0000, 0
62165.0, 11.11, 33, 0.00, 0, 0.49, 1, 3.2, 14.4, -1.0,62165.0715, 62165.5344, 0.0000, 0.0000, 0
62166.0, 11.09, 33, 0.00, 0, 0.49, 1, 3.3, 14.4, -1.0,62166.0721, 62166.5341, 0.0000, 0.0000, 1
62167.0, 11.07, 33, 0.00, 0, 0.49, 1, 3.4, 14.5, -1.0,62167.0726, 62167.5337, 0.0000, 0.0000, 0
62168.0, 10.19, 30, 0.85, 2, 0.49, 1, 3.5, 14.5, 4.3,62168.1086, 62168.5333, 62168.0732, 62168.1086, 0
62169.0, 9.04, 27, 1.98, 5, 0.49, 1, 3.6, 14.6, 5.5,62169.1563, 62169.5329, 62169.0738, 62169.1563, 0
62170.0, 7.89, 23, 3.11, 9, 0.48, 1, 3.6, 14.7, 6.8,62170.2039, 62170.5325, 62170.0744, 62170.2039, 0
62171.0, 6.73, 20, 4.24, 12, 0.48, 1, 3.7, 14.7, 8.0,62171.2515, 62171.5320, 62171.0749, 62171.2515, 0
62172.0, 5.58, 16, 5.37, 16, 0.48, 1, 3.8, 14.8, 9.2,62172.2990, 62172.5316, 62172.0755, 62172.2990, 0
62173.0, 4.45, 13, 6.47, 19, 0.48, 1, 3.9, 14.8, 10.4,62173.3457, 62173.5311, 62173.0761, 62173.3457, 0
62174.0, 0.00, 0, 10.90, 32, 0.48, 1, 3.9, 14.9, -1.0,0.0000, 0.0000, 62174.0766, 62174.5306, 0
62175.0, 0.00, 0, 10.87, 32, 0.48, 1, 4.0, 14.9, -1.0,0.0000, 0.0000, 62175.0772, 62175.5301, 0
62176.0, 0.00, 0, 10.84, 32, 0.48, 1, 4.1, 15.0, -1.0,0.0000, 0.0000, 62176.0778, 62176.5296, 0
62177.0, 0.00, 0, 10.82, 32, 0.48, 1, 4.2, 15.0, -1.0,0.0000, 0.0000, 62177.0783, 62177.5290, 0
62178.0, 0.00, 0, 10.79, 32, 0.48, 1, 4.3, 15.1, -1.0,0.0000, 0.0000, 62178.0789, 62178.5285, 0
62179.0, 0.00, 0, 10.76, 32, 0.48, 1, 4.3, 15.1, -1.0,0.0000, 0.0000, 62179.0795, 62179.5279, 0
62180.0, 0.00, 0, 10.73, 32, 0.48, 1, 4.4, 15.2, -1.0,0.0000, 0.0000, 62180.0800, 62180.5273, 0
62181.0, 0.00, 0, 10.71, 32, 0.48, 1, 4.5, 15.2, -1.0,0.0000, 0.0000, 62181.0806, 62181.5267, 0
62182.0, 0.00, 0, 10.68, 32, 0.48, 1, 4.6, 15.3, -1.0,0.0000, 0.0000, 62182.0811, 62182.5261, 0
62183.0, 0.00, 0, 10.65, 31, 0.48, 1, 4.7, 15.3, -1.0,0.0000, 0.0000, 62183.0817, 62183.5254, 0
62184.0, 0.00, 0, 10.62, 31, 0.48, 1, 4.7, 15.4, -1.0,0.0000, 0.0000, 62184.0822, 62184.5248, 0
62185.0, 0.00, 0, 10.59, 31, 0.48, 1, 4.8, 15.4, -1.0,0.0000, 0.0000, 62185.0828, 62185.5241, 0
62186.0, 0.00, 0, 10.56, 31, 0.48, 1, 4.9, 15.5, -1.0,0.0000, 0.0000, 62186.0833, 62186.5235, 0
62187.0, 4.84, 14, 5.70, 17, 0.48, 1, 5.0, 15.5, 9.8,62187.0839, 62187.2854, 62187.2854, 62187.5228, 0
62188.0, 5.78, 17, 4.73, 14, 0.48, 1, 5.1, 15.6, 10.8,62188.0844, 62188.3251, 62188.3251, 62188.5221, 0
62189.0, 6.70, 20, 3.77, 11, 0.48, 1, 5.1, 15.6, 11.9,62189.0850, 62189.3642, 62189.3642, 62189.5213, 0
62190.0, 7.59, 22, 2.85, 8, 0.48, 1, 5.2, 15.7, 12.8,62190.0855, 62190.4019, 62190.4019, 62190.5206, 0
62191.0, 8.43, 25, 1.98, 5, 0.48, 1, 5.3, 15.7, 13.7,62191.0860, 62191.4372, 62191.4372, 62191.5199, 0
62192.0, 9.19, 27, 1.19, 3, 0.48, 1, 5.4, 15.8, 14.6,62192.0866, 62192.4694, 62192.4694, 62192.5191, 0
62193.0, 9.88, 29, 0.47, 1, 0.48, 1, 5.5, 15.8, 15.4,62193.0871, 62193.4987, 62193.4987, 62193.5183, 0
62194.0, 10.32, 30, 0.00, 0, 0.48, 1, 5.5, 15.9, -1.0,62194.0876, 62194.5176, 0.0000, 0.0000, 0
62195.0, 10.29, 30, 0.00, 0, 0.48, 1, 5.6, 15.9, -1.0,62195.0882, 62195.5168, 0.0000, 0.0000, 1
62196.0, 10.25, 30, 0.00, 0, 0.48, 1, 5.7, 16.0, -1.0,62196.0887, 62196.5160, 0.0000, 0.0000, 0
62197.0, 10.22, 30, 0.00, 0, 0.48, 1, 5.8, 16.0, -1.0,62197.0892, 62197.5152, 0.0000, 0.0000, 0
62198.0, 8.60, 25, 1.59, 4, 0.48, 1, 5.8, 16.1, 7.4,62198.1560, 62198.5143, 62198.0898, 62198.1560, 0
62199.0, 7.39, 22, 2.77, 8, 0.48, 1, 5.9, 16.1, 8.7,62199.2056, 62199.5135, 62199.0903, 62199.2056, 0
62200.0, 6.20, 18, 3.92, 11, 0.48, 1, 6.0, 16.2, 9.9,62200.2543, 62200.5127, 62200.0908, 62200.2543, 0
62201.0, 5.06, 15, 5.03, 15, 0.48, 1, 6.1, 16.2, 11.1,62201.3010, 62201.5118, 62201.0913, 62201.3010, 0
62202.0, 4.01, 12, 6.05, 18, 0.48, 1, 6.2, 16.2, 12.2,62202.3439, 62202.5110, 62202.0919, 62202.3439, 0
62203.0, 3.08, 9, 6.95, 20, 0.48, 1, 6.2, 16.3, 13.2,62203.3820, 62203.5101, 62203.0924, 62203.3820, 0
62204.0, 0.00, 0, 9.99, 29, 0.48, 1, 6.3, 16.3, -1.0,0.0000, 0.0000, 62204.0929, 62204.5092, 0
62205.0, 0.00, 0, 9.96, 29, 0.48, 1, 6.4, 16.4, -1.0,0.0000, 0.0000, 62205.0935, 62205.5083, 0
62206.0, 0.00, 0, 9.92, 29, 0.48, 1, 6.5, 16.4, -1.0,0.0000, 0.0000, 62206.0940, 62206.5075, 0
62207.0, 0.00, 0, 9.89, 29, 0.48, 1, 6.5, 16.5, -1.0,0.0000, 0.0000, 62207.0945, 62207.5066, 0
62208.0, 0.00, 0, 9.85, 29, 0.48, 1, 6.6, 16.5, -1.0,0.0000, 0.0000, 62208.0950, 62208.5057, 0
62209.0, 0.00, 0, 9.82, 29, 0.48, 1, 6.7, 16.6, -1.0,0.0000, 0.0000, 62209.0956, 62209.5047, 0
62210.0, 0.00, 0, 9.79, 29, 0.48, 1, 6.8, 16.6, -1.0,0.0000, 0.0000, 62210.0961, 62210.5038, 0
62211.0, 0.00, 0, 9.75, 29, 0.48, 1, 6.9, 16.6, -1.0,0.0000, 0.0000, 62211.0966, 62211.5029, 0
62212.0, 0.00, 0, 9.72, 29, 0.48, 1, 6.9, 16.7, -1.0,0.0000, 0.0000, 62212.0972, 62212.5020, 0
62213.0, 0.00, 0, 9.68, 29, 0.48, 1, 7.0, 16.7, -1.0,0.0000, 0.0000, 62213.0977, 62213.5010, 0
62214.0, 0.00, 0, 9.64, 28, 0.48, 1, 7.1, 16.8, -1.0,0.0000, 0.0000, 62214.0982, 62214.5001, 0
62215.0, 0.00, 0, 9.61, 28, 0.48, 1, 7.2, 16.8, -1.0,0.0000, 0.0000, 62215.0988, 62215.4991, 0
62216.0, 0.00, 0, 9.57, 28, 1.12, 3, 7.3, 16.9, -1.0,0.0000, 0.0000, 62216.0993, 62216.4982, 0
62217.0, 5.09, 15, 4.44, 13, 1.12, 3, 7.3, 16.9, 12.4,62217.0999, 62217.3121, 62217.3121, 62217.4972, 0
62218.0, 5.93, 17, 3.58, 10, 1.12, 3, 7.4, 16.9, 13.4,62218.1004, 62218.3473, 62218.3473, 62218.4963, 0
62219.0, 6.69, 20, 2.77, 8, 1.13, 3, 7.5, 17.0, 14.2,62219.1009, 62219.3797, 62219.3797, 62219.4953, 0
62220.0, 7.39, 22, 2.04, 6, 1.13, 3, 7.6, 17.0, 15.0,62220.1015, 62220.4093, 62220.4093, 62220.4944, 0
62221.0, 8.03, 24, 1.37, 4, 1.13, 3, 7.6, 17.1, 15.7,62221.1020, 62221.4365, 62221.4365, 62221.4934, 0
62222.0, 8.62, 25, 0.73, 2, 1.13, 3, 7.7, 17.1, 16.4,62222.1026, 62222.4619, 62222.4619, 62222.4924, 0
62223.0, 9.32, 27, 0.00, 0, 1.13, 3, 7.8, 17.2, -1.0,62223.1031, 62223.4914, 0.0000, 0.0000, 0
62224.0, 9.28, 27, 0.00, 0, 1.13, 3, 7.9, 17.2, -1.0,62224.1037, 62224.4905, 0.0000, 0.0000, 0
62225.0, 9.25, 27, 0.00, 0, 1.14, 3, 8.0, 17.2, -1.0,62225.1043, 62225.4895, 0.0000, 0.0000, 1
62226.0, 9.21, 27, 0.00, 0, 1.14, 3, 8.0, 17.3, -1.0,62226.1048, 62226.4885, 0.0000, 0.0000, 0
62227.0, 7.96, 23, 1.21, 3, 1.14, 3, 8.1, 17.3, 9.3,62227.1560, 62227.4875, 62227.1054, 62227.1560, 0
62228.0, 6.74, 20, 2.39, 7, 1.14, 3, 8.2, 17.4, 10.6,62228.2055, 62228.4866, 62228.1060, 62228.2055, 0
62229.0, 5.61, 16, 3.49, 10, 1.15, 3, 8.3, 17.4, 11.8,62229.2519, 62229.4856, 62229.1065, 62229.2519, 0
62230.0, 4.59, 13, 4.47, 13, 1.15, 3, 8.4, 17.4, 12.8,62230.2932, 62230.4846, 62230.1071, 62230.2932, 0
62231.0, 3.71, 11, 5.31, 15, 1.15, 3, 8.4, 17.5, 13.8,62231.3289, 62231.4836, 62231.1077, 62231.3289, 0
62232.0, 2.96, 8, 6.02, 18, 1.15, 3, 8.5, 17.5, 14.6,62232.3593, 62232.4826, 62232.1083, 62232.3593, 0
62233.0, 0.00, 0, 8.95, 26, 1.16, 3, 8.6, 17.6, -1.0,0.0000, 0.0000, 62233.1088, 62233.4817, 0
62234.0, 0.00, 0, 8.91, 26, 1.16, 3, 8.7, 17.6, -1.0,0.0000, 0.0000, 62234.1094, 62234.4807, 0
62235.0, 0.00, 0, 8.87, 26, 1.16, 3, 8.8, 17.7, -1.0,0.0000, 0.0000, 62235.1100, 62235.4797, 0
62236.0, 0.00, 0, 8.83, 26, 1.16, 3, 8.8, 17.7, -1.0,0.0000, 0.0000, 62236.1106, 62236.4788, 0
62237.0, 0.00, 0, 8.80, 26, 1.17, 3, 8.9, 17.7, -1.0,0.0000, 0.0000, 62237.1112, 62237.4778, 0
62238.0, 0.00, 0, 8.76, 26, 1.17, 3, 9.0, 17.8, -1.0,0.0000, 0.0000, 62238.1118, 62238.4768, 0
62239.0, 0.00, 0, 8.72, 26, 1.17, 3, 9.1, 17.8, -1.0,0.0000, 0.0000, 62239.1125, 62239.4759, 0
62240.0, 0.00, 0, 8.68, 26, 1.18, 3, 9.2, 17.9, -1.0,0.0000, 0.0000, 62240.1131, 62240.4749, 0
62241.0, 0.00, 0, 8.65, 25, 1.18, 3, 9.2, 17.9, -1.0,0.0000, 0.0000, 62241.1137, 62241.4740, 0
62242.0, 0.00, 0, 8.61, 25, 1.18, 3, 9.3, 18.0, -1.0,0.0000, 0.0000, 62242.1143, 62242.4730, 0
62243.0, 0.00, 0, 8.57, 25, 1.19, 3, 9.4, 18.0, -1.0,0.0000, 0.0000, 62243.1149, 62243.4721, 0
62244.0, 0.00, 0, 8.53, 25, 1.19, 3, 9.5, 18.0, -1.0,0.0000, 0.0000, 62244.1156, 62244.4711, 0
62245.0, 0.00, 0, 8.50, 25, 1.19, 3, 9.6, 18.1, -1.0,0.0000, 0.0000, 62245.1162, 62245.4702, 0
62246.0, 0.00, 0, 8.46, 25, 1.20, 3, 9.6, 18.1, -1.0,0.0000, 0.0000, 62246.1168, 62246.4693, 0
62247.0, 4.93, 14, 3.49, 10, 1.20, 3, 9.7, 18.2, 14.7,62247.1175, 62247.3231, 62247.3231, 62247.4684, 0
62248.0, 5.57, 16, 2.82, 8, 1.21, 3, 9.8, 18.2, 15.4,62248.1181, 62248.3501, 62248.3501, 62248.4674, 0
62249.0, 6.16, 18, 2.19, 6, 1.21, 3, 9.9, 18.3, 16.1,62249.1188, 62249.3753, 62249.3753, 62249.4665, 0
62250.0, 6.72, 20, 1.59, 4, 1.21, 3, 10.0, 18.3, 16.7,62250.1194, 62250.3994, 62250.3994, 62250.4656, 0
62251.0, 7.28, 21, 0.99, 2, 1.22, 3, 10.1, 18.3, 17.4,62251.1200, 62251.4233, 62251.4233, 62251.4647, 0
62252.0, 8.24, 24, 0.00, 0, 1.22, 3, 10.1, 18.4, -1.0,62252.1207, 62252.4639, 0.0000, 0.0000, 0
62253.0, 8.20, 24, 0.00, 0, 1.23, 3, 10.2, 18.4, -1.0,62253.1214, 62253.4630, 0.0000, 0.0000, 0
62254.0, 8.16, 24, 0.00, 0, 1.23, 3, 10.3, 18.5, -1.0,62254.1220, 62254.4621, 0.0000, 0.0000, 1
62255.0, 8.13, 24, 0.00, 0, 1.23, 3, 10.4, 18.5, -1.0,62255.1227, 62255.4613, 0.0000, 0.0000, 0
62256.0, 7.36, 22, 0.73, 2, 1.24, 3, 10.5, 18.6, 11.2,62256.1537, 62256.4604, 62256.1233, 62256.1537, 0
62257.0, 6.26, 18, 1.80, 5, 1.24, 3, 10.5, 18.6, 12.3,62257.1989, 62257.4596, 62257.1240, 62257.1989, 0
62258.0, 5.29, 15, 2.73, 8, 1.25, 3, 10.6, 18.7, 13.4,62258.2384, 62258.4588, 62258.1247, 62258.2384, 0
62259.0, 4.46, 13, 3.52, 10, 1.25, 3, 10.7, 18.7, 14.2,62259.2720, 62259.4580, 62259.1253, 62259.2720, 0
62260.0, 3.76, 11, 4.19, 12, 1.26, 3, 10.8, 18.8, 15.0,62260.3004, 62260.4572, 62260.1260, 62260.3004, 0
62261.0, 3.16, 9, 4.76, 14, 1.26, 3, 10.9, 18.8, 15.6,62261.3248, 62261.4564, 62261.1267, 62261.3248, 0
62262.0, 2.62, 7, 5.26, 15, 1.27, 3, 11.0, 18.9, 16.2,62262.3464, 62262.4556, 62262.1273, 62262.3464, 0
62263.0, 0.00, 0, 7.84, 23, 1.27, 3, 11.0, 18.9, -1.0,0.0000, 0.0000, 62263.1280, 62263.4548, 0
62264.0, 0.00, 0, 7.81, 23, 1.27, 3, 11.1, 18.9, -1.0,0.0000, 0.0000, 62264.1287, 62264.4541, 0
62265.0, 0.00, 0, 7.78, 23, 1.28, 3, 11.2, 19.0, -1.0,0.0000, 0.0000, 62265.1294, 62265.4534, 0
62266.0, 0.00, 0, 7.74, 23, 1.28, 3, 11.3, 19.0, -1.0,0.0000, 0.0000, 62266.1300, 62266.4526, 0
62267.0, 0.00, 0, 7.71, 23, 1.29, 3, 11.4, 19.1, -1.0,0.0000, 0.0000, 62267.1307, 62267.4519, 0
62268.0, 0.00, 0, 7.68, 23, 1.29, 3, 11.4, 19.1, -1.0,0.0000, 0.0000, 62268.1314, 62268.4513, 0
62269.0, 0.00, 0, 7.65, 22, 1.30, 3, 11.5, 19.2, -1.0,0.0000, 0.0000, 62269.1320, 62269.4506, 0
62270.0, 0.00, 0, 7.61, 22, 1.30, 3, 11.6, 19.2, -1.0,0.0000, 0.0000, 62270.1327, 62270.4499, 0
62271.0, 0.00, 0, 7.58, 22, 1.31, 3, 11.7, 19.3, -1.0,0.0000, 0.0000, 62271.1334, 62271.4493, 0
62272.0, 0.00, 0, 7.55, 22, 1.31, 3, 11.8, 19.3, -1.0,0.0000, 0.0000, 62272.1340, 62272.4487, 0
62273.0, 0.00, 0, 7.52, 22, 1.32, 3, 11.9, 19.4, -1.0,0.0000, 0.0000, 62273.1347, 62273.4481, 0
62274.0, 0.00, 0, 7.49, 22, 1.32, 3, 11.9, 19.4, -1.0,0.0000, 0.0000, 62274.1353, 62274.4475, 0
62275.0, 0.00, 0, 7.46, 22, 1.32, 3, 12.0, 19.5, -1.0,0.0000, 0.0000, 62275.1360, 62275.4469, 0
62276.0, 3.72, 11, 3.71, 11, 1.33, 3, 12.1, 19.5, 15.8,62276.1366, 62276.2918, 62276.2918, 62276.4463, 0
62277.0, 4.28, 12, 3.13, 9, 1.33, 3, 12.2, 19.6, 16.5,62277.1372, 62277.3154, 62277.3154, 62277.4458, 0
62278.0, 4.82, 14, 2.56, 7, 1.34, 4, 12.3, 19.7, 17.1,62278.1378, 62278.3385, 62278.3385, 62278.4453, 0
62279.0, 5.37, 16, 1.99, 5, 1.34, 4, 12.3, 19.7, 17.7,62279.1385, 62279.3621, 62279.3621, 62279.4448, 0
62280.0, 5.96, 17, 1.37, 4, 1.35, 4, 12.4, 19.8, 18.4,62280.1391, 62280.3872, 62280.3872, 62280.4443, 0
62281.0, 6.61, 19, 0.69, 2, 1.35, 4, 12.5, 19.8, 19.1,62281.1397, 62281.4152, 62281.4152, 62281.4439, 0
62282.0, 7.28, 21, 0.00, 0, 1.35, 4, 12.6, 19.9, -1.0,62282.1402, 62282.4434, 0.0000, 0.0000, 1
62283.0, 7.25, 21, 0.00, 0, 1.36, 4, 12.7, 19.9, -1.0,62283.1408, 62283.4430, 0.0000, 0.0000, 0
62284.0, 7.23, 21, 0.00, 0, 1.36, 4, 12.7, 20.0, -1.0,62284.1414, 62284.4426, 0.0000, 0.0000, 0
62285.0, 7.21, 21, 0.00, 0, 1.36, 4, 12.8, 20.0, -1.0,62285.1420, 62285.4422, 0.0000, 0.0000, 0
62286.0, 6.26, 18, 0.93, 2, 1.37, 4, 12.9, 20.1, 13.8,62286.1811, 62286.4419, 62286.1425, 62286.1811, 0
62287.0, 5.49, 16, 1.67, 5, 1.37, 4, 13.0, 20.2, 14.6,62287.2126, 62287.4415, 62287.1430, 62287.2126, 0
62288.0, 4.85, 14, 2.30, 6, 1.37, 4, 13.1, 20.2, 15.4,62288.2394, 62288.4412, 62288.1436, 62288.2394, 0
62289.0, 4.28, 12, 2.84, 8, 1.38, 4, 13.1, 20.3, 16.0,62289.2626, 62289.4410, 62289.1441, 62289.2626, 0
62290.0, 3.77, 11, 3.33, 9, 1.38, 4, 13.2, 20.3, 16.5,62290.2834, 62290.4407, 62290.1446, 62290.2834, 0
62291.0, 3.30, 9, 3.79, 11, 1.38, 4, 13.3, 20.4, 17.1,62291.3030, 62291.4405, 62291.1450, 62291.3030, 0
62292.0, 2.84, 8, 4.24, 12, 1.39, 4, 13.4, 20.5, 17.6,62292.3220, 62292.4402, 62292.1455, 62292.3220, 0
62293.0, 0.00, 0, 7.06, 21, 1.39, 4, 13.4, 20.5, -1.0,0.0000, 0.0000, 62293.1460, 62293.4400, 0
62294.0, 0.00, 0, 7.04, 21, 1.39, 4, 13.5, 20.6, -1.0,0.0000, 0.0000, 62294.1464, 62294.4399, 0
62295.0, 0.00, 0, 7.03, 21, 1.39, 4, 13.6, 20.6, -1.0,0.0000, 0.0000, 62295.1468, 62295.4397, 0
62296.0, 0.00, 0, 7.02, 21, 1.40, 4, 13.7, 20.7, -1.0,0.0000, 0.0000, 62296.1472, 62296.4396, 0
62297.0, 0.00, 0, 7.01, 21, 1.40, 4, 13.7, 20.8, -1.0,0.0000, 0.0000, 62297.1476, 62297.4395, 0
62298.0, 0.00, 0, 6.99, 20, 1.40, 4, 13.8, 20.8, -1.0,0.0000, 0.0000, 62298.1480, 62298.4394, 0
62299.0, 0.00, 0, 6.98, 20, 1.40, 4, 13.9, 20.9, -1.0,0.0000, 0.0000, 62299.1483, 62299.4394, 0
62300.0, 0.00, 0, 6.98, 20, 1.40, 4, 14.0, 21.0, -1.0,0.0000, 0.0000, 62300.1487, 62300.4393, 0
62301.0, 0.00, 0, 6.97, 20, 1.41, 4, 14.0, 21.0, -1.0,0.0000, 0.0000, 62301.1490, 62301.4393, 0
62302.0, 0.00, 0, 6.96, 20, 1.41, 4, 14.1, 21.1, -1.0,0.0000, 0.0000, 62302.1493, 62302.4393, 0
62303.0, 0.00, 0, 6.96, 20, 1.41, 4, 14.2, 21.2, -1.0,0.0000, 0.0000, 62303.1495, 62303.4394, 0
62304.0, 0.00, 0, 6.95, 20, 1.41, 4, 14.3, 21.2, -1.0,0.0000, 0.0000, 62304.1498, 62304.4394, 0
62305.0, 2.56, 7, 4.39, 13, 1.41, 4, 14.3, 21.3, 16.9,62305.1500, 62305.2565, 62305.2565, 62305.4395, 0
62306.0, 3.10, 9, 3.85, 11, 1.41, 4, 14.4, 21.4, 17.5,62306.1502, 62306.2794, 62306.2794, 62306.4396, 0
62307.0, 3.67, 10, 3.28, 9, 1.41, 4, 14.5, 21.4, 18.1,62307.1504, 62307.3032, 62307.3032, 62307.4397, 0
62308.0, 4.28, 12, 2.66, 7, 1.41, 4, 14.5, 21.5, 18.8,62308.1506, 62308.3291, 62308.3291, 62308.4399, 0
62309.0, 4.98, 14, 1.96, 5, 1.41, 4, 14.6, 21.6, 19.6,62309.1507, 62309.3583, 62309.3583, 62309.4401, 0
62310.0, 5.78, 17, 1.16, 3, 1.41, 4, 14.7, 21.6, 20.5,62310.1508, 62310.3918, 62310.3918, 62310.4403, 0
62311.0, 6.95, 20, 0.00, 0, 1.41, 4, 14.7, 21.7, -1.0,62311.1509, 62311.4405, 0.0000, 0.0000, 0
62312.0, 6.95, 20, 0.00, 0, 1.41, 4, 14.8, 21.8, -1.0,62312.1510, 62312.4407, 0.0000, 0.0000, 0
62313.0, 6.96, 20, 0.00, 0, 1.41, 4, 14.9, 21.9, -1.0,62313.1510, 62313.4409, 0.0000, 0.0000, 1
62314.0, 6.96, 20, 0.00, 0, 1.41, 4, 14.9, 21.9, -1.0,62314.1510, 62314.4412, 0.0000, 0.0000, 0
62315.0, 6.97, 20, 0.00, 0, 1.40, 4, 15.0, 22.0, -1.0,62315.1510, 62315.4415, 0.0000, 0.0000, 0
62316.0, 6.35, 19, 0.63, 1, 1.40, 4, 15.1, 22.1, 15.7,62316.1773, 62316.4418, 62316.1510, 62316.1773, 0
62317.0, 5.82, 17, 1.16, 3, 1.40, 4, 15.1, 22.1, 16.3,62317.1995, 62317.4421, 62317.1510, 62317.1995, 0
62318.0, 5.34, 16, 1.65, 4, 1.40, 4, 15.2, 22.2, 16.9,62318.2198, 62318.4425, 62318.1509, 62318.2198, 0
62319.0, 4.89, 14, 2.12, 6, 1.40, 4, 15.3, 22.3, 17.4,62319.2393, 62319.4429, 62319.1508, 62319.2393, 0
62320.0, 4.43, 13, 2.59, 7, 1.40, 4, 15.3, 22.4, 17.9,62320.2587, 62320.4432, 62320.1507, 62320.2587, 1
62321.0, 3.95, 11, 3.08, 9, 1.39, 4, 15.4, 22.4, 18.5,62321.2789, 62321.4436, 62321.1505, 62321.2789, 1
62322.0, 0.00, 0, 7.05, 21, 1.39, 4, 15.4, 22.5, -1.0,0.0000, 0.0000, 62322.1504, 62322.4441, 1
62323.0, 0.00, 0, 7.06, 21, 1.39, 4, 15.5, 22.6, -1.0,0.0000, 0.0000, 62323.1502, 62323.4445, 1
62324.0, 0.00, 0, 7.08, 21, 1.39, 4, 15.6, 22.7, -1.0,0.0000, 0.0000, 62324.1500, 62324.4449, 1
62325.0, 0.00, 0, 7.10, 21, 1.38, 4, 15.6, 22.7, -1.0,0.0000, 0.0000, 62325.1497, 62325.4454, 1
62326.0, 0.00, 0, 7.11, 21, 1.38, 4, 15.7, 22.8, -1.0,0.0000, 0.0000, 62326.1495, 62326.4459, 1
62327.0, 0.00, 0, 7.13, 21, 1.38, 4, 15.7, 22.9, -1.0,0.0000, 0.0000, 62327.1492, 62327.4464, 1
62328.0, 0.00, 0, 7.15, 21, 1.37, 4, 15.8, 23.0, -1.0,0.0000, 0.0000, 62328.1489, 62328.4469, 1
62329.0, 0.00, 0, 7.17, 21, 1.37, 4, 15.9, 23.1, -1.0,0.0000, 0.0000, 62329.1485, 62329.4474, 1
62330.0, 0.00, 0, 7.19, 21, 1.37, 4, 15.9, 23.1, -1.0,0.0000, 0.0000, 62330.1482, 62330.4479, 1
62331.0, 0.00, 0, 7.21, 21, 1.36, 4, 16.0, 23.2, -1.0,0.0000, 0.0000, 62331.1478, 62331.4484, 1
62332.0, 0.00, 0, 7.24, 21, 1.36, 4, 16.0, 23.3, -1.0,0.0000, 0.0000, 62332.1474, 62332.4490, 1
62333.0, 0.00, 0, 7.26, 21, 1.36, 4, 16.1, 23.4, -1.0,0.0000, 0.0000, 62333.1470, 62333.4495, 1
62334.0, 0.00, 0, 7.28, 21, 1.35, 4, 16.1, 23.5, -1.0,0.0000, 0.0000, 62334.1466, 62334.4501, 1
62335.0, 2.41, 7, 4.90, 14, 1.35, 4, 16.2, 23.5, 18.6,62335.1461, 62335.2464, 62335.2464, 62335.4507, 1
62336.0, 3.08, 9, 4.25, 12, 1.34, 4, 16.3, 23.6, 19.3,62336.1456, 62336.2740, 62336.2740, 62336.4512, 1
62337.0, 3.84, 11, 3.52, 10, 1.34, 4, 16.3, 23.7, 20.2,62337.1451, 62337.3053, 62337.3053, 62337.4518, 1
62338.0, 4.71, 14, 2.68, 8, 1.34, 4, 16.4, 23.8, 21.1,62338.1446, 62338.3408, 62338.3408, 62338.4524, 1
62339.0, 5.68, 17, 1.74, 5, 1.33, 3, 16.4, 23.8, 22.1,62339.1441, 62339.3807, 62339.3807, 62339.4530, 1
62340.0, 6.73, 20, 0.72, 2, 1.33, 3, 16.5, 23.9, 23.2,62340.1435, 62340.4238, 62340.4238, 62340.4536, 1
62341.0, 7.47, 22, 0.00, 0, 1.32, 3, 16.5, 0.0, -1.0,62341.1429, 62341.4542, 0.0000, 0.0000, 1
62342.0, 7.50, 22, 0.00, 0, 1.32, 3, 16.6, 0.1, -1.0,62342.1423, 62342.4548, 0.0000, 0.0000, 1
62343.0, 7.53, 22, 0.00, 0, 1.31, 3, 16.6, 0.2, -1.0,62343.1417, 62343.4555, 0.0000, 0.0000, 1
62344.0, 7.56, 22, 0.00, 0, 1.31, 3, 16.7, 0.3, -1.0,62344.1411, 62344.4561, 0.0000, 0.0000, 1
62345.0, 7.59, 22, 0.00, 0, 1.31, 3, 16.7, 0.3, -1.0,62345.1405, 62345.4567, 0.0000, 0.0000, 1
62346.0, 7.62, 22, 0.00, 0, 1.30, 3, 16.8, 0.4, -1.0,62346.1398, 62346.4573, 0.0000, 0.0000, 1
62347.0, 6.77, 20, 0.88, 2, 1.30, 3, 16.8, 0.5, 17.7,62347.1760, 62347.4580, 62347.1391, 62347.1760, 1
62348.0, 6.30, 18, 1.38, 4, 1.29, 3, 16.9, 0.6, 18.3,62348.1959, 62348.4586, 62348.1384, 62348.1959, 1
62349.0, 5.81, 17, 1.90, 5, 1.29, 3, 16.9, 0.7, 18.8,62349.2170, 62349.4592, 62349.1377, 62349.2170, 1
62350.0, 5.28, 15, 2.47, 7, 1.28, 3, 17.0, 0.7, 19.4,62350.2400, 62350.4599, 62350.1370, 62350.2400, 1
62351.0, 4.67, 14, 3.11, 9, 1.28, 3, 17.0, 0.8, 20.1,62351.2658, 62351.4605, 62351.1362, 62351.2658, 1
62352.0, 0.00, 0, 7.82, 23, 1.27, 3, 17.1, 0.9, -1.0,0.0000, 0.0000, 62352.1355, 62352.4611, 1
62353.0, 0.00, 0, 7.85, 23, 1.27, 3, 17.1, 1.0, -1.0,0.0000, 0.0000, 62353.1347, 62353.4618, 1
62354.0, 0.00, 0, 7.88, 23, 1.26, 3, 17.2, 1.1, -1.0,0.0000, 0.0000, 62354.1339, 62354.4624, 1
62355.0, 0.00, 0, 7.92, 23, 1.26, 3, 17.2, 1.1, -1.0,0.0000, 0.0000, 62355.1331, 62355.4630, 1
62356.0, 0.00, 0, 7.95, 23, 1.26, 3, 17.2, 1.2, -1.0,0.0000, 0.0000, 62356.1323, 62356.4637, 1
62357.0, 0.00, 0, 7.99, 23, 1.25, 3, 17.3, 1.3, -1.0,0.0000, 0.0000, 62357.1315, 62357.4643, 1
62358.0, 0.00, 0, 8.02, 24, 1.25, 3, 17.3, 1.4, -1.0,0.0000, 0.0000, 62358.1307, 62358.4649, 1
62359.0, 0.00, 0, 8.06, 24, 1.24, 3, 17.4, 1.5, -1.0,0.0000, 0.0000, 62359.1298, 62359.4656, 1
62360.0, 0.00, 0, 8.09, 24, 1.24, 3, 17.4, 1.5, -1.0,0.0000, 0.0000, 62360.1290, 62360.4662, 1
62361.0, 0.00, 0, 8.13, 24, 1.23, 3, 17.5, 1.6, -1.0,0.0000, 0.0000, 62361.1281, 62361.4668, 1
62362.0, 0.00, 0, 8.17, 24, 1.23, 3, 17.5, 1.7, -1.0,0.0000, 0.0000, 62362.1272, 62362.4674, 0
62363.0, 0.00, 0, 8.20, 24, 1.23, 3, 17.6, 1.8, -1.0,0.0000, 0.0000, 62363.1263, 62363.4681, 0
62364.0, 2.30, 6, 5.93, 17, 1.22, 3, 17.6, 1.9, 19.9,62364.1254, 62364.2214, 62364.2214, 62364.4687, 0
62365.0, 3.14, 9, 5.13, 15, 1.22, 3, 17.7, 1.9, 20.8,62365.1245, 62365.2555, 62365.2555, 62365.4693, 0
62366.0, 4.08, 12, 4.23, 12, 1.21, 3, 17.7, 2.0, 21.8,62366.1236, 62366.2936, 62366.2936, 62366.4699, 0
62367.0, 5.09, 15, 3.25, 9, 1.21, 3, 17.7, 2.1, 22.8,62367.1227, 62367.3349, 62367.3349, 62367.4705, 0
62368.0, 6.15, 18, 2.23, 6, 1.21, 3, 17.8, 2.2, 24.0,62368.1218, 62368.3782, 62368.3782, 62368.4711, 0
62369.0, 7.23, 21, 1.19, 3, 1.20, 3, 17.8, 2.3, 1.1,62369.1208, 62369.4219, 62369.4219, 62369.4717, 0
62370.0, 8.46, 25, 0.00, 0, 1.20, 3, 17.9, 2.4, -1.0,62370.1199, 62370.4723, 0.0000, 0.0000, 0
62371.0, 8.49, 25, 0.00, 0, 1.20, 3, 17.9, 2.4, -1.0,62371.1189, 62371.4729, 0.0000, 0.0000, 1
62372.0, 8.53, 25, 0.00, 0, 1.19, 3, 18.0, 2.5, -1.0,62372.1180, 62372.4735, 0.0000, 0.0000, 0
62373.0, 8.57, 25, 0.00, 0, 1.19, 3, 18.0, 2.6, -1.0,62373.1170, 62373.4740, 0.0000, 0.0000, 0
62374.0, 8.61, 25, 0.00, 0, 1.18, 3, 18.0, 2.7, -1.0,62374.1160, 62374.4746, 0.0000, 0.0000, 0
62375.0, 8.64, 25, 0.00, 0, 1.18, 3, 18.1, 2.7, -1.0,62375.1151, 62375.4752, 0.0000, 0.0000, 0
62376.0, 8.20, 24, 0.48, 1, 1.18, 3, 18.1, 2.8, 18.6,62376.1342, 62376.4758, 62376.1141, 62376.1342, 0
62377.0, 7.68, 23, 1.04, 3, 1.17, 3, 18.2, 2.9, 19.2,62377.1564, 62377.4763, 62377.1131, 62377.1564, 0
62378.0, 7.10, 21, 1.65, 4, 1.17, 3, 18.2, 3.0, 19.9,62378.1809, 62378.4769, 62378.1121, 62378.1809, 0
62379.0, 6.46, 19, 2.34, 7, 1.17, 3, 18.3, 3.1, 20.6,62379.2085, 62379.4774, 62379.1111, 62379.2085, 0
62380.0, 5.72, 17, 3.11, 9, 1.17, 3, 18.3, 3.1, 21.4,62380.2396, 62380.4780, 62380.1101, 62380.2396, 0
62381.0, 4.89, 14, 3.97, 11, 1.16, 3, 18.3, 3.2, 22.3,62381.2747, 62381.4785, 62381.1092, 62381.2747, 0
62382.0, 0.00, 0, 8.90, 26, 1.16, 3, 18.4, 3.3, -1.0,0.0000, 0.0000, 62382.1082, 62382.4791, 0
62383.0, 0.00, 0, 8.94, 26, 1.16, 3, 18.4, 3.4, -1.0,0.0000, 0.0000, 62383.1072, 62383.4796, 0
62384.0, 0.00, 0, 8.98, 26, 1.15, 3, 18.5, 3.5, -1.0,0.0000, 0.0000, 62384.1062, 62384.4802, 0
62385.0, 0.00, 0, 9.01, 27, 1.15, 3, 18.5, 3.5, -1.0,0.0000, 0.0000, 62385.1052, 62385.4807, 0
62386.0, 0.00, 0, 9.05, 27, 1.15, 3, 18.5, 3.6, -1.0,0.0000, 0.0000, 62386.1041, 62386.4812, 0
62387.0, 0.00, 0, 9.09, 27, 1.15, 3, 18.6, 3.7, -1.0,0.0000, 0.0000, 62387.1031, 62387.4818, 0
62388.0, 0.00, 0, 9.12, 27, 1.14, 3, 18.6, 3.8, -1.0,0.0000, 0.0000, 62388.1021, 62388.4823, 0
62389.0, 0.00, 0, 9.16, 27, 1.14, 3, 18.7, 3.9, -1.0,0.0000, 0.0000, 62389.1011, 62389.4828, 0
62390.0, 0.00, 0, 9.20, 27, 1.14, 3, 18.7, 3.9, -1.0,0.0000, 0.0000, 62390.1001, 62390.4833, 0
62391.0, 0.00, 0, 9.23, 27, 1.14, 3, 18.7, 4.0, -1.0,0.0000, 0.0000, 62391.0991, 62391.4838, 0
62392.0, 0.00, 0, 9.27, 27, 1.14, 3, 18.8, 4.1, -1.0,0.0000, 0.0000, 62392.0981, 62392.4844, 0
62393.0, 2.65, 7, 6.66, 19, 1.13, 3, 18.8, 4.2, 21.5,62393.0971, 62393.2074, 62393.2074, 62393.4849, 0
62394.0, 3.65, 10, 5.69, 17, 1.13, 3, 18.9, 4.2, 22.5,62394.0961, 62394.2482, 62394.2482, 62394.4854, 0
62395.0, 4.70, 14, 4.68, 14, 1.13, 3, 18.9, 4.3, 23.6,62395.0951, 62395.2910, 62395.2910, 62395.4859, 0
62396.0, 5.76, 17, 3.65, 10, 1.13, 3, 19.0, 4.4, 0.7,62396.0941, 62396.3342, 62396.3342, 62396.4864, 0
62397.0, 6.81, 20, 2.64, 7, 1.13, 3, 19.0, 4.5, 1.8,62397.0931, 62397.3768, 62397.3768, 62397.4869, 0
62398.0, 7.83, 23, 1.66, 4, 1.12, 3, 19.0, 4.6, 2.9,62398.0921, 62398.4182, 62398.4182, 62398.4874, 0
62399.0, 8.81, 26, 0.71, 2, 1.12, 3, 19.1, 4.6, 3.9,62399.0912, 62399.4583, 62399.4583, 62399.4879, 0
62400.0, 9.56, 28, 0.00, 0, 1.12, 3, 19.1, 4.7, -1.0,62400.0902, 62400.4883, 0.0000, 0.0000, 0
62401.0, 9.59, 28, 0.00, 0, 0.48, 1, 19.2, 4.8, -1.0,62401.0892, 62401.4888, 0.0000, 0.0000, 1
62402.0, 9.63, 28, 0.00, 0, 0.48, 1, 19.2, 4.9, -1.0,62402.0882, 62402.4893, 0.0000, 0.0000, 0
62403.0, 9.66, 28, 0.00, 0, 0.48, 1, 19.3, 4.9, -1.0,62403.0872, 62403.4898, 0.0000, 0.0000, 0
62404.0, 9.70, 29, 0.00, 0, 0.48, 1, 19.3, 5.0, -1.0,62404.0863, 62404.4903, 0.0000, 0.0000, 0
62405.0, 9.73, 29, 0.00, 0, 0.48, 1, 19.3, 5.1, -1.0,62405.0853, 62405.4908, 0.0000, 0.0000, 0
62406.0, 8.82, 26, 0.95, 2, 0.48, 1, 19.4, 5.2, 20.3,62406.1239, 62406.4913, 62406.0844, 62406.1239, 0
62407.0, 8.12, 24, 1.68, 5, 0.48, 1, 19.4, 5.2, 21.1,62407.1535, 62407.4917, 62407.0834, 62407.1535, 0
62408.0, 7.33, 22, 2.50, 7, 0.48, 1, 19.5, 5.3, 22.0,62408.1866, 62408.4922, 62408.0825, 62408.1866, 0
62409.0, 6.47, 19, 3.40, 10, 0.48, 1, 19.5, 5.4, 22.9,62409.2232, 62409.4927, 62409.0815, 62409.2232, 0
62410.0, 5.53, 16, 4.37, 13, 0.48, 1, 19.6, 5.5, 23.9,62410.2628, 62410.4932, 62410.0806, 62410.2628, 0
62411.0, 0.00, 0, 9.94, 29, 0.48, 1, 19.6, 5.6, -1.0,0.0000, 0.0000, 62411.0797, 62411.4937, 0
62412.0, 0.00, 0, 9.97, 29, 0.48, 1, 19.6, 5.6, -1.0,0.0000, 0.0000, 62412.0788, 62412.4941, 0
62413.0, 0.00, 0, 10.00, 30, 0.48, 1, 19.7, 5.7, -1.0,0.0000, 0.0000, 62413.0779, 62413.4946, 0
62414.0, 0.00, 0, 10.04, 30, 0.48, 1, 19.7, 5.8, -1.0,0.0000, 0.0000, 62414.0770, 62414.4951, 0
62415.0, 0.00, 0, 10.07, 30, 0.48, 1, 19.8, 5.9, -1.0,0.0000, 0.0000, 62415.0761, 62415.4956, 0
62416.0, 0.00, 0, 10.10, 30, 0.48, 1, 19.8, 5.9, -1.0,0.0000, 0.0000, 62416.0752, 62416.4961, 0
62417.0, 0.00, 0, 10.13, 30, 0.48, 1, 19.9, 6.0, -1.0,0.0000, 0.0000, 62417.0743, 62417.4965, 0
62418.0, 0.00, 0, 10.17, 30, 0.48, 1, 19.9, 6.1, -1.0,0.0000, 0.0000, 62418.0734, 62418.4970, 0
62419.0, 0.00, 0, 10.20, 30, 0.48, 1, 20.0, 6.2, -1.0,0.0000, 0.0000, 62419.0726, 62419.4975, 0
62420.0, 0.00, 0, 10.23, 30, 0.48, 1, 20.0, 6.3, -1.0,0.0000, 0.0000, 62420.0717, 62420.4980, 0
62421.0, 0.00, 0, 10.26, 30, 0.48, 1, 20.0, 6.3, -1.0,0.0000, 0.0000, 62421.0709, 62421.4985, 0
62422.0, 3.17, 9, 7.12, 21, 0.48, 1, 20.1, 6.4, 23.3,62422.0701, 62422.2022, 62422.2022, 62422.4990, 0
62423.0, 4.25, 12, 6.08, 18, 0.48, 1, 20.1, 6.5, 0.4,62423.0693, 62423.2463, 62423.2463, 62423.4994, 0
62424.0, 5.31, 15, 5.05, 15, 0.48, 1, 20.2, 6.6, 1.5,62424.0685, 62424.2895, 62424.2895, 62424.4999, 0
62425.0, 6.33, 18, 4.06, 12, 0.48, 1, 20.2, 6.6, 2.6,62425.0677, 62425.3314, 62425.3314, 62425.5004, 0
62426.0, 7.31, 21, 3.10, 9, 0.48, 1, 20.3, 6.7, 3.6,62426.0669, 62426.3716, 62426.3716, 62426.5009, 0
62427.0, 8.27, 24, 2.18, 6, 0.48, 1, 20.3, 6.8, 4.6,62427.0661, 62427.4106, 62427.4106, 62427.5014, 0
62428.0, 9.20, 27, 1.27, 3, 0.48, 1, 20.4, 6.9, 5.6,62428.0654, 62428.4489, 62428.4489, 62428.5019, 0
62429.0, 10.51, 31, 0.00, 0, 0.48, 1, 20.4, 7.0, -1.0,62429.0646, 62429.5024, 0.0000, 0.0000, 1
62430.0, 10.54, 31, 0.00, 0, 0.48, 1, 20.5, 7.0, -1.0,62430.0639, 62430.5029, 0.0000, 0.0000, 0
62431.0, 10.56, 31, 0.00, 0, 0.48, 1, 20.5, 7.1, -1.0,62431.0632, 62431.5034, 0.0000, 0.0000, 0
62432.0, 10.59, 31, 0.00, 0, 0.48, 1, 20.6, 7.2, -1.0,62432.0625, 62432.5039, 0.0000, 0.0000, 0
62433.0, 10.62, 31, 0.00, 0, 0.48, 1, 20.6, 7.3, -1.0,62433.0618, 62433.5044, 0.0000, 0.0000, 0
62434.0, 10.65, 31, 0.00, 0, 0.48, 1, 20.7, 7.3, -1.0,62434.0611, 62434.5049, 0.0000, 0.0000, 0
62435.0, 9.71, 29, 0.97, 2, 0.48, 1, 20.7, 7.4, 21.7,62435.1010, 62435.5054, 62435.0605, 62435.1010, 0
62436.0, 8.87, 26, 1.83, 5, 0.48, 1, 20.8, 7.5, 22.6,62436.1362, 62436.5059, 62436.0598, 62436.1362, 0
62437.0, 7.97, 23, 2.76, 8, 0.48, 1, 20.8, 7.6, 23.6,62437.1742, 62437.5064, 62437.0592, 62437.1742, 0
62438.0, 7.02, 21, 3.74, 11, 0.48, 1, 20.9, 7.7, 0.6,62438.2144, 62438.5070, 62438.0586, 62438.2144, 0
62439.0, 6.03, 18, 4.76, 14, 0.48, 1, 20.9, 7.7, 1.7,62439.2562, 62439.5075, 62439.0580, 62439.2562, 0
62440.0, 5.01, 15, 5.80, 17, 0.48, 1, 21.0, 7.8, 2.8,62440.2991, 62440.5080, 62440.0574, 62440.2991, 0
62441.0, 0.00, 0, 10.84, 32, 0.48, 1, 21.0, 7.9, -1.0,0.0000, 0.0000, 62441.0568, 62441.5085, 0
62442.0, 0.00, 0, 10.87, 32, 0.48, 1, 21.1, 8.0, -1.0,0.0000, 0.0000, 62442.0562, 62442.5091, 0
62443.0, 0.00, 0, 10.89, 32, 0.48, 1, 21.1, 8.0, -1.0,0.0000, 0.0000, 62443.0557, 62443.5096, 0
62444.0, 0.00, 0, 10.92, 32, 0.48, 1, 21.2, 8.1, -1.0,0.0000, 0.0000, 62444.0552, 62444.5101, 0
62445.0, 0.00, 0, 10.94, 32, 0.48, 1, 21.2, 8.2, -1.0,0.0000, 0.0000, 62445.0547, 62445.5107, 0
62446.0, 0.00, 0, 10.97, 32, 0.48, 1, 21.3, 8.3, -1.0,0.0000, 0.0000, 62446.0542, 62446.5112, 0
62447.0, 0.00, 0, 10.99, 32, 0.48, 1, 21.3, 8.4, -1.0,0.0000, 0.0000, 62447.0537, 62447.5117, 0
62448.0, 0.00, 0, 11.02, 33, 0.49, 1, 21.4, 8.4, -1.0,0.0000, 0.0000, 62448.0533, 62448.5123, 0
62449.0, 0.00, 0, 11.04, 33, 0.49, 1, 21.4, 8.5, -1.0,0.0000, 0.0000, 62449.0528, 62449.5128, 0
62450.0, 0.00, 0, 11.06, 33, 0.49, 1, 21.5, 8.6, -1.0,0.0000, 0.0000, 62450.0524, 62450.5134, 0
62451.0, 0.00, 0, 11.08, 33, 0.49, 1, 21.6, 8.7, -1.0,0.0000, 0.0000, 62451.0520, 62451.5139, 0
62452.0, 4.57, 13, 6.54, 19, 0.49, 1, 21.6, 8.8, 2.2,62452.0517, 62452.2422, 62452.2422, 62452.5145, 0
62453.0, 5.58, 16, 5.55, 16, 0.49, 1, 21.7, 8.8, 3.3,62453.0513, 62453.2837, 62453.2837, 62453.5150, 0
62454.0, 6.54, 19, 4.61, 13, 0.49, 1, 21.7, 8.9, 4.3,62454.0509, 62454.3235, 62454.3235, 62454.5155, 0
62455.0, 7.47, 22, 3.70, 11, 0.49, 1, 21.8, 9.0, 5.3,62455.0506, 62455.3620, 62455.3620, 62455.5161, 0
62456.0, 8.39, 25, 2.80, 8, 0.49, 1, 21.8, 9.1, 6.3,62456.0503, 62456.4000, 62456.4000, 62456.5166, 0
62457.0, 9.31, 27, 1.91, 5, 0.49, 1, 21.9, 9.1, 7.2,62457.0500, 62457.4378, 62457.4378, 62457.5172, 0
62458.0, 10.22, 30, 1.01, 3, 0.49, 1, 22.0, 9.2, 8.2,62458.0498, 62458.4758, 62458.4758, 62458.5177, 0
62459.0, 11.25, 33, 0.00, 0, 0.49, 1, 22.0, 9.3, -1.0,62459.0495, 62459.5183, 0.0000, 0.0000, 0
62460.0, 11.27, 33, 0.00, 0, 0.49, 1, 22.1, 9.4, -1.0,62460.0493, 62460.5188, 0.0000, 0.0000, 1
62461.0, 11.29, 33, 0.00, 0, 0.49, 1, 22.1, 9.5, -1.0,62461.0491, 62461.5194, 0.0000, 0.0000, 0
62462.0, 11.31, 33, 0.00, 0, 0.49, 1, 22.2, 9.5, -1.0,62462.0489, 62462.5199, 0.0000, 0.0000, 0
62463.0, 11.32, 33, 0.00, 0, 0.49, 1, 22.3, 9.6, -1.0,62463.0487, 62463.5205, 0.0000, 0.0000, 0
62464.0, 10.40, 31, 0.94, 2, 0.50, 1, 22.3, 9.7, 23.3,62464.0877, 62464.5210, 62464.0486, 62464.0877, 0
62465.0, 9.46, 28, 1.89, 5, 0.50, 1, 22.4, 9.8, 0.3,62465.1273, 62465.5216, 62465.0484, 62465.1273, 0
62466.0, 8.49, 25, 2.88, 8, 0.50, 1, 22.5, 9.9, 1.3,62466.1682, 62466.5221, 62466.0483, 62466.1682, 0
62467.0, 7.50, 22, 3.88, 11, 0.50, 1, 22.5, 9.9, 2.4,62467.2099, 62467.5226, 62467.0482, 62467.2099, 0
62468.0, 6.50, 19, 4.90, 14, 0.50, 1, 22.6, 10.0, 3.5,62468.2523, 62468.5232, 62468.0481, 62468.2523, 0
62469.0, 5.48, 16, 5.94, 17, 0.50, 1, 22.6, 10.1, 4.6,62469.2954, 62469.5237, 62469.0481, 62469.2954, 0
62470.0, 0.00, 0, 11.43, 34, 0.50, 1, 22.7, 10.2, -1.0,0.0000, 0.0000, 62470.0481, 62470.5242, 0
62471.0, 0.00, 0, 11.44, 34, 0.50, 1, 22.8, 10.2, -1.0,0.0000, 0.0000, 62471.0480, 62471.5248, 0
62472.0, 0.00, 0, 11.45, 34, 0.50, 1, 22.8, 10.3, -1.0,0.0000, 0.0000, 62472.0480, 62472.5253, 0
62473.0, 0.00, 0, 11.47, 34, 0.50, 1, 22.9, 10.4, -1.0,0.0000, 0.0000, 62473.0481, 62473.5258, 0
62474.0, 0.00, 0, 11.48, 34, 0.50, 1, 23.0, 10.5, -1.0,0.0000, 0.0000, 62474.0481, 62474.5263, 0
62475.0, 0.00, 0, 11.49, 34, 0.50, 1, 23.0, 10.6, -1.0,0.0000, 0.0000, 62475.0482, 62475.5268, 0
62476.0, 0.00, 0, 11.50, 34, 0.50, 1, 23.1, 10.6, -1.0,0.0000, 0.0000, 62476.0483, 62476.5273, 0
62477.0, 0.00, 0, 11.51, 34, 0.50, 1, 23.2, 10.7, -1.0,0.0000, 0.0000, 62477.0483, 62477.5278, 0
62478.0, 0.00, 0, 11.52, 34, 0.50, 1, 23.2, 10.8, -1.0,0.0000, 0.0000, 62478.0485, 62478.5283, 0
62479.0, 0.00, 0, 11.52, 34, 0.50, 1, 23.3, 10.9, -1.0,0.0000, 0.0000, 62479.0486, 62479.5288, 0
62480.0, 0.00, 0, 11.53, 34, 0.50, 1, 23.4, 10.9, -1.0,0.0000, 0.0000, 62480.0488, 62480.5292, 0
62481.0, 0.00, 0, 11.54, 34, 0.50, 1, 23.5, 11.0, -1.0,0.0000, 0.0000, 62481.0489, 62481.5297, 0
62482.0, 5.37, 16, 6.17, 18, 0.50, 1, 23.5, 11.1, 4.9,62482.0491, 62482.2729, 62482.2729, 62482.5301, 0
62483.0, 6.29, 18, 5.26, 15, 0.50, 1, 23.6, 11.2, 5.9,62483.0493, 62483.3116, 62483.3116, 62483.5306, 0
62484.0, 7.20, 21, 4.35, 13, 0.50, 1, 23.7, 11.3, 6.9,62484.0495, 62484.3496, 62484.3496, 62484.5310, 0
62485.0, 8.11, 24, 3.45, 10, 0.50, 1, 23.7, 11.3, 7.9,62485.0498, 62485.3876, 62485.3876, 62485.5314, 0
62486.0, 9.02, 27, 2.55, 7, 0.50, 1, 23.8, 11.4, 8.9,62486.0500, 62486.4258, 62486.4258, 62486.5319, 0
62487.0, 9.93, 29, 1.63, 4, 0.50, 1, 23.9, 11.5, 9.8,62487.0503, 62487.4641, 62487.4641, 62487.5323, 0
62488.0, 10.84, 32, 0.73, 2, 0.50, 1, 24.0, 11.6, 10.8,62488.0506, 62488.5022, 62488.5022, 62488.5326, 0
62489.0, 11.57, 34, 0.00, 0, 0.50, 1, 0.0, 11.6, -1.0,62489.0509, 62489.5330, 0.0000, 0.0000, 0
62490.0, 11.57, 34, 0.00, 0, 0.50, 1, 0.1, 11.7, -1.0,62490.0512, 62490.5334, 0.0000, 0.0000, 1
62491.0, 11.57, 34, 0.00, 0, 0.50, 1, 0.2, 11.8, -1.0,62491.0515, 62491.5337, 0.0000, 0.0000, 0
62492.0, 11.57, 34, 0.00, 0, 0.50, 1, 0.2, 11.9, -1.0,62492.0519, 62492.5341, 0.0000, 0.0000, 0
62493.0, 10.89, 32, 0.68, 2, 0.50, 1, 0.3, 11.9, 1.0,62493.0807, 62493.5344, 62493.0522, 62493.0807, 0
62494.0, 9.89, 29, 1.68, 5, 0.50, 1, 0.4, 12.0, 2.1,62494.1226, 62494.5347, 62494.0526, 62494.1226, 0
62495.0, 8.88, 26, 2.69, 8, 0.50, 1, 0.5, 12.1, 3.2,62495.1649, 62495.5350, 62495.0530, 62495.1649, 0
62496.0, 7.87, 23, 3.70, 11, 0.50, 1, 0.5, 12.1, 4.3,62496.2074, 62496.5353, 62496.0534, 62496.2074, 0
62497.0, 6.84, 20, 4.72, 14, 0.50, 1, 0.6, 12.2, 5.4,62497.2505, 62497.5356, 62497.0538, 62497.2505, 0
62498.0, 5.79, 17, 5.77, 17, 0.50, 1, 0.7, 12.3, 6.5,62498.2946, 62498.5358, 62498.0542, 62498.2946, 0
62499.0, 4.70, 14, 6.85, 20, 0.50, 1, 0.8, 12.4, 7.6,62499.3402, 62499.5360, 62499.0546, 62499.3402, 0
62500.0, 0.00, 0, 11.55, 34, 0.50, 1, 0.9, 12.4, -1.0,0.0000, 0.0000, 62500.0551, 62500.5363, 0
62501.0, 0.00, 0, 11.54, 34, 0.50, 1, 0.9, 12.5, -1.0,0.0000, 0.0000, 62501.0555, 62501.5365, 0
62502.0, 0.00, 0, 11.54, 34, 0.50, 1, 1.0, 12.6, -1.0,0.0000, 0.0000, 62502.0560, 62502.5367, 0
62503.0, 0.00, 0, 11.53, 34, 0.50, 1, 1.1, 12.6, -1.0,0.0000, 0.0000, 62503.0565, 62503.5368, 0
62504.0, 0.00, 0, 11.52, 34, 0.50, 1, 1.2, 12.7, -1.0,0.0000, 0.0000, 62504.0570, 62504.5370, 0
62505.0, 0.00, 0, 11.51, 34, 0.50, 1, 1.2, 12.8, -1.0,0.0000, 0.0000, 62505.0575, 62505.5371, 0
62506.0, 0.00, 0, 11.50, 34, 0.50, 1, 1.3, 12.9, -1.0,0.0000, 0.0000, 62506.0580, 62506.5373, 0
62507.0, 0.00, 0, 11.49, 34, 0.50, 1, 1.4, 12.9, -1.0,0.0000, 0.0000, 62507.0585, 62507.5374, 0
62508.0, 0.00, 0, 11.48, 34, 0.50, 1, 1.5, 13.0, -1.0,0.0000, 0.0000, 62508.0590, 62508.5374, 0
62509.0, 0.00, 0, 11.47, 34, 0.50, 1, 1.5, 13.1, -1.0,0.0000, 0.0000, 62509.0595, 62509.5375, 0
62510.0, 0.00, 0, 11.46, 34, 0.50, 1, 1.6, 13.1, -1.0,0.0000, 0.0000, 62510.0600, 62510.5376, 0
62511.0, 4.77, 14, 6.68, 20, 0.50, 1, 1.7, 13.2, 6.5,62511.0606, 62511.2591, 62511.2591, 62511.5376, 0
62512.0, 5.68, 17, 5.76, 17, 0.50, 1, 1.8, 13.3, 7.5,62512.0611, 62512.2976, 62512.2976, 62512.5376, 0
62513.0, 6.58, 19, 4.84, 14, 0.50, 1, 1.9, 13.3, 8.5,62513.0616, 62513.3360, 62513.3360, 62513.5376, 0
62514.0, 7.49, 22, 3.92, 11, 0.50, 1, 1.9, 13.4, 9.5,62514.0622, 62514.3743, 62514.3743, 62514.5376, 0
62515.0, 8.39, 25, 3.00, 9, 0.50, 1, 2.0, 13.4, 10.4,62515.0627, 62515.4124, 62515.4124, 62515.5375, 0
62516.0, 9.28, 27, 2.10, 6, 0.50, 1, 2.1, 13.5, 11.4,62516.0633, 62516.4499, 62516.4499, 62516.5374, 0
62517.0, 10.13, 30, 1.23, 3, 0.50, 1, 2.2, 13.6, 12.3,62517.0639, 62517.4859, 62517.4859, 62517.5374, 0
62518.0, 10.93, 32, 0.42, 1, 0.50, 1, 2.3, 13.6, 13.2,62518.0644, 62518.5199, 62518.5199, 62518.5372, 0
62519.0, 11.33, 33, 0.00, 0, 0.49, 1, 2.3, 13.7, -1.0,62519.0650, 62519.5371, 0.0000, 0.0000, 0
62520.0, 11.31, 33, 0.00, 0, 0.49, 1, 2.4, 13.8, -1.0,62520.0656, 62520.5370, 0.0000, 0.0000, 1
62521.0, 11.30, 33, 0.00, 0, 0.49, 1, 2.5, 13.8, -1.0,62521.0661, 62521.5368, 0.0000, 0.0000, 0
62522.0, 11.28, 33, 0.00, 0, 0.49, 1, 2.6, 13.9, -1.0,62522.0667, 62522.5366, 0.0000, 0.0000, 0
62523.0, 10.02, 30, 1.24, 3, 0.49, 1, 2.7, 13.9, 3.9,62523.1189, 62523.5364, 62523.0673, 62523.1189, 0
62524.0, 8.97, 26, 2.27, 6, 0.49, 1, 2.7, 14.0, 5.0,62524.1626, 62524.5362, 62524.0679, 62524.1626, 0
62525.0, 7.90, 23, 3.32, 9, 0.49, 1, 2.8, 14.1, 6.1,62525.2067, 62525.5360, 62525.0684, 62525.2067, 0
62526.0, 6.82, 20, 4.38, 13, 0.49, 1, 2.9, 14.1, 7.3,62526.2517, 62526.5357, 62526.0690, 62526.2517, 0
62527.0, 5.71, 17, 5.47, 16, 0.49, 1, 3.0, 14.2, 8.5,62527.2977, 62527.5354, 62527.0696, 62527.2977, 0
62528.0, 4.58, 13, 6.58, 19, 0.49, 1, 3.1, 14.2, 9.7,62528.3443, 62528.5352, 62528.0702, 62528.3443, 0
62529.0, 0.00, 0, 11.14, 33, 0.49, 1, 3.1, 14.3, -1.0,0.0000, 0.0000, 62529.0707, 62529.5348, 0
62530.0, 0.00, 0, 11.12, 33, 0.49, 1, 3.2, 14.4, -1.0,0.0000, 0.0000, 62530.0713, 62530.5345, 0
62531.0, 0.00, 0, 11.09, 33, 0.49, 1, 3.3, 14.4, -1.0,0.0000, 0.0000, 62531.0719, 62531.5342, 0
62532.0, 0.00, 0, 11.07, 33, 0.49, 1, 3.4, 14.5, -1.0,0.0000, 0.0000, 62532.0725, 62532.5338, 0
62533.0, 0.00, 0, 11.05, 33, 0.49, 1, 3.5, 14.5, -1.0,0.0000, 0.0000, 62533.0731, 62533.5334, 0
62534.0, 0.00, 0, 11.02, 33, 0.49, 1, 3.5, 14.6, -1.0,0.0000, 0.0000, 62534.0736, 62534.5330, 0
62535.0, 0.00, 0, 11.00, 33, 0.48, 1, 3.6, 14.6, -1.0,0.0000, 0.0000, 62535.0742, 62535.5326, 0
62536.0, 0.00, 0, 10.98, 32, 0.48, 1, 3.7, 14.7, -1.0,0.0000, 0.0000, 62536.0748, 62536.5321, 0
62537.0, 0.00, 0, 10.95, 32, 0.48, 1, 3.8, 14.8, -1.0,0.0000, 0.0000, 62537.0754, 62537.5317, 0
62538.0, 0.00, 0, 10.93, 32, 0.48, 1, 3.9, 14.8, -1.0,0.0000, 0.0000, 62538.0759, 62538.5312, 0
62539.0, 0.00, 0, 10.90, 32, 0.48, 1, 3.9, 14.9, -1.0,0.0000, 0.0000, 62539.0765, 62539.5307, 0
62540.0, 0.00, 0, 10.88, 32, 0.48, 1, 4.0, 14.9, -1.0,0.0000, 0.0000, 62540.0771, 62540.5302, 0
62541.0, 4.93, 14, 5.91, 17, 0.48, 1, 4.1, 15.0, 9.0,62541.0776, 62541.2833, 62541.2833, 62541.5297, 0
62542.0, 5.84, 17, 4.98, 14, 0.48, 1, 4.2, 15.0, 10.0,62542.0782, 62542.3215, 62542.3215, 62542.5292, 0
62543.0, 6.73, 20, 4.07, 12, 0.48, 1, 4.2, 15.1, 11.0,62543.0788, 62543.3591, 62543.3591, 62543.5286, 0
62544.0, 7.59, 22, 3.18, 9, 0.48, 1, 4.3, 15.1, 11.9,62544.0793, 62544.3955, 62544.3955, 62544.5280, 0
62545.0, 8.41, 25, 2.34, 7, 0.48, 1, 4.4, 15.2, 12.8,62545.0799, 62545.4301, 62545.4301, 62545.5274, 0
62546.0, 9.17, 27, 1.55, 4, 0.48, 1, 4.5, 15.2, 13.7,62546.0804, 62546.4624, 62546.4624, 62546.5268, 0
62547.0, 9.87, 29, 0.82, 2, 0.48, 1, 4.6, 15.3, 14.5,62547.0810, 62547.4922, 62547.4922, 62547.5262, 0
62548.0, 10.66, 31, 0.00, 0, 0.48, 1, 4.6, 15.3, -1.0,62548.0815, 62548.5256, 0.0000, 0.0000, 0
62549.0, 10.63, 31, 0.00, 0, 0.48, 1, 4.7, 15.4, -1.0,62549.0821, 62549.5249, 0.0000, 0.0000, 0
62550.0, 10.60, 31, 0.00, 0, 0.48, 1, 4.8, 15.4, -1.0,62550.0826, 62550.5243, 0.0000, 0.0000, 0
62551.0, 10.57, 31, 0.00, 0, 0.48, 1, 4.9, 15.5, -1.0,62551.0832, 62551.5236, 0.0000, 0.0000, 1
62552.0, 9.78, 29, 0.76, 2, 0.48, 1, 5.0, 15.5, 5.7,62552.1156, 62552.5229, 62552.0837, 62552.1156, 0
62553.0, 8.66, 25, 1.85, 5, 0.48, 1, 5.0, 15.6, 6.9,62553.1615, 62553.5222, 62553.0843, 62553.1615, 0
62554.0, 7.52, 22, 2.96, 8, 0.48, 1, 5.1, 15.6, 8.1,62554.2083, 62554.5215, 62554.0848, 62554.2083, 0
62555.0, 6.37, 19, 4.08, 12, 0.48, 1, 5.2, 15.7, 9.3,62555.2554, 62555.5208, 62555.0854, 62555.2554, 0
62556.0, 5.23, 15, 5.19, 15, 0.48, 1, 5.3, 15.7, 10.5,62556.3021, 62556.5200, 62556.0859, 62556.3021, 0
62557.0, 4.14, 12, 6.25, 18, 0.48, 1, 5.4, 15.8, 11.6,62557.3469, 62557.5193, 62557.0864, 62557.3469, 0
62558.0, 0.00, 0, 10.36, 31, 0.48, 1, 5.4, 15.8, -1.0,0.0000, 0.0000, 62558.0870, 62558.5185, 0
62559.0, 0.00, 0, 10.33, 30, 0.48, 1, 5.5, 15.9, -1.0,0.0000, 0.0000, 62559.0875, 62559.5178, 0
62560.0, 0.00, 0, 10.29, 30, 0.48, 1, 5.6, 15.9, -1.0,0.0000, 0.0000, 62560.0880, 62560.5170, 0
62561.0, 0.00, 0, 10.26, 30, 0.48, 1, 5.7, 16.0, -1.0,0.0000, 0.0000, 62561.0886, 62561.5162, 0
62562.0, 0.00, 0, 10.23, 30, 0.48, 1, 5.7, 16.0, -1.0,0.0000, 0.0000, 62562.0891, 62562.5154, 0
62563.0, 0.00, 0, 10.20, 30, 0.48, 1, 5.8, 16.0, -1.0,0.0000, 0.0000, 62563.0896, 62563.5145, 0
62564.0, 0.00, 0, 10.17, 30, 0.48, 1, 5.9, 16.1, -1.0,0.0000, 0.0000, 62564.0902, 62564.5137, 0
62565.0, 0.00, 0, 10.13, 30, 0.48, 1, 6.0, 16.1, -1.0,0.0000, 0.0000, 62565.0907, 62565.5129, 0
62566.0, 0.00, 0, 10.10, 30, 0.48, 1, 6.1, 16.2, -1.0,0.0000, 0.0000, 62566.0912, 62566.5120, 0
62567.0, 0.00, 0, 10.07, 30, 0.48, 1, 6.1, 16.2, -1.0,0.0000, 0.0000, 62567.0918, 62567.5112, 0
62568.0, 0.00, 0, 10.03, 30, 0.48, 1, 6.2, 16.3, -1.0,0.0000, 0.0000, 62568.0923, 62568.5103, 0
62569.0, 0.00, 0, 10.00, 29, 0.48, 1, 6.3, 16.3, -1.0,0.0000, 0.0000, 62569.0928, 62569.5094, 0
62570.0, 0.00, 0, 9.97, 29, 0.48, 1, 6.4, 16.4, -1.0,0.0000, 0.0000, 62570.0933, 62570.5086, 0
62571.0, 5.07, 15, 4.86, 14, 0.48, 1, 6.5, 16.4, 11.5,62571.0939, 62571.3053, 62571.3053, 62571.5077, 0
62572.0, 5.90, 17, 4.00, 11, 0.48, 1, 6.5, 16.5, 12.4,62572.0944, 62572.3403, 62572.3403, 62572.5068, 0
62573.0, 6.67, 20, 3.19, 9, 0.48, 1, 6.6, 16.5, 13.3,62573.0949, 62573.3730, 62573.3730, 62573.5059, 0
62574.0, 7.39, 22, 2.44, 7, 0.48, 1, 6.7, 16.5, 14.1,62574.0955, 62574.4034, 62574.4034, 62574.5050, 0
62575.0, 8.05, 24, 1.74, 5, 0.48, 1, 6.8, 16.6, 14.8,62575.0960, 62575.4314, 62575.4314, 62575.5041, 0
62576.0, 8.66, 25, 1.09, 3, 0.48, 1, 6.8, 16.6, 15.5,62576.0965, 62576.4575, 62576.4575, 62576.5031, 0
62577.0, 9.25, 27, 0.48, 1, 0.48, 1, 6.9, 16.7, 16.2,62577.0971, 62577.4823, 62577.4823, 62577.5022, 0
62578.0, 9.69, 29, 0.00, 0, 0.48, 1, 7.0, 16.7, -1.0,62578.0976, 62578.5013, 0.0000, 0.0000, 0
62579.0, 9.65, 28, 0.00, 0, 0.48, 1, 7.1, 16.8, -1.0,62579.0981, 62579.5003, 0.0000, 0.0000, 1
62580.0, 9.62, 28, 0.00, 0, 0.48, 1, 7.2, 16.8, -1.0,62580.0987, 62580.4994, 0.0000, 0.0000, 0
62581.0, 9.58, 28, 0.00, 0, 1.12, 3, 7.2, 16.8, -1.0,62581.0992, 62581.4984, 0.0000, 0.0000, 0
62582.0, 8.05, 24, 1.49, 4, 1.12, 3, 7.3, 16.9, 8.8,62582.1620, 62582.4975, 62582.0997, 62582.1620, 0
62583.0, 6.86, 20, 2.65, 7, 1.12, 3, 7.4, 16.9, 10.0,62583.2106, 62583.4965, 62583.1003, 62583.2106, 0
62584.0, 5.71, 17, 3.76, 11, 1.13, 3, 7.5, 17.0, 11.2,62584.2575, 62584.4956, 62584.1008, 62584.2575, 0
62585.0, 4.65, 13, 4.79, 14, 1.13, 3, 7.6, 17.0, 12.4,62585.3009, 62585.4946, 62585.1014, 62585.3009, 0
62586.0, 3.70, 11, 5.70, 17, 1.13, 3, 7.6, 17.1, 13.4,62586.3396, 62586.4936, 62586.1019, 62586.3396, 0
62587.0, 2.86, 8, 6.50, 19, 1.13, 3, 7.7, 17.1, 14.2,62587.3733, 62587.4927, 62587.1025, 62587.3733, 0
62588.0, 0.00, 0, 9.33, 27, 1.13, 3, 7.8, 17.1, -1.0,0.0000, 0.0000, 62588.1030, 62588.4917, 0
62589.0, 0.00, 0, 9.29, 27, 1.13, 3, 7.9, 17.2, -1.0,0.0000, 0.0000, 62589.1036, 62589.4907, 0
62590.0, 0.00, 0, 9.25, 27, 1.14, 3, 7.9, 17.2, -1.0,0.0000, 0.0000, 62590.1041, 62590.4897, 0
62591.0, 0.00, 0, 9.22, 27, 1.14, 3, 8.0, 17.3, -1.0,0.0000, 0.0000, 62591.1047, 62591.4888, 0
62592.0, 0.00, 0, 9.18, 27, 1.14, 3, 8.1, 17.3, -1.0,0.0000, 0.0000, 62592.1053, 62592.4878, 0
62593.0, 0.00, 0, 9.14, 27, 1.14, 3, 8.2, 17.4, -1.0,0.0000, 0.0000, 62593.1058, 62593.4868, 0
62594.0, 0.00, 0, 9.11, 27, 1.15, 3, 8.3, 17.4, -1.0,0.0000, 0.0000, 62594.1064, 62594.4858, 0
62595.0, 0.00, 0, 9.07, 27, 1.15, 3, 8.3, 17.4, -1.0,0.0000, 0.0000, 62595.1070, 62595.4848, 0
62596.0, 0.00, 0, 9.03, 27, 1.15, 3, 8.4, 17.5, -1.0,0.0000, 0.0000, 62596.1076, 62596.4839, 0
62597.0, 0.00, 0, 8.99, 26, 1.15, 3, 8.5, 17.5, -1.0,0.0000, 0.0000, 62597.1081, 62597.4829, 0
62598.0, 0.00, 0, 8.96, 26, 1.16, 3, 8.6, 17.6, -1.0,0.0000, 0.0000, 62598.1087, 62598.4819, 0
62599.0, 0.00, 0, 8.92, 26, 1.16, 3, 8.7, 17.6, -1.0,0.0000, 0.0000, 62599.1093, 62599.4809, 0
62600.0, 0.00, 0, 8.88, 26, 1.16, 3, 8.7, 17.6, -1.0,0.0000, 0.0000, 62600.1099, 62600.4800, 0
62601.0, 4.93, 14, 3.92, 11, 1.16, 3, 8.8, 17.7, 13.8,62601.1105, 62601.3158, 62601.3158, 62601.4790, 0
62602.0, 5.59, 16, 3.21, 9, 1.17, 3, 8.9, 17.7, 14.5,62602.1111, 62602.3441, 62602.3441, 62602.4780, 0
62603.0, 6.21, 18, 2.56, 7, 1.17, 3, 9.0, 17.8, 15.2,62603.1117, 62603.3704, 62603.3704, 62603.4771, 0
62604.0, 6.79, 20, 1.94, 5, 1.17, 3, 9.1, 17.8, 15.9,62604.1123, 62604.3951, 62604.3951, 62604.4761, 0
62605.0, 7.35, 22, 1.35, 4, 1.18, 3, 9.1, 17.9, 16.5,62605.1129, 62605.4190, 62605.4190, 62605.4751, 0
62606.0, 7.91, 23, 0.75, 2, 1.18, 3, 9.2, 17.9, 17.2,62606.1135, 62606.4430, 62606.4430, 62606.4742, 0
62607.0, 8.62, 25, 0.00, 0, 1.18, 3, 9.3, 17.9, -1.0,62607.1142, 62607.4732, 0.0000, 0.0000, 0
62608.0, 8.58, 25, 0.00, 0, 1.19, 3, 9.4, 18.0, -1.0,62608.1148, 62608.4723, 0.0000, 0.0000, 0
62609.0, 8.54, 25, 0.00, 0, 1.19, 3, 9.5, 18.0, -1.0,62609.1154, 62609.4714, 0.0000, 0.0000, 1
62610.0, 8.51, 25, 0.00, 0, 1.19, 3, 9.5, 18.1, -1.0,62610.1160, 62610.4704, 0.0000, 0.0000, 0
62611.0, 7.38, 22, 1.08, 3, 1.20, 3, 9.6, 18.1, 10.7,62611.1618, 62611.4695, 62611.1167, 62611.1618, 0
62612.0, 6.24, 18, 2.19, 6, 1.20, 3, 9.7, 18.2, 11.9,62612.2085, 62612.4686, 62612.1173, 62612.2085, 0
62613.0, 5.21, 15, 3.18, 9, 1.21, 3, 9.8, 18.2, 13.0,62613.2506, 62613.4677, 62613.1180, 62613.2506, 0
62614.0, 4.31, 12, 4.05, 12, 1.21, 3, 9.9, 18.3, 13.9,62614.2872, 62614.4668, 62614.1186, 62614.2872, 0
62615.0, 3.53, 10, 4.78, 14, 1.21, 3, 10.0, 18.3, 14.8,62615.3186, 62615.4659, 62615.1192, 62615.3186, 0
62616.0, 2.86, 8, 5.42, 16, 1.22, 3, 10.0, 18.3, 15.5,62616.3458, 62616.4650, 62616.1199, 62616.3458, 0
62617.0, 0.00, 0, 8.24, 24, 1.22, 3, 10.1, 18.4, -1.0,0.0000, 0.0000, 62617.1205, 62617.4641, 0
62618.0, 0.00, 0, 8.21, 24, 1.23, 3, 10.2, 18.4, -1.0,0.0000, 0.0000, 62618.1212, 62618.4632, 0
62619.0, 0.00, 0, 8.17, 24, 1.23, 3, 10.3, 18.5, -1.0,0.0000, 0.0000, 62619.1219, 62619.4623, 0
62620.0, 0.00, 0, 8.14, 24, 1.23, 3, 10.4, 18.5, -1.0,0.0000, 0.0000, 62620.1225, 62620.4615, 0
62621.0, 0.00, 0, 8.10, 24, 1.24, 3, 10.4, 18.6, -1.0,0.0000, 0.0000, 62621.1232, 62621.4606, 0
62622.0, 0.00, 0, 8.06, 24, 1.24, 3, 10.5, 18.6, -1.0,0.0000, 0.0000, 62622.1239, 62622.4598, 0
62623.0, 0.00, 0, 8.03, 24, 1.25, 3, 10.6, 18.7, -1.0,0.0000, 0.0000, 62623.1245, 62623.4590, 0
62624.0, 0.00, 0, 7.99, 23, 1.25, 3, 10.7, 18.7, -1.0,0.0000, 0.0000, 62624.1252, 62624.4582, 0
62625.0, 0.00, 0, 7.96, 23, 1.26, 3, 10.8, 18.7, -1.0,0.0000, 0.0000, 62625.1259, 62625.4574, 0
62626.0, 0.00, 0, 7.92, 23, 1.26, 3, 10.9, 18.8, -1.0,0.0000, 0.0000, 62626.1265, 62626.4566, 0
62627.0, 0.00, 0, 7.89, 23, 1.26, 3, 10.9, 18.8, -1.0,0.0000, 0.0000, 62627.1272, 62627.4558, 0
62628.0, 0.00, 0, 7.85, 23, 1.27, 3, 11.0, 18.9, -1.0,0.0000, 0.0000, 62628.1279, 62628.4550, 0
62629.0, 0.00, 0, 7.82, 23, 1.27, 3, 11.1, 18.9, -1.0,0.0000, 0.0000, 62629.1286, 62629.4543, 0
62630.0, 0.00, 0, 7.78, 23, 1.28, 3, 11.2, 19.0, -1.0,0.0000, 0.0000, 62630.1292, 62630.4536, 0
62631.0, 4.32, 12, 3.43, 10, 1.28, 3, 11.3, 19.0, 15.6,62631.1299, 62631.3100, 62631.3100, 62631.4528, 0
62632.0, 4.87, 14, 2.85, 8, 1.29, 3, 11.3, 19.1, 16.2,62632.1306, 62632.3335, 62632.3335, 62632.4521, 0
62633.0, 5.41, 16, 2.28, 6, 1.29, 3, 11.4, 19.1, 16.8,62633.1312, 62633.3565, 62633.3565, 62633.4514, 0
62634.0, 5.96, 17, 1.69, 5, 1.30, 3, 11.5, 19.2, 17.5,62634.1319, 62634.3802, 62634.3802, 62634.4508, 0
62635.0, 6.55, 19, 1.07, 3, 1.30, 3, 11.6, 19.2, 18.2,62635.1326, 62635.4053, 62635.4053, 62635.4501, 0
62636.0, 7.59, 22, 0.00, 0, 1.31, 3, 11.7, 19.3, -1.0,62636.1332, 62636.4494, 0.0000, 0.0000, 0
62637.0, 7.56, 22, 0.00, 0, 1.31, 3, 11.8, 19.3, -1.0,62637.1339, 62637.4488, 0.0000, 0.0000, 0
62638.0, 7.53, 22, 0.00, 0, 1.31, 3, 11.8, 19.4, -1.0,62638.1345, 62638.4482, 0.0000, 0.0000, 1
62639.0, 7.50, 22, 0.00, 0, 1.32, 3, 11.9, 19.4, -1.0,62639.1352, 62639.4476, 0.0000, 0.0000, 0
62640.0, 6.99, 20, 0.48, 1, 1.32, 3, 12.0, 19.5, 12.5,62640.1556, 62640.4470, 62640.1358, 62640.1556, 0
62641.0, 6.01, 18, 1.43, 4, 1.33, 3, 12.1, 19.5, 13.5,62641.1961, 62641.4465, 62641.1364, 62641.1961, 0
62642.0, 5.16, 15, 2.25, 6, 1.33, 3, 12.2, 19.6, 14.4,62642.2309, 62642.4459, 62642.1371, 62642.2309, 0
62643.0, 4.43, 13, 2.95, 8, 1.34, 4, 12.2, 19.6, 15.2,62643.2607, 62643.4454, 62643.1377, 62643.2607, 0
62644.0, 3.80, 11, 3.56, 10, 1.34, 4, 12.3, 19.7, 15.9,62644.2866, 62644.4449, 62644.1383, 62644.2866, 0
62645.0, 3.23, 9, 4.10, 12, 1.34, 4, 12.4, 19.8, 16.5,62645.3099, 62645.4444, 62645.1389, 62645.3099, 0
62646.0, 2.70, 8, 4.61, 13, 1.35, 4, 12.5, 19.8, 17.1,62646.3316, 62646.4440, 62646.1395, 62646.3316, 0
62647.0, 0.00, 0, 7.28, 21, 1.35, 4, 12.6, 19.9, -1.0,0.0000, 0.0000, 62647.1401, 62647.4435, 0
62648.0, 0.00, 0, 7.26, 21, 1.36, 4, 12.6, 19.9, -1.0,0.0000, 0.0000, 62648.1407, 62648.4431, 0
62649.0, 0.00, 0, 7.23, 21, 1.36, 4, 12.7, 20.0, -1.0,0.0000, 0.0000, 62649.1413, 62649.4427, 0
62650.0, 0.00, 0, 7.21, 21, 1.36, 4, 12.8, 20.0, -1.0,0.0000, 0.0000, 62650.1418, 62650.4423, 0
62651.0, 0.00, 0, 7.19, 21, 1.37, 4, 12.9, 20.1, -1.0,0.0000, 0.0000, 62651.1424, 62651.4420, 0
62652.0, 0.00, 0, 7.17, 21, 1.37, 4, 13.0, 20.1, -1.0,0.0000, 0.0000, 62652.1429, 62652.4416, 0
62653.0, 0.00, 0, 7.15, 21, 1.37, 4, 13.0, 20.2, -1.0,0.0000, 0.0000, 62653.1435, 62653.4413, 0
62654.0, 0.00, 0, 7.13, 21, 1.38, 4, 13.1, 20.3, -1.0,0.0000, 0.0000, 62654.1440, 62654.4410, 0
62655.0, 0.00, 0, 7.11, 21, 1.38, 4, 13.2, 20.3, -1.0,0.0000, 0.0000, 62655.1445, 62655.4408, 0
62656.0, 0.00, 0, 7.09, 21, 1.38, 4, 13.3, 20.4, -1.0,0.0000, 0.0000, 62656.1450, 62656.4405, 0
62657.0, 0.00, 0, 7.08, 21, 1.39, 4, 13.3, 20.4, -1.0,0.0000, 0.0000, 62657.1454, 62657.4403, 0
62658.0, 0.00, 0, 7.06, 21, 1.39, 4, 13.4, 20.5, -1.0,0.0000, 0.0000, 62658.1459, 62658.4401, 0
62659.0, 0.00, 0, 7.05, 21, 1.39, 4, 13.5, 20.6, -1.0,0.0000, 0.0000, 62659.1463, 62659.4399, 0
62660.0, 3.04, 9, 4.00, 11, 1.39, 4, 13.6, 20.6, 16.6,62660.1468, 62660.2733, 62660.2733, 62660.4398, 0
62661.0, 3.57, 10, 3.45, 10, 1.40, 4, 13.6, 20.7, 17.2,62661.1472, 62661.2958, 62661.2958, 62661.4397, 0
62662.0, 4.12, 12, 2.88, 8, 1.40, 4, 13.7, 20.7, 17.9,62662.1475, 62662.3194, 62662.3194, 62662.4395, 0
62663.0, 4.73, 14, 2.27, 6, 1.40, 4, 13.8, 20.8, 18.5,62663.1479, 62663.3449, 62663.3449, 62663.4395, 0
62664.0, 5.41, 16, 1.58, 4, 1.40, 4, 13.9, 20.9, 19.3,62664.1483, 62664.3737, 62664.3737, 62664.4394, 0
62665.0, 6.20, 18, 0.78, 2, 1.40, 4, 13.9, 20.9, 20.2,62665.1486, 62665.4068, 62665.4068, 62665.4394, 0
62666.0, 6.97, 20, 0.00, 0, 1.40, 4, 14.0, 21.0, -1.0,62666.1489, 62666.4393, 0.0000, 0.0000, 0
62667.0, 6.96, 20, 0.00, 0, 1.41, 4, 14.1, 21.1, -1.0,62667.1492, 62667.4394, 0.0000, 0.0000, 1
62668.0, 6.96, 20, 0.00, 0, 1.41, 4, 14.2, 21.1, -1.0,62668.1495, 62668.4394, 0.0000, 0.0000, 0
62669.0, 6.95, 20, 0.00, 0, 1.41, 4, 14.2, 21.2, -1.0,62669.1497, 62669.4394, 0.0000, 0.0000, 0
62670.0, 6.42, 19, 0.53, 1, 1.41, 4, 14.3, 21.3, 14.8,62670.1720, 62670.4395, 62670.1500, 62670.1720, 0
62671.0, 5.74, 17, 1.21, 3, 1.41, 4, 14.4, 21.3, 15.6,62671.2005, 62671.4396, 62671.1502, 62671.2005, 0
62672.0, 5.14, 15, 1.81, 5, 1.41, 4, 14.4, 21.4, 16.3,62672.2256, 62672.4397, 62672.1504, 62672.2256, 0
62673.0, 4.59, 13, 2.35, 7, 1.41, 4, 14.5, 21.5, 16.9,62673.2485, 62673.4399, 62673.1505, 62673.2485, 0
62674.0, 4.07, 12, 2.87, 8, 1.41, 4, 14.6, 21.5, 17.5,62674.2703, 62674.4400, 62674.1507, 62674.2703, 0
62675.0, 3.56, 10, 3.38, 10, 1.41, 4, 14.7, 21.6, 18.0,62675.2917, 62675.4402, 62675.1508, 62675.2917, 0
62676.0, 0.00, 0, 6.95, 20, 1.41, 4, 14.7, 21.7, -1.0,0.0000, 0.0000, 62676.1509, 62676.4404, 0
62677.0, 0.00, 0, 6.95, 20, 1.41, 4, 14.8, 21.8, -1.0,0.0000, 0.0000, 62677.1510, 62677.4407, 0
62678.0, 0.00, 0, 6.96, 20, 1.41, 4, 14.9, 21.8, -1.0,0.0000, 0.0000, 62678.1510, 62678.4409, 0
62679.0, 0.00, 0, 6.96, 20, 1.41, 4, 14.9, 21.9, -1.0,0.0000, 0.0000, 62679.1510, 62679.4412, 0
62680.0, 0.00, 0, 6.97, 20, 1.40, 4, 15.0, 22.0, -1.0,0.0000, 0.0000, 62680.1511, 62680.4415, 0
62681.0, 0.00, 0, 6.98, 20, 1.40, 4, 15.1, 22.1, -1.0,0.0000, 0.0000, 62681.1510, 62681.4418, 0
62682.0, 0.00, 0, 6.99, 20, 1.40, 4, 15.1, 22.1, -1.0,0.0000, 0.0000, 62682.1510, 62682.4421, 0
62683.0, 0.00, 0, 7.00, 20, 1.40, 4, 15.2, 22.2, -1.0,0.0000, 0.0000, 62683.1509, 62683.4424, 0
62684.0, 0.00, 0, 7.01, 21, 1.40, 4, 15.2, 22.3, -1.0,0.0000, 0.0000, 62684.1508, 62684.4428, 1
62685.0, 0.00, 0, 7.02, 21, 1.40, 4, 15.3, 22.3, -1.0,0.0000, 0.0000, 62685.1507, 62685.4432, 1
62686.0, 0.00, 0, 7.03, 21, 1.39, 4, 15.4, 22.4, -1.0,0.0000, 0.0000, 62686.1506, 62686.4436, 1
62687.0, 0.00, 0, 7.05, 21, 1.39, 4, 15.4, 22.5, -1.0,0.0000, 0.0000, 62687.1504, 62687.4440, 1
62688.0, 0.00, 0, 7.06, 21, 1.39, 4, 15.5, 22.6, -1.0,0.0000, 0.0000, 62688.1502, 62688.4444, 1
62689.0, 2.09, 6, 4.99, 14, 1.39, 4, 15.6, 22.7, 17.6,62689.1500, 62689.2370, 62689.2370, 62689.4449, 1
62690.0, 2.67, 8, 4.42, 13, 1.38, 4, 15.6, 22.7, 18.3,62690.1498, 62690.2611, 62690.2611, 62690.4453, 1
62691.0, 3.31, 9, 3.80, 11, 1.38, 4, 15.7, 22.8, 19.0,62691.1495, 62691.2876, 62691.2876, 62691.4458, 1
62692.0, 4.04, 12, 3.09, 9, 1.38, 4, 15.7, 22.9, 19.8,62692.1493, 62692.3177, 62692.3177, 62692.4463, 1
62693.0, 4.88, 14, 2.27, 6, 1.37, 4, 15.8, 23.0, 20.7,62693.1490, 62693.3524, 62693.3524, 62693.4468, 1
62694.0, 5.85, 17, 1.32, 3, 1.37, 4, 15.9, 23.0, 21.7,62694.1486, 62694.3922, 62694.3922, 62694.4473, 1
62695.0, 7.19, 21, 0.00, 0, 1.37, 4, 15.9, 23.1, -1.0,62695.1483, 62695.4478, 0.0000, 0.0000, 1
62696.0, 7.21, 21, 0.00, 0, 1.36, 4, 16.0, 23.2, -1.0,62696.1479, 62696.4483, 0.0000, 0.0000, 1
62697.0, 7.23, 21, 0.00, 0, 1.36, 4, 16.0, 23.3, -1.0,62697.1475, 62697.4489, 0.0000, 0.0000, 1
62698.0, 7.25, 21, 0.00, 0, 1.36, 4, 16.1, 23.4, -1.0,62698.1471, 62698.4494, 0.0000, 0.0000, 1
62699.0, 7.28, 21, 0.00, 0, 1.35, 4, 16.1, 23.4, -1.0,62699.1467, 62699.4500, 0.0000, 0.0000, 1
62700.0, 7.30, 21, 0.00, 0, 1.35, 4, 16.2, 23.5, -1.0,62700.1462, 62700.4505, 0.0000, 0.0000, 1
62701.0, 6.36, 19, 0.97, 2, 1.34, 4, 16.2, 23.6, 17.2,62701.1862, 62701.4511, 62701.1458, 62701.1862, 1
62702.0, 5.84, 17, 1.51, 4, 1.34, 4, 16.3, 23.7, 17.8,62702.2083, 62702.4517, 62702.1453, 62702.2083, 1
62703.0, 5.32, 15, 2.06, 6, 1.34, 4, 16.3, 23.8, 18.4,62703.2306, 62703.4523, 62703.1447, 62703.2306, 1
62704.0, 4.78, 14, 2.63, 7, 1.33, 3, 16.4, 23.8, 19.0,62704.2537, 62704.4529, 62704.1442, 62704.2537, 1
62705.0, 4.20, 12, 3.24, 9, 1.33, 3, 16.5, 23.9, 19.7,62705.2785, 62705.4535, 62705.1437, 62705.2785, 1
62706.0, 0.00, 0, 7.46, 22, 1.32, 3, 16.5, 24.0, -1.0,0.0000, 0.0000, 62706.1431, 62706.4541, 1
62707.0, 0.00, 0, 7.49, 22, 1.32, 3, 16.6, 0.1, -1.0,0.0000, 0.0000, 62707.1425, 62707.4547, 1
62708.0, 0.00, 0, 7.52, 22, 1.31, 3, 16.6, 0.2, -1.0,0.0000, 0.0000, 62708.1419, 62708.4553, 1
62709.0, 0.00, 0, 7.55, 22, 1.31, 3, 16.7, 0.2, -1.0,0.0000, 0.0000, 62709.1413, 62709.4560, 1
62710.0, 0.00, 0, 7.58, 22, 1.31, 3, 16.7, 0.3, -1.0,0.0000, 0.0000, 62710.1406, 62710.4566, 1
62711.0, 0.00, 0, 7.61, 22, 1.30, 3, 16.8, 0.4, -1.0,0.0000, 0.0000, 62711.1400, 62711.4572, 1
62712.0, 0.00, 0, 7.65, 22, 1.30, 3, 16.8, 0.5, -1.0,0.0000, 0.0000, 62712.1393, 62712.4578, 1
62713.0, 0.00, 0, 7.68, 23, 1.29, 3, 16.9, 0.6, -1.0,0.0000, 0.0000, 62713.1386, 62713.4585, 1
62714.0, 0.00, 0, 7.71, 23, 1.29, 3, 16.9, 0.6, -1.0,0.0000, 0.0000, 62714.1379, 62714.4591, 1
62715.0, 0.00, 0, 7.74, 23, 1.28, 3, 17.0, 0.7, -1.0,0.0000, 0.0000, 62715.1372, 62715.4597, 1
62716.0, 0.00, 0, 7.77, 23, 1.28, 3, 17.0, 0.8, -1.0,0.0000, 0.0000, 62716.1364, 62716.4604, 1
62717.0, 0.00, 0, 7.81, 23, 1.27, 3, 17.1, 0.9, -1.0,0.0000, 0.0000, 62717.1357, 62717.4610, 1
62718.0, 0.00, 0, 7.84, 23, 1.27, 3, 17.1, 1.0, -1.0,0.0000, 0.0000, 62718.1349, 62718.4616, 1
62719.0, 2.38, 7, 5.49, 16, 1.27, 3, 17.1, 1.0, 19.5,62719.1341, 62719.2335, 62719.2335, 62719.4623, 1
62720.0, 3.18, 9, 4.73, 14, 1.26, 3, 17.2, 1.1, 20.4,62720.1333, 62720.2657, 62720.2657, 62720.4629, 1
62721.0, 4.08, 12, 3.87, 11, 1.26, 3, 17.2, 1.2, 21.3,62721.1325, 62721.3024, 62721.3024, 62721.4635, 1
62722.0, 5.09, 15, 2.89, 8, 1.25, 3, 17.3, 1.3, 22.4,62722.1317, 62722.3437, 62722.3437, 62722.4642, 1
62723.0, 6.18, 18, 1.83, 5, 1.25, 3, 17.3, 1.4, 23.5,62723.1309, 62723.3886, 62723.3886, 62723.4648, 1
62724.0, 7.33, 21, 0.72, 2, 1.24, 3, 17.4, 1.4, 0.7,62724.1300, 62724.4353, 62724.4353, 62724.4654, 1
62725.0, 8.09, 24, 0.00, 0, 1.24, 3, 17.4, 1.5, -1.0,62725.1292, 62725.4661, 0.0000, 0.0000, 1
62726.0, 8.12, 24, 0.00, 0, 1.24, 3, 17.5, 1.6, -1.0,62726.1283, 62726.4667, 0.0000, 0.0000, 1
62727.0, 8.16, 24, 0.00, 0, 1.23, 3, 17.5, 1.7, -1.0,62727.1274, 62727.4673, 0.0000, 0.0000, 0
62728.0, 8.19, 24, 0.00, 0, 1.23, 3, 17.6, 1.8, -1.0,62728.1265, 62728.4679, 0.0000, 0.0000, 0
62729.0, 8.23, 24, 0.00, 0, 1.22, 3, 17.6, 1.8, -1.0,62729.1257, 62729.4685, 0.0000, 0.0000, 0
62730.0, 7.75, 23, 0.52, 1, 1.22, 3, 17.6, 1.9, 18.2,62730.1463, 62730.4691, 62730.1248, 62730.1463, 0
62731.0, 7.21, 21, 1.09, 3, 1.21, 3, 17.7, 2.0, 18.8,62731.1694, 62731.4697, 62731.1238, 62731.1694, 0
62732.0, 6.64, 19, 1.70, 5, 1.21, 3, 17.7, 2.1, 19.4,62732.1939, 62732.4704, 62732.1229, 62732.1939, 0
62733.0, 6.02, 18, 2.36, 7, 1.21, 3, 17.8, 2.2, 20.1,62733.2202, 62733.4710, 62733.1220, 62733.2202, 0
62734.0, 5.34, 16, 3.07, 9, 1.20, 3, 17.8, 2.3, 20.9,62734.2489, 62734.4716, 62734.1211, 62734.2489, 0
62735.0, 4.60, 13, 3.84, 11, 1.20, 3, 17.9, 2.3, 21.7,62735.2803, 62735.4721, 62735.1201, 62735.2803, 0
62736.0, 0.00, 0, 8.49, 25, 1.20, 3, 17.9, 2.4, -1.0,0.0000, 0.0000, 62736.1192, 62736.4727, 0
62737.0, 0.00, 0, 8.52, 25, 1.19, 3, 17.9, 2.5, -1.0,0.0000, 0.0000, 62737.1182, 62737.4733, 0
62738.0, 0.00, 0, 8.56, 25, 1.19, 3, 18.0, 2.6, -1.0,0.0000, 0.0000, 62738.1173, 62738.4739, 0
62739.0, 0.00, 0, 8.60, 25, 1.19, 3, 18.0, 2.7, -1.0,0.0000, 0.0000, 62739.1163, 62739.4745, 0
62740.0, 0.00, 0, 8.63, 25, 1.18, 3, 18.1, 2.7, -1.0,0.0000, 0.0000, 62740.1153, 62740.4751, 0
62741.0, 0.00, 0, 8.67, 26, 1.18, 3, 18.1, 2.8, -1.0,0.0000, 0.0000, 62741.1143, 62741.4756, 0
62742.0, 0.00, 0, 8.71, 26, 1.18, 3, 18.2, 2.9, -1.0,0.0000, 0.0000, 62742.1134, 62742.4762, 0
62743.0, 0.00, 0, 8.75, 26, 1.17, 3, 18.2, 3.0, -1.0,0.0000, 0.0000, 62743.1124, 62743.4768, 0
62744.0, 0.00, 0, 8.78, 26, 1.17, 3, 18.2, 3.0, -1.0,0.0000, 0.0000, 62744.1114, 62744.4773, 0
62745.0, 0.00, 0, 8.82, 26, 1.17, 3, 18.3, 3.1, -1.0,0.0000, 0.0000, 62745.1104, 62745.4779, 0
62746.0, 0.00, 0, 8.86, 26, 1.16, 3, 18.3, 3.2, -1.0,0.0000, 0.0000, 62746.1094, 62746.4784, 0
62747.0, 0.00, 0, 8.89, 26, 1.16, 3, 18.4, 3.3, -1.0,0.0000, 0.0000, 62747.1084, 62747.4790, 0
62748.0, 2.63, 7, 6.30, 18, 1.16, 3, 18.4, 3.4, 21.0,62748.1074, 62748.2170, 62748.2170, 62748.4795, 0
62749.0, 3.60, 10, 5.37, 16, 1.15, 3, 18.4, 3.4, 22.1,62749.1064, 62749.2563, 62749.2563, 62749.4801, 0
62750.0, 4.65, 13, 4.36, 13, 1.15, 3, 18.5, 3.5, 23.2,62750.1054, 62750.2990, 62750.2990, 62750.4806, 0
62751.0, 5.75, 17, 3.29, 9, 1.15, 3, 18.5, 3.6, 0.3,62751.1044, 62751.3440, 62751.3440, 62751.4811, 0
62752.0, 6.87, 20, 2.21, 6, 1.15, 3, 18.6, 3.7, 1.5,62752.1034, 62752.3896, 62752.3896, 62752.4817, 0
62753.0, 7.98, 23, 1.14, 3, 1.14, 3, 18.6, 3.8, 2.6,62753.1024, 62753.4348, 62753.4348, 62753.4822, 0
62754.0, 9.15, 27, 0.00, 0, 1.14, 3, 18.7, 3.8, -1.0,62754.1014, 62754.4827, 0.0000, 0.0000, 0
62755.0, 9.19, 27, 0.00, 0, 1.14, 3, 18.7, 3.9, -1.0,62755.1004, 62755.4832, 0.0000, 0.0000, 1
62756.0, 9.22, 27, 0.00, 0, 1.14, 3, 18.7, 4.0, -1.0,62756.0994, 62756.4837, 0.0000, 0.0000, 0
62757.0, 9.26, 27, 0.00, 0, 1.14, 3, 18.8, 4.1, -1.0,62757.0984, 62757.4842, 0.0000, 0.0000, 0
62758.0, 9.30, 27, 0.00, 0, 1.13, 3, 18.8, 4.1, -1.0,62758.0974, 62758.4847, 0.0000, 0.0000, 0
62759.0, 9.33, 27, 0.00, 0, 1.13, 3, 18.9, 4.2, -1.0,62759.0964, 62759.4852, 0.0000, 0.0000, 0
62760.0, 8.43, 25, 0.94, 2, 1.13, 3, 18.9, 4.3, 19.9,62760.1347, 62760.4858, 62760.0954, 62760.1347, 0
62761.0, 7.77, 23, 1.64, 4, 1.13, 3, 18.9, 4.4, 20.6,62761.1626, 62761.4862, 62761.0944, 62761.1626, 0
62762.0, 7.05, 21, 2.39, 7, 1.13, 3, 19.0, 4.5, 21.4,62762.1930, 62762.4867, 62762.0934, 62762.1930, 0
62763.0, 6.27, 18, 3.21, 9, 1.12, 3, 19.0, 4.5, 22.2,62763.2260, 62763.4872, 62763.0924, 62763.2260, 0
62764.0, 5.43, 16, 4.08, 12, 1.12, 3, 19.1, 4.6, 23.2,62764.2613, 62764.4877, 62764.0914, 62764.2613, 0
62765.0, 0.00, 0, 9.55, 28, 1.12, 3, 19.1, 4.7, -1.0,0.0000, 0.0000, 62765.0904, 62765.4882, 0
62766.0, 0.00, 0, 9.58, 28, 0.48, 1, 19.2, 4.8, -1.0,0.0000, 0.0000, 62766.0894, 62766.4887, 0
62767.0, 0.00, 0, 9.62, 28, 0.48, 1, 19.2, 4.8, -1.0,0.0000, 0.0000, 62767.0885, 62767.4892, 0
62768.0, 0.00, 0, 9.65, 28, 0.48, 1, 19.2, 4.9, -1.0,0.0000, 0.0000, 62768.0875, 62768.4897, 0
62769.0, 0.00, 0, 9.69, 29, 0.48, 1, 19.3, 5.0, -1.0,0.0000, 0.0000, 62769.0865, 62769.4902, 0
62770.0, 0.00, 0, 9.72, 29, 0.48, 1, 19.3, 5.1, -1.0,0.0000, 0.0000, 62770.0856, 62770.4907, 0
62771.0, 0.00, 0, 9.76, 29, 0.48, 1, 19.4, 5.2, -1.0,0.0000, 0.0000, 62771.0846, 62771.4911, 0
62772.0, 0.00, 0, 9.79, 29, 0.48, 1, 19.4, 5.2, -1.0,0.0000, 0.0000, 62772.0836, 62772.4916, 0
62773.0, 0.00, 0, 9.83, 29, 0.48, 1, 19.5, 5.3, -1.0,0.0000, 0.0000, 62773.0827, 62773.4921, 0
62774.0, 0.00, 0, 9.86, 29, 0.48, 1, 19.5, 5.4, -1.0,0.0000, 0.0000, 62774.0818, 62774.4926, 0
62775.0, 0.00, 0, 9.89, 29, 0.48, 1, 19.5, 5.5, -1.0,0.0000, 0.0000, 62775.0808, 62775.4931, 0
62776.0, 0.00, 0, 9.93, 29, 0.48, 1, 19.6, 5.5, -1.0,0.0000, 0.0000, 62776.0799, 62776.4935, 0
62777.0, 3.19, 9, 6.77, 20, 0.48, 1, 19.6, 5.6, 22.8,62777.0790, 62777.2120, 62777.2120, 62777.4940, 0
62778.0, 4.28, 12, 5.72, 17, 0.48, 1, 19.7, 5.7, 24.0,62778.0781, 62778.2563, 62778.2563, 62778.4945, 0
62779.0, 5.38, 16, 4.65, 13, 0.48, 1, 19.7, 5.8, 1.1,62779.0772, 62779.3013, 62779.3013, 62779.4950, 0
62780.0, 6.47, 19, 3.59, 10, 0.48, 1, 19.8, 5.8, 2.2,62780.0763, 62780.3458, 62780.3458, 62780.4955, 0
62781.0, 7.53, 22, 2.56, 7, 0.48, 1, 19.8, 5.9, 3.4,62781.0754, 62781.3893, 62781.3893, 62781.4959, 0
62782.0, 8.57, 25, 1.55, 4, 0.48, 1, 19.9, 6.0, 4.4,62782.0745, 62782.4316, 62782.4316, 62782.4964, 0
62783.0, 9.59, 28, 0.57, 1, 0.48, 1, 19.9, 6.1, 5.5,62783.0737, 62783.4730, 62783.4730, 62783.4969, 0
62784.0, 10.19, 30, 0.00, 0, 0.48, 1, 19.9, 6.2, -1.0,62784.0728, 62784.4974, 0.0000, 0.0000, 0
62785.0, 10.22, 30, 0.00, 0, 0.48, 1, 20.0, 6.2, -1.0,62785.0719, 62785.4979, 0.0000, 0.0000, 1
62786.0, 10.25, 30, 0.00, 0, 0.48, 1, 20.0, 6.3, -1.0,62786.0711, 62786.4983, 0.0000, 0.0000, 0
62787.0, 10.29, 30, 0.00, 0, 0.48, 1, 20.1, 6.4, -1.0,62787.0703, 62787.4988, 0.0000, 0.0000, 0
62788.0, 10.32, 30, 0.00, 0, 0.48, 1, 20.1, 6.5, -1.0,62788.0695, 62788.4993, 0.0000, 0.0000, 0
62789.0, 9.44, 28, 0.90, 2, 0.48, 1, 20.2, 6.5, 21.1,62789.1063, 62789.4998, 62789.0687, 62789.1063, 0
62790.0, 8.69, 26, 1.69, 5, 0.48, 1, 20.2, 6.6, 21.9,62790.1383, 62790.5003, 62790.0679, 62790.1383, 0
62791.0, 7.87, 23, 2.53, 7, 0.48, 1, 20.3, 6.7, 22.8,62791.1727, 62791.5008, 62791.0671, 62791.1727, 0
62792.0, 7.02, 21, 3.42, 10, 0.48, 1, 20.3, 6.8, 23.7,62792.2089, 62792.5013, 62792.0663, 62792.2089, 0
62793.0, 6.12, 18, 4.35, 13, 0.48, 1, 20.4, 6.9, 0.7,62793.2467, 62793.5018, 62793.0656, 62793.2467, 0
62794.0, 5.20, 15, 5.30, 15, 0.48, 1, 20.4, 6.9, 1.7,62794.2856, 62794.5023, 62794.0648, 62794.2856, 0
62795.0, 0.00, 0, 10.53, 31, 0.48, 1, 20.5, 7.0, -1.0,0.0000, 0.0000, 62795.0641, 62795.5028, 0
62796.0, 0.00, 0, 10.56, 31, 0.48, 1, 20.5, 7.1, -1.0,0.0000, 0.0000, 62796.0634, 62796.5033, 0
62797.0, 0.00, 0, 10.59, 31, 0.48, 1, 20.6, 7.2, -1.0,0.0000, 0.0000, 62797.0626, 62797.5038, 0
62798.0, 0.00, 0, 10.62, 31, 0.48, 1, 20.6, 7.2, -1.0,0.0000, 0.0000, 62798.0620, 62798.5043, 0
62799.0, 0.00, 0, 10.64, 31, 0.48, 1, 20.6, 7.3, -1.0,0.0000, 0.0000, 62799.0613, 62799.5048, 0
62800.0, 0.00, 0, 10.67, 32, 0.48, 1, 20.7, 7.4, -1.0,0.0000, 0.0000, 62800.0606, 62800.5053, 0
62801.0, 0.00, 0, 10.70, 32, 0.48, 1, 20.7, 7.5, -1.0,0.0000, 0.0000, 62801.0600, 62801.5058, 0
62802.0, 0.00, 0, 10.73, 32, 0.48, 1, 20.8, 7.6, -1.0,0.0000, 0.0000, 62802.0593, 62802.5063, 0
62803.0, 0.00, 0, 10.76, 32, 0.48, 1, 20.8, 7.6, -1.0,0.0000, 0.0000, 62803.0587, 62803.5068, 0
62804.0, 0.00, 0, 10.78, 32, 0.48, 1, 20.9, 7.7, -1.0,0.0000, 0.0000, 62804.0581, 62804.5074, 0
62805.0, 0.00, 0, 10.81, 32, 0.48, 1, 21.0, 7.8, -1.0,0.0000, 0.0000, 62805.0575, 62805.5079, 0
62806.0, 0.00, 0, 10.84, 32, 0.48, 1, 21.0, 7.9, -1.0,0.0000, 0.0000, 62806.0569, 62806.5084, 0
62807.0, 4.84, 14, 6.02, 18, 0.48, 1, 21.1, 7.9, 1.9,62807.0564, 62807.2580, 62807.2580, 62807.5089, 0
62808.0, 5.91, 17, 4.98, 14, 0.48, 1, 21.1, 8.0, 3.0,62808.0558, 62808.3020, 62808.3020, 62808.5095, 0
62809.0, 6.94, 20, 3.97, 11, 0.48, 1, 21.2, 8.1, 4.1,62809.0553, 62809.3444, 62809.3444, 62809.5100, 0
62810.0, 7.94, 23, 3.00, 8, 0.48, 1, 21.2, 8.2, 5.2,62810.0548, 62810.3855, 62810.3855, 62810.5105, 0
62811.0, 8.92, 26, 2.05, 6, 0.48, 1, 21.3, 8.3, 6.2,62811.0543, 62811.4258, 62811.4258, 62811.5111, 0
62812.0, 9.88, 29, 1.10, 3, 0.48, 1, 21.3, 8.3, 7.2,62812.0538, 62812.4656, 62812.4656, 62812.5116, 0
62813.0, 11.01, 33, 0.00, 0, 0.49, 1, 21.4, 8.4, -1.0,62813.0534, 62813.5121, 0.0000, 0.0000, 0
62814.0, 11.03, 33, 0.00, 0, 0.49, 1, 21.4, 8.5, -1.0,62814.0529, 62814.5127, 0.0000, 0.0000, 1
62815.0, 11.06, 33, 0.00, 0, 0.49, 1, 21.5, 8.6, -1.0,62815.0525, 62815.5132, 0.0000, 0.0000, 0
62816.0, 11.08, 33, 0.00, 0, 0.49, 1, 21.5, 8.7, -1.0,62816.0521, 62816.5138, 0.0000, 0.0000, 0
62817.0, 11.10, 33, 0.00, 0, 0.49, 1, 21.6, 8.7, -1.0,62817.0517, 62817.5143, 0.0000, 0.0000, 0
62818.0, 10.31, 30, 0.82, 2, 0.49, 1, 21.7, 8.8, 22.5,62818.0854, 62818.5148, 62818.0514, 62818.0854, 0
62819.0, 9.47, 28, 1.68, 5, 0.49, 1, 21.7, 8.9, 23.4,62819.1209, 62819.5154, 62819.0510, 62819.1209, 0
62820.0, 8.59, 25, 2.57, 7, 0.49, 1, 21.8, 9.0, 0.4,62820.1580, 62820.5159, 62820.0507, 62820.1580, 0
62821.0, 7.69, 23, 3.49, 10, 0.49, 1, 21.8, 9.0, 1.3,62821.1959, 62821.5165, 62821.0504, 62821.1959, 0
62822.0, 6.78, 20, 4.43, 13, 0.49, 1, 21.9, 9.1, 2.3,62822.2346, 62822.5170, 62822.0501, 62822.2346, 0
62823.0, 5.85, 17, 5.38, 16, 0.49, 1, 21.9, 9.2, 3.3,62823.2739, 62823.5176, 62823.0498, 62823.2739, 0
62824.0, 4.90, 14, 6.35, 19, 0.49, 1, 22.0, 9.3, 4.4,62824.3141, 62824.5181, 62824.0496, 62824.3141, 0
62825.0, 0.00, 0, 11.26, 33, 0.49, 1, 22.1, 9.4, -1.0,0.0000, 0.0000, 62825.0493, 62825.5187, 0
62826.0, 0.00, 0, 11.28, 33, 0.49, 1, 22.1, 9.4, -1.0,0.0000, 0.0000, 62826.0491, 62826.5192, 0
62827.0, 0.00, 0, 11.30, 33, 0.49, 1, 22.2, 9.5, -1.0,0.0000, 0.0000, 62827.0489, 62827.5198, 0
62828.0, 0.00, 0, 11.32, 33, 0.49, 1, 22.3, 9.6, -1.0,0.0000, 0.0000, 62828.0487, 62828.5203, 0
62829.0, 0.00, 0, 11.34, 34, 0.49, 1, 22.3, 9.7, -1.0,0.0000, 0.0000, 62829.0486, 62829.5209, 0
62830.0, 0.00, 0, 11.35, 34, 0.50, 1, 22.4, 9.8, -1.0,0.0000, 0.0000, 62830.0484, 62830.5214, 0
62831.0, 0.00, 0, 11.37, 34, 0.50, 1, 22.4, 9.8, -1.0,0.0000, 0.0000, 62831.0483, 62831.5220, 0
62832.0, 0.00, 0, 11.38, 34, 0.50, 1, 22.5, 9.9, -1.0,0.0000, 0.0000, 62832.0482, 62832.5225, 0
62833.0, 0.00, 0, 11.40, 34, 0.50, 1, 22.6, 10.0, -1.0,0.0000, 0.0000, 62833.0482, 62833.5230, 0
62834.0, 0.00, 0, 11.41, 34, 0.50, 1, 22.6, 10.1, -1.0,0.0000, 0.0000, 62834.0481, 62834.5236, 0
62835.0, 0.00, 0, 11.43, 34, 0.50, 1, 22.7, 10.2, -1.0,0.0000, 0.0000, 62835.0481, 62835.5241, 0
62836.0, 4.99, 14, 6.45, 19, 0.50, 1, 22.8, 10.2, 3.8,62836.0480, 62836.2559, 62836.2559, 62836.5246, 0
62837.0, 6.00, 18, 5.45, 16, 0.50, 1, 22.8, 10.3, 4.8,62837.0480, 62837.2981, 62837.2981, 62837.5252, 0
62838.0, 6.98, 20, 4.48, 13, 0.50, 1, 22.9, 10.4, 5.9,62838.0481, 62838.3389, 62838.3389, 62838.5257, 0
62839.0, 7.94, 23, 3.54, 10, 0.50, 1, 23.0, 10.5, 6.9,62839.0481, 62839.3788, 62839.3788, 62839.5262, 0
62840.0, 8.88, 26, 2.61, 7, 0.50, 1, 23.0, 10.5, 7.9,62840.0481, 62840.4181, 62840.4181, 62840.5267, 0
62841.0, 9.81, 29, 1.69, 5, 0.50, 1, 23.1, 10.6, 8.9,62841.0482, 62841.4570, 62841.4570, 62841.5272, 0
62842.0, 10.73, 32, 0.78, 2, 0.50, 1, 23.2, 10.7, 9.9,62842.0483, 62842.4953, 62842.4953, 62842.5277, 0
62843.0, 11.51, 34, 0.00, 0, 0.50, 1, 23.2, 10.8, -1.0,62843.0484, 62843.5282, 0.0000, 0.0000, 0
62844.0, 11.52, 34, 0.00, 0, 0.50, 1, 23.3, 10.9, -1.0,62844.0486, 62844.5286, 0.0000, 0.0000, 0
62845.0, 11.53, 34, 0.00, 0, 0.50, 1, 23.4, 10.9, -1.0,62845.0487, 62845.5291, 0.0000, 0.0000, 1
62846.0, 11.54, 34, 0.00, 0, 0.50, 1, 23.4, 11.0, -1.0,62846.0489, 62846.5296, 0.0000, 0.0000, 0
62847.0, 11.02, 33, 0.52, 1, 0.50, 1, 23.5, 11.1, 0.0,62847.0708, 62847.5300, 62847.0490, 62847.0708, 0
62848.0, 10.13, 30, 1.42, 4, 0.50, 1, 23.6, 11.2, 1.0,62848.1085, 62848.5305, 62848.0492, 62848.1085, 0
62849.0, 9.22, 27, 2.34, 7, 0.50, 1, 23.6, 11.2, 2.0,62849.1468, 62849.5309, 62849.0495, 62849.1468, 0
62850.0, 8.30, 24, 3.26, 9, 0.50, 1, 23.7, 11.3, 3.0,62850.1854, 62850.5313, 62850.0497, 62850.1854, 0
62851.0, 7.37, 22, 4.19, 12, 0.50, 1, 23.8, 11.4, 4.0,62851.2245, 62851.5317, 62851.0499, 62851.2245, 0
62852.0, 6.43, 19, 5.14, 15, 0.50, 1, 23.9, 11.5, 5.0,62852.2643, 62852.5321, 62852.0502, 62852.2643, 0
62853.0, 5.45, 16, 6.12, 18, 0.50, 1, 23.9, 11.5, 6.1,62853.3053, 62853.5325, 62853.0505, 62853.3053, 0
62854.0, 0.00, 0, 11.57, 34, 0.50, 1, 0.0, 11.6, -1.0,0.0000, 0.0000, 62854.0508, 62854.5329, 0
62855.0, 0.00, 0, 11.57, 34, 0.50, 1, 0.1, 11.7, -1.0,0.0000, 0.0000, 62855.0511, 62855.5333, 0
62856.0, 0.00, 0, 11.57, 34, 0.50, 1, 0.2, 11.8, -1.0,0.0000, 0.0000, 62856.0514, 62856.5336, 0
62857.0, 0.00, 0, 11.57, 34, 0.50, 1, 0.2, 11.8, -1.0,0.0000, 0.0000, 62857.0518, 62857.5340, 0
62858.0, 0.00, 0, 11.57, 34, 0.50, 1, 0.3, 11.9, -1.0,0.0000, 0.0000, 62858.0521, 62858.5343, 0
62859.0, 0.00, 0, 11.57, 34, 0.50, 1, 0.4, 12.0, -1.0,0.0000, 0.0000, 62859.0525, 62859.5346, 0
62860.0, 0.00, 0, 11.57, 34, 0.50, 1, 0.5, 12.1, -1.0,0.0000, 0.0000, 62860.0529, 62860.5349, 0
62861.0, 0.00, 0, 11.57, 34, 0.50, 1, 0.5, 12.1, -1.0,0.0000, 0.0000, 62861.0533, 62861.5352, 0
62862.0, 0.00, 0, 11.56, 34, 0.50, 1, 0.6, 12.2, -1.0,0.0000, 0.0000, 62862.0537, 62862.5355, 0
62863.0, 0.00, 0, 11.56, 34, 0.50, 1, 0.7, 12.3, -1.0,0.0000, 0.0000, 62863.0541, 62863.5357, 0
62864.0, 0.00, 0, 11.55, 34, 0.50, 1, 0.8, 12.3, -1.0,0.0000, 0.0000, 62864.0545, 62864.5360, 0
62865.0, 0.00, 0, 11.55, 34, 0.50, 1, 0.8, 12.4, -1.0,0.0000, 0.0000, 62865.0550, 62865.5362, 0
62866.0, 5.63, 16, 5.91, 17, 0.50, 1, 0.9, 12.5, 6.6,62866.0554, 62866.2901, 62866.2901, 62866.5364, 0
62867.0, 6.58, 19, 4.95, 14, 0.50, 1, 1.0, 12.6, 7.6,62867.0559, 62867.3302, 62867.3302, 62867.5366, 0
62868.0, 7.52, 22, 4.01, 12, 0.50, 1, 1.1, 12.6, 8.6,62868.0564, 62868.3696, 62868.3696, 62868.5368, 0
62869.0, 8.43, 25, 3.09, 9, 0.50, 1, 1.1, 12.7, 9.6,62869.0568, 62869.4081, 62869.4081, 62869.5370, 0
62870.0, 9.32, 27, 2.19, 6, 0.50, 1, 1.2, 12.8, 10.6,62870.0573, 62870.4457, 62870.4457, 62870.5371, 0
62871.0, 10.18, 30, 1.33, 3, 0.50, 1, 1.3, 12.8, 11.5,62871.0578, 62871.4819, 62871.4819, 62871.5372, 0
62872.0, 10.99, 32, 0.51, 1, 0.50, 1, 1.4, 12.9, 12.4,62872.0583, 62872.5161, 62872.5161, 62872.5373, 0
62873.0, 11.49, 34, 0.00, 0, 0.50, 1, 1.5, 13.0, -1.0,62873.0588, 62873.5374, 0.0000, 0.0000, 0
62874.0, 11.47, 34, 0.00, 0, 0.50, 1, 1.5, 13.0, -1.0,62874.0594, 62874.5375, 0.0000, 0.0000, 1
62875.0, 11.46, 34, 0.00, 0, 0.50, 1, 1.6, 13.1, -1.0,62875.0599, 62875.5375, 0.0000, 0.0000, 0
62876.0, 11.45, 34, 0.00, 0, 0.50, 1, 1.7, 13.2, -1.0,62876.0604, 62876.5376, 0.0000, 0.0000, 0
62877.0, 10.54, 31, 0.90, 2, 0.50, 1, 1.8, 13.2, 2.7,62877.0985, 62877.5376, 62877.0610, 62877.0985, 0
62878.0, 9.60, 28, 1.83, 5, 0.50, 1, 1.8, 13.3, 3.7,62878.1376, 62878.5376, 62878.0615, 62878.1376, 0
62879.0, 8.65, 25, 2.76, 8, 0.50, 1, 1.9, 13.4, 4.7,62879.1770, 62879.5375, 62879.0620, 62879.1770, 0
62880.0, 7.69, 23, 3.71, 11, 0.50, 1, 2.0, 13.4, 5.7,62880.2170, 62880.5375, 62880.0626, 62880.2170, 0
62881.0, 6.70, 20, 4.68, 14, 0.50, 1, 2.1, 13.5, 6.8,62881.2582, 62881.5374, 62881.0631, 62881.2582, 0
62882.0, 5.68, 17, 5.69, 17, 0.50, 1, 2.2, 13.6, 7.9,62882.3008, 62882.5374, 62882.0637, 62882.3008, 0
62883.0, 4.61, 13, 6.74, 20, 0.50, 1, 2.2, 13.6, 9.0,62883.3450, 62883.5373, 62883.0643, 62883.3450, 0
62884.0, 0.00, 0, 11.34, 34, 0.49, 1, 2.3, 13.7, -1.0,0.0000, 0.0000, 62884.0648, 62884.5371, 0
62885.0, 0.00, 0, 11.32, 33, 0.49, 1, 2.4, 13.7, -1.0,0.0000, 0.0000, 62885.0654, 62885.5370, 0
62886.0, 0.00, 0, 11.30, 33, 0.49, 1, 2.5, 13.8, -1.0,0.0000, 0.0000, 62886.0660, 62886.5368, 0
62887.0, 0.00, 0, 11.28, 33, 0.49, 1, 2.6, 13.9, -1.0,0.0000, 0.0000, 62887.0666, 62887.5367, 0
62888.0, 0.00, 0, 11.26, 33, 0.49, 1, 2.6, 13.9, -1.0,0.0000, 0.0000, 62888.0671, 62888.5365, 0
62889.0, 0.00, 0, 11.25, 33, 0.49, 1, 2.7, 14.0, -1.0,0.0000, 0.0000, 62889.0677, 62889.5363, 0
62890.0, 0.00, 0, 11.23, 33, 0.49, 1, 2.8, 14.1, -1.0,0.0000, 0.0000, 62890.0683, 62890.5360, 0
62891.0, 0.00, 0, 11.21, 33, 0.49, 1, 2.9, 14.1, -1.0,0.0000, 0.0000, 62891.0689, 62891.5358, 0
62892.0, 0.00, 0, 11.19, 33, 0.49, 1, 3.0, 14.2, -1.0,0.0000, 0.0000, 62892.0694, 62892.5355, 0
62893.0, 0.00, 0, 11.16, 33, 0.49, 1, 3.0, 14.2, -1.0,0.0000, 0.0000, 62893.0700, 62893.5352, 0
62894.0, 0.00, 0, 11.14, 33, 0.49, 1, 3.1, 14.3, -1.0,0.0000, 0.0000, 62894.0706, 62894.5349, 0
62895.0, 4.99, 14, 6.13, 18, 0.49, 1, 3.2, 14.3, 8.2,62895.0712, 62895.2793, 62895.2793, 62895.5346, 0
62896.0, 5.93, 17, 5.17, 15, 0.49, 1, 3.3, 14.4, 9.2,62896.0718, 62896.3189, 62896.3189, 62896.5342, 0
62897.0, 6.84, 20, 4.24, 12, 0.49, 1, 3.4, 14.5, 10.2,62897.0723, 62897.3573, 62897.3573, 62897.5339, 0
62898.0, 7.71, 23, 3.34, 10, 0.49, 1, 3.4, 14.5, 11.2,62898.0729, 62898.3942, 62898.3942, 62898.5335, 0
62899.0, 8.54, 25, 2.49, 7, 0.49, 1, 3.5, 14.6, 12.1,62899.0735, 62899.4292, 62899.4292, 62899.5331, 0
62900.0, 9.31, 27, 1.70, 5, 0.49, 1, 3.6, 14.6, 12.9,62900.0741, 62900.4619, 62900.4619, 62900.5327, 0
62901.0, 10.02, 30, 0.96, 2, 0.48, 1, 3.7, 14.7, 13.7,62901.0746, 62901.4922, 62901.4922, 62901.5322, 0
62902.0, 10.96, 32, 0.00, 0, 0.48, 1, 3.8, 14.7, -1.0,62902.0752, 62902.5318, 0.0000, 0.0000, 0
62903.0, 10.93, 32, 0.00, 0, 0.48, 1, 3.8, 14.8, -1.0,62903.0758, 62903.5313, 0.0000, 0.0000, 0
62904.0, 10.91, 32, 0.00, 0, 0.48, 1, 3.9, 14.8, -1.0,62904.0764, 62904.5308, 0.0000, 0.0000, 1
62905.0, 10.88, 32, 0.00, 0, 0.48, 1, 4.0, 14.9, -1.0,62905.0769, 62905.5303, 0.0000, 0.0000, 0
62906.0, 10.86, 32, 0.00, 0, 0.48, 1, 4.1, 15.0, -1.0,62906.0775, 62906.5298, 0.0000, 0.0000, 0
62907.0, 9.59, 28, 1.24, 3, 0.48, 1, 4.1, 15.0, 5.4,62907.1299, 62907.5293, 62907.0781, 62907.1299, 0
62908.0, 8.59, 25, 2.22, 6, 0.48, 1, 4.2, 15.1, 6.4,62908.1709, 62908.5287, 62908.0786, 62908.1709, 0
62909.0, 7.56, 22, 3.21, 9, 0.48, 1, 4.3, 15.1, 7.5,62909.2130, 62909.5282, 62909.0792, 62909.2130, 0
62910.0, 6.51, 19, 4.24, 12, 0.48, 1, 4.4, 15.2, 8.6,62910.2563, 62910.5276, 62910.0797, 62910.2563, 0
62911.0, 5.44, 16, 5.28, 15, 0.48, 1, 4.5, 15.2, 9.8,62911.3004, 62911.5270, 62911.0803, 62911.3004, 0
62912.0, 4.36, 13, 6.33, 18, 0.48, 1, 4.5, 15.3, 10.9,62912.3446, 62912.5264, 62912.0809, 62912.3446, 0
62913.0, 0.00, 0, 10.66, 31, 0.48, 1, 4.6, 15.3, -1.0,0.0000, 0.0000, 62913.0814, 62913.5257, 0
62914.0, 0.00, 0, 10.64, 31, 0.48, 1, 4.7, 15.4, -1.0,0.0000, 0.0000, 62914.0820, 62914.5251, 0
62915.0, 0.00, 0, 10.61, 31, 0.48, 1, 4.8, 15.4, -1.0,0.0000, 0.0000, 62915.0825, 62915.5244, 0
62916.0, 0.00, 0, 10.58, 31, 0.48, 1, 4.9, 15.5, -1.0,0.0000, 0.0000, 62916.0831, 62916.5238, 0
62917.0, 0.00, 0, 10.55, 31, 0.48, 1, 4.9, 15.5, -1.0,0.0000, 0.0000, 62917.0836, 62917.5231, 0
62918.0, 0.00, 0, 10.52, 31, 0.48, 1, 5.0, 15.6, -1.0,0.0000, 0.0000, 62918.0841, 62918.5224, 0
62919.0, 0.00, 0, 10.49, 31, 0.48, 1, 5.1, 15.6, -1.0,0.0000, 0.0000, 62919.0847, 62919.5217, 0
62920.0, 0.00, 0, 10.46, 31, 0.48, 1, 5.2, 15.7, -1.0,0.0000, 0.0000, 62920.0852, 62920.5210, 0
62921.0, 0.00, 0, 10.43, 31, 0.48, 1, 5.3, 15.7, -1.0,0.0000, 0.0000, 62921.0858, 62921.5202, 0
62922.0, 0.00, 0, 10.40, 31, 0.48, 1, 5.3, 15.8, -1.0,0.0000, 0.0000, 62922.0863, 62922.5195, 0
62923.0, 0.00, 0, 10.36, 31, 0.48, 1, 5.4, 15.8, -1.0,0.0000, 0.0000, 62923.0869, 62923.5187, 0
62924.0, 0.00, 0, 10.33, 31, 0.48, 1, 5.5, 15.9, -1.0,0.0000, 0.0000, 62924.0874, 62924.5179, 0
62925.0, 5.19, 15, 5.11, 15, 0.48, 1, 5.6, 15.9, 10.8,62925.0879, 62925.3043, 62925.3043, 62925.5172, 0
62926.0, 6.05, 18, 4.22, 12, 0.48, 1, 5.6, 15.9, 11.7,62926.0885, 62926.3403, 62926.3403, 62926.5164, 0
62927.0, 6.84, 20, 3.40, 10, 0.48, 1, 5.7, 16.0, 12.6,62927.0890, 62927.3741, 62927.3741, 62927.5156, 0
62928.0, 7.58, 22, 2.63, 7, 0.48, 1, 5.8, 16.0, 13.4,62928.0895, 62928.4053, 62928.4053, 62928.5148, 0
62929.0, 8.26, 24, 1.92, 5, 0.48, 1, 5.9, 16.1, 14.2,62929.0900, 62929.4341, 62929.4341, 62929.5139, 0
62930.0, 8.88, 26, 1.26, 3, 0.48, 1, 6.0, 16.1, 14.9,62930.0906, 62930.4606, 62930.4606, 62930.5131, 0
62931.0, 9.46, 28, 0.65, 1, 0.48, 1, 6.0, 16.2, 15.5,62931.0911, 62931.4853, 62931.4853, 62931.5122, 0
62932.0, 10.07, 30, 0.00, 0, 0.48, 1, 6.1, 16.2, -1.0,62932.0916, 62932.5114, 0.0000, 0.0000, 0
62933.0, 10.04, 30, 0.00, 0, 0.48, 1, 6.2, 16.3, -1.0,62933.0922, 62933.5105, 0.0000, 0.0000, 1
62934.0, 10.01, 30, 0.00, 0, 0.48, 1, 6.3, 16.3, -1.0,62934.0927, 62934.5097, 0.0000, 0.0000, 0
62935.0, 9.97, 29, 0.00, 0, 0.48, 1, 6.4, 16.4, -1.0,62935.0932, 62935.5088, 0.0000, 0.0000, 0
62936.0, 9.21, 27, 0.73, 2, 0.48, 1, 6.4, 16.4, 7.2,62936.1241, 62936.5079, 62936.0937, 62936.1241, 0
62937.0, 8.14, 24, 1.76, 5, 0.48, 1, 6.5, 16.4, 8.3,62937.1677, 62937.5070, 62937.0943, 62937.1677, 0
62938.0, 7.05, 21, 2.82, 8, 0.48, 1, 6.6, 16.5, 9.4,62938.2122, 62938.5061, 62938.0948, 62938.2122, 0
62939.0, 5.97, 17, 3.87, 11, 0.48, 1, 6.7, 16.5, 10.5,62939.2566, 62939.5052, 62939.0953, 62939.2566, 0
62940.0, 4.91, 14, 4.90, 14, 0.48, 1, 6.7, 16.6, 11.7,62940.2999, 62940.5043, 62940.0959, 62940.2999, 0
62941.0, 3.90, 11, 5.86, 17, 0.48, 1, 6.8, 16.6, 12.7,62941.3407, 62941.5033, 62941.0964, 62941.3407, 0
62942.0, 2.98, 8, 6.75, 20, 0.48, 1, 6.9, 16.7, 13.7,62942.3781, 62942.5024, 62942.0969, 62942.3781, 0
62943.0, 0.00, 0, 9.70, 29, 0.48, 1, 7.0, 16.7, -1.0,0.0000, 0.0000, 62943.0974, 62943.5015, 0
62944.0, 0.00, 0, 9.66, 28, 0.48, 1, 7.1, 16.7, -1.0,0.0000, 0.0000, 62944.0980, 62944.5005, 0
62945.0, 0.00, 0, 9.63, 28, 0.48, 1, 7.1, 16.8, -1.0,0.0000, 0.0000, 62945.0985, 62945.4996, 0
62946.0, 0.00, 0, 9.59, 28, 1.12, 3, 7.2, 16.8, -1.0,0.0000, 0.0000, 62946.0991, 62946.4987, 0
62947.0, 0.00, 0, 9.55, 28, 1.12, 3, 7.3, 16.9, -1.0,0.0000, 0.0000, 62947.0996, 62947.4977, 0
62948.0, 0.00, 0, 9.52, 28, 1.12, 3, 7.4, 16.9, -1.0,0.0000, 0.0000, 62948.1001, 62948.4968, 0
62949.0, 0.00, 0, 9.48, 28, 1.12, 3, 7.5, 17.0, -1.0,0.0000, 0.0000, 62949.1007, 62949.4958, 0
62950.0, 0.00, 0, 9.45, 28, 1.13, 3, 7.5, 17.0, -1.0,0.0000, 0.0000, 62950.1012, 62950.4948, 0
62951.0, 0.00, 0, 9.41, 28, 1.13, 3, 7.6, 17.0, -1.0,0.0000, 0.0000, 62951.1018, 62951.4939, 0
62952.0, 0.00, 0, 9.37, 28, 1.13, 3, 7.7, 17.1, -1.0,0.0000, 0.0000, 62952.1023, 62952.4929, 0
62953.0, 0.00, 0, 9.34, 28, 1.13, 3, 7.8, 17.1, -1.0,0.0000, 0.0000, 62953.1029, 62953.4919, 0
62954.0, 0.00, 0, 9.30, 27, 1.13, 3, 7.8, 17.2, -1.0,0.0000, 0.0000, 62954.1034, 62954.4910, 0
62955.0, 5.12, 15, 4.14, 12, 1.14, 3, 7.9, 17.2, 13.1,62955.1040, 62955.3174, 62955.3174, 62955.4900, 0
62956.0, 5.82, 17, 3.41, 10, 1.14, 3, 8.0, 17.3, 13.8,62956.1046, 62956.3470, 62956.3470, 62956.4890, 0
62957.0, 6.46, 19, 2.73, 8, 1.14, 3, 8.1, 17.3, 14.6,62957.1051, 62957.3743, 62957.3743, 62957.4880, 0
62958.0, 7.05, 21, 2.10, 6, 1.14, 3, 8.2, 17.3, 15.2,62958.1057, 62958.3996, 62958.3996, 62958.4870, 0
62959.0, 7.61, 22, 1.50, 4, 1.14, 3, 8.2, 17.4, 15.9,62959.1063, 62959.4234, 62959.4234, 62959.4861, 0
62960.0, 8.15, 24, 0.93, 2, 1.15, 3, 8.3, 17.4, 16.5,62960.1068, 62960.4465, 62960.4465, 62960.4851, 0
62961.0, 9.04, 27, 0.00, 0, 1.15, 3, 8.4, 17.5, -1.0,62961.1074, 62961.4841, 0.0000, 0.0000, 0
62962.0, 9.00, 27, 0.00, 0, 1.15, 3, 8.5, 17.5, -1.0,62962.1080, 62962.4831, 0.0000, 0.0000, 0
62963.0, 8.97, 26, 0.00, 0, 1.15, 3, 8.6, 17.6, -1.0,62963.1086, 62963.4822, 0.0000, 0.0000, 0
62964.0, 8.93, 26, 0.00, 0, 1.16, 3, 8.6, 17.6, -1.0,62964.1092, 62964.4812, 0.0000, 0.0000, 1
62965.0, 8.89, 26, 0.00, 0, 1.16, 3, 8.7, 17.6, -1.0,62965.1098, 62965.4802, 0.0000, 0.0000, 0
62966.0, 7.52, 22, 1.34, 4, 1.16, 3, 8.8, 17.7, 10.1,62966.1660, 62966.4792, 62966.1104, 62966.1660, 0
62967.0, 6.42, 19, 2.40, 7, 1.17, 3, 8.9, 17.7, 11.3,62967.2109, 62967.4783, 62967.1110, 62967.2109, 0
62968.0, 5.37, 16, 3.41, 10, 1.17, 3, 9.0, 17.8, 12.4,62968.2534, 62968.4773, 62968.1116, 62968.2534, 0
62969.0, 4.42, 13, 4.32, 12, 1.17, 3, 9.0, 17.8, 13.4,62969.2923, 62969.4763, 62969.1122, 62969.2923, 0
62970.0, 3.56, 10, 5.14, 15, 1.18, 3, 9.1, 17.9, 14.3,62970.3271, 62970.4754, 62970.1128, 62970.3271, 0
62971.0, 2.79, 8, 5.87, 17, 1.18, 3, 9.2, 17.9, 15.1,62971.3580, 62971.4744, 62971.1134, 62971.3580, 0
62972.0, 0.00, 0, 8.63, 25, 1.18, 3, 9.3, 17.9, -1.0,0.0000, 0.0000, 62972.1140, 62972.4735, 0
62973.0, 0.00, 0, 8.59, 25, 1.19, 3, 9.4, 18.0, -1.0,0.0000, 0.0000, 62973.1146, 62973.4725, 0
62974.0, 0.00, 0, 8.55, 25, 1.19, 3, 9.4, 18.0, -1.0,0.0000, 0.0000, 62974.1153, 62974.4716, 0
62975.0, 0.00, 0, 8.51, 25, 1.19, 3, 9.5, 18.1, -1.0,0.0000, 0.0000, 62975.1159, 62975.4707, 0
62976.0, 0.00, 0, 8.48, 25, 1.20, 3, 9.6, 18.1, -1.0,0.0000, 0.0000, 62976.1165, 62976.4697, 0
62977.0, 0.00, 0, 8.44, 25, 1.20, 3, 9.7, 18.2, -1.0,0.0000, 0.0000, 62977.1172, 62977.4688, 0
62978.0, 0.00, 0, 8.40, 25, 1.20, 3, 9.8, 18.2, -1.0,0.0000, 0.0000, 62978.1178, 62978.4679, 0
62979.0, 0.00, 0, 8.36, 25, 1.21, 3, 9.9, 18.2, -1.0,0.0000, 0.0000, 62979.1184, 62979.4670, 0
62980.0, 0.00, 0, 8.33, 24, 1.21, 3, 9.9, 18.3, -1.0,0.0000, 0.0000, 62980.1191, 62980.4661, 0
62981.0, 0.00, 0, 8.29, 24, 1.22, 3, 10.0, 18.3, -1.0,0.0000, 0.0000, 62981.1197, 62981.4652, 0
62982.0, 0.00, 0, 8.25, 24, 1.22, 3, 10.1, 18.4, -1.0,0.0000, 0.0000, 62982.1204, 62982.4643, 0
62983.0, 0.00, 0, 8.22, 24, 1.22, 3, 10.2, 18.4, -1.0,0.0000, 0.0000, 62983.1211, 62983.4634, 0
62984.0, 0.00, 0, 8.18, 24, 1.23, 3, 10.3, 18.5, -1.0,0.0000, 0.0000, 62984.1217, 62984.4626, 0
62985.0, 4.60, 13, 3.54, 10, 1.23, 3, 10.3, 18.5, 15.0,62985.1224, 62985.3140, 62985.3140, 62985.4617, 0
62986.0, 5.16, 15, 2.95, 8, 1.24, 3, 10.4, 18.6, 15.6,62986.1230, 62986.3381, 62986.3381, 62986.4609, 0
62987.0, 5.70, 17, 2.38, 7, 1.24, 3, 10.5, 18.6, 16.2,62987.1237, 62987.3610, 62987.3610, 62987.4600, 0
62988.0, 6.22, 18, 1.81, 5, 1.25, 3, 10.6, 18.6, 16.8,62988.1244, 62988.3836, 62988.3836, 62988.4592, 0
62989.0, 6.76, 20, 1.24, 3, 1.25, 3, 10.7, 18.7, 17.4,62989.1250, 62989.4066, 62989.4066, 62989.4584, 0
62990.0, 7.32, 21, 0.64, 1, 1.25, 3, 10.7, 18.7, 18.1,62990.1257, 62990.4308, 62990.4308, 62990.4576, 0
62991.0, 7.93, 23, 0.00, 0, 1.26, 3, 10.8, 18.8, -1.0,62991.1264, 62991.4568, 0.0000, 0.0000, 0
62992.0, 7.89, 23, 0.00, 0, 1.26, 3, 10.9, 18.8, -1.0,62992.1270, 62992.4560, 0.0000, 0.0000, 1
62993.0, 7.86, 23, 0.00, 0, 1.27, 3, 11.0, 18.9, -1.0,62993.1277, 62993.4552, 0.0000, 0.0000, 0
62994.0, 7.83, 23, 0.00, 0, 1.27, 3, 11.1, 18.9, -1.0,62994.1284, 62994.4545, 0.0000, 0.0000, 0
62995.0, 7.01, 21, 0.78, 2, 1.28, 3, 11.2, 19.0, 11.9,62995.1617, 62995.4537, 62995.1291, 62995.1617, 0
62996.0, 5.99, 17, 1.77, 5, 1.28, 3, 11.2, 19.0, 13.0,62996.2034, 62996.4530, 62996.1297, 62996.2034, 0
62997.0, 5.08, 15, 2.65, 7, 1.29, 3, 11.3, 19.1, 14.0,62997.2408, 62997.4523, 62997.1304, 62997.2408, 0
62998.0, 4.27, 12, 3.42, 10, 1.29, 3, 11.4, 19.1, 14.8,62998.2737, 62998.4516, 62998.1311, 62998.2737, 0
62999.0, 3.55, 10, 4.11, 12, 1.30, 3, 11.5, 19.2, 15.6,62999.3029, 62999.4509, 62999.1317, 62999.3029, 0
63000.0, 2.90, 8, 4.73, 14, 1.30, 3, 11.6, 19.2, 16.3,63000.3293, 63000.4503, 63000.1324, 63000.3293, 0
63001.0, 0.00, 0, 7.60, 22, 1.30, 3, 11.6, 19.3, -1.0,0.0000, 0.0000, 63001.1330, 63001.4496, 0
63002.0, 0.00, 0, 7.57, 22, 1.31, 3, 11.7, 19.3, -1.0,0.0000, 0.0000, 63002.1337, 63002.4490, 0
63003.0, 0.00, 0, 7.54, 22, 1.31, 3, 11.8, 19.4, -1.0,0.0000, 0.0000, 63003.1344, 63003.4484, 0
63004.0, 0.00, 0, 7.51, 22, 1.32, 3, 11.9, 19.4, -1.0,0.0000, 0.0000, 63004.1350, 63004.4478, 0
63005.0, 0.00, 0, 7.48, 22, 1.32, 3, 12.0, 19.5, -1.0,0.0000, 0.0000, 63005.1357, 63005.4472, 0
63006.0, 0.00, 0, 7.45, 22, 1.33, 3, 12.1, 19.5, -1.0,0.0000, 0.0000, 63006.1363, 63006.4466, 0
63007.0, 0.00, 0, 7.42, 22, 1.33, 3, 12.1, 19.6, -1.0,0.0000, 0.0000, 63007.1369, 63007.4461, 0
63008.0, 0.00, 0, 7.39, 22, 1.33, 4, 12.2, 19.6, -1.0,0.0000, 0.0000, 63008.1376, 63008.4456, 0
63009.0, 0.00, 0, 7.36, 22, 1.34, 4, 12.3, 19.7, -1.0,0.0000, 0.0000, 63009.1382, 63009.4450, 0
63010.0, 0.00, 0, 7.34, 22, 1.34, 4, 12.4, 19.7, -1.0,0.0000, 0.0000, 63010.1388, 63010.4446, 0
63011.0, 0.00, 0, 7.31, 21, 1.35, 4, 12.5, 19.8, -1.0,0.0000, 0.0000, 63011.1394, 63011.4441, 0
63012.0, 0.00, 0, 7.29, 21, 1.35, 4, 12.5, 19.8, -1.0,0.0000, 0.0000, 63012.1400, 63012.4436, 0
63013.0, 0.00, 0, 7.26, 21, 1.36, 4, 12.6, 19.9, -1.0,0.0000, 0.0000, 63013.1406, 63013.4432, 0
63014.0, 3.26, 9, 3.98, 11, 1.36, 4, 12.7, 20.0, 16.0,63014.1411, 63014.2771, 63014.2771, 63014.4428, 0
63015.0, 3.78, 11, 3.44, 10, 1.36, 4, 12.8, 20.0, 16.6,63015.1417, 63015.2993, 63015.2993, 63015.4424, 0
63016.0, 4.30, 12, 2.89, 8, 1.37, 4, 12.9, 20.1, 17.2,63016.1423, 63016.3215, 63016.3215, 63016.4421, 0
63017.0, 4.84, 14, 2.34, 7, 1.37, 4, 12.9, 20.1, 17.8,63017.1428, 63017.3444, 63017.3444, 63017.4417, 0
63018.0, 5.42, 16, 1.74, 5, 1.37, 4, 13.0, 20.2, 18.4,63018.1433, 63018.3690, 63018.3690, 63018.4414, 0
63019.0, 6.06, 18, 1.08, 3, 1.38, 4, 13.1, 20.2, 19.2,63019.1439, 63019.3962, 63019.3962, 63019.4411, 0
63020.0, 7.12, 21, 0.00, 0, 1.38, 4, 13.2, 20.3, -1.0,63020.1444, 63020.4408, 0.0000, 0.0000, 0
63021.0, 7.10, 21, 0.00, 0, 1.38, 4, 13.2, 20.4, -1.0,63021.1448, 63021.4406, 0.0000, 0.0000, 0
63022.0, 7.08, 21, 0.00, 0, 1.39, 4, 13.3, 20.4, -1.0,63022.1453, 63022.4404, 0.0000, 0.0000, 1
63023.0, 7.07, 21, 0.00, 0, 1.39, 4, 13.4, 20.5, -1.0,63023.1458, 63023.4402, 0.0000, 0.0000, 0
63024.0, 7.05, 21, 0.00, 0, 1.39, 4, 13.5, 20.5, -1.0,63024.1462, 63024.4400, 0.0000, 0.0000, 0
63025.0, 6.10, 18, 0.94, 2, 1.39, 4, 13.6, 20.6, 14.5,63025.1857, 63025.4398, 63025.1466, 63025.1857, 0
63026.0, 5.33, 15, 1.69, 5, 1.40, 4, 13.6, 20.7, 15.3,63026.2175, 63026.4397, 63026.1471, 63026.2175, 0
63027.0, 4.65, 13, 2.36, 7, 1.40, 4, 13.7, 20.7, 16.1,63027.2457, 63027.4396, 63027.1474, 63027.2457, 0
63028.0, 4.03, 12, 2.97, 8, 1.40, 4, 13.8, 20.8, 16.8,63028.2715, 63028.4395, 63028.1478, 63028.2715, 0
63029.0, 3.45, 10, 3.54, 10, 1.40, 4, 13.9, 20.9, 17.4,63029.2958, 63029.4394, 63029.1482, 63029.2958, 0
63030.0, 2.87, 8, 4.11, 12, 1.40, 4, 13.9, 20.9, 18.0,63030.3197, 63030.4394, 63030.1485, 63030.3197, 0
63031.0, 0.00, 0, 6.97, 20, 1.40, 4, 14.0, 21.0, -1.0,0.0000, 0.0000, 63031.1488, 63031.4393, 0
63032.0, 0.00, 0, 6.97, 20, 1.41, 4, 14.1, 21.1, -1.0,0.0000, 0.0000, 63032.1491, 63032.4393, 0
63033.0, 0.00, 0, 6.96, 20, 1.41, 4, 14.1, 21.1, -1.0,0.0000, 0.0000, 63033.1494, 63033.4394, 0
63034.0, 0.00, 0, 6.95, 20, 1.41, 4, 14.2, 21.2, -1.0,0.0000, 0.0000, 63034.1497, 63034.4394, 0
63035.0, 0.00, 0, 6.95, 20, 1.41, 4, 14.3, 21.3, -1.0,0.0000, 0.0000, 63035.1499, 63035.4395, 0
63036.0, 0.00, 0, 6.95, 20, 1.41, 4, 14.4, 21.3, -1.0,0.0000, 0.0000, 63036.1501, 63036.4396, 0
63037.0, 0.00, 0, 6.95, 20, 1.41, 4, 14.4, 21.4, -1.0,0.0000, 0.0000, 63037.1503, 63037.4397, 0
63038.0, 0.00, 0, 6.94, 20, 1.41, 4, 14.5, 21.5, -1.0,0.0000, 0.0000, 63038.1505, 63038.4398, 0
63039.0, 0.00, 0, 6.94, 20, 1.41, 4, 14.6, 21.5, -1.0,0.0000, 0.0000, 63039.1506, 63039.4400, 0
63040.0, 0.00, 0, 6.95, 20, 1.41, 4, 14.6, 21.6, -1.0,0.0000, 0.0000, 63040.1508, 63040.4402, 0
63041.0, 0.00, 0, 6.95, 20, 1.41, 4, 14.7, 21.7, -1.0,0.0000, 0.0000, 63041.1509, 63041.4404, 0
63042.0, 0.00, 0, 6.95, 20, 1.41, 4, 14.8, 21.7, -1.0,0.0000, 0.0000, 63042.1510, 63042.4406, 0
63043.0, 0.00, 0, 6.96, 20, 1.41, 4, 14.8, 21.8, -1.0,0.0000, 0.0000, 63043.1510, 63043.4409, 0
63044.0, 2.63, 7, 4.33, 12, 1.41, 4, 14.9, 21.9, 17.5,63044.1510, 63044.2608, 63044.2608, 63044.4411, 0
63045.0, 3.19, 9, 3.78, 11, 1.41, 4, 15.0, 22.0, 18.2,63045.1511, 63045.2839, 63045.2839, 63045.4414, 0
63046.0, 3.79, 11, 3.18, 9, 1.40, 4, 15.0, 22.0, 18.8,63046.1510, 63046.3091, 63046.3091, 63046.4417, 0
63047.0, 4.47, 13, 2.51, 7, 1.40, 4, 15.1, 22.1, 19.6,63047.1510, 63047.3373, 63047.3373, 63047.4420, 0
63048.0, 5.25, 15, 1.74, 5, 1.40, 4, 15.2, 22.2, 20.4,63048.1509, 63048.3697, 63048.3697, 63048.4424, 0
63049.0, 6.15, 18, 0.86, 2, 1.40, 4, 15.2, 22.3, 21.4,63049.1509, 63049.4070, 63049.4070, 63049.4427, 0
63050.0, 7.02, 21, 0.00, 0, 1.40, 4, 15.3, 22.3, -1.0,63050.1507, 63050.4431, 0.0000, 0.0000, 0
63051.0, 7.03, 21, 0.00, 0, 1.39, 4, 15.4, 22.4, -1.0,63051.1506, 63051.4435, 0.0000, 0.0000, 1
63052.0, 7.04, 21, 0.00, 0, 1.39, 4, 15.4, 22.5, -1.0,63052.1505, 63052.4439, 0.0000, 0.0000, 0
63053.0, 7.06, 21, 0.00, 0, 1.39, 4, 15.5, 22.6, -1.0,63053.1503, 63053.4443, 0.0000, 0.0000, 0
63054.0, 7.07, 21, 0.00, 0, 1.39, 4, 15.5, 22.6, -1.0,63054.1501, 63054.4447, 0.0000, 0.0000, 0
63055.0, 6.21, 18, 0.88, 2, 1.38, 4, 15.6, 22.7, 16.5,63055.1863, 63055.4452, 63055.1498, 63055.1863, 1
63056.0, 5.60, 16, 1.50, 4, 1.38, 4, 15.7, 22.8, 17.2,63056.2121, 63056.4457, 63056.1496, 63056.2121, 1
63057.0, 5.02, 15, 2.10, 6, 1.38, 4, 15.7, 22.9, 17.8,63057.2369, 63057.4461, 63057.1493, 63057.2369, 1
63058.0, 4.44, 13, 2.70, 8, 1.38, 4, 15.8, 22.9, 18.5,63058.2616, 63058.4466, 63058.1490, 63058.2616, 1
63059.0, 3.85, 11, 3.32, 9, 1.37, 4, 15.8, 23.0, 19.2,63059.2869, 63059.4471, 63059.1487, 63059.2869, 1
63060.0, 0.00, 0, 7.18, 21, 1.37, 4, 15.9, 23.1, -1.0,0.0000, 0.0000, 63060.1484, 63060.4477, 1
63061.0, 0.00, 0, 7.20, 21, 1.36, 4, 16.0, 23.2, -1.0,0.0000, 0.0000, 63061.1480, 63061.4482, 1
63062.0, 0.00, 0, 7.23, 21, 1.36, 4, 16.0, 23.3, -1.0,0.0000, 0.0000, 63062.1476, 63062.4487, 1
63063.0, 0.00, 0, 7.25, 21, 1.36, 4, 16.1, 23.3, -1.0,0.0000, 0.0000, 63063.1472, 63063.4493, 1
63064.0, 0.00, 0, 7.27, 21, 1.35, 4, 16.1, 23.4, -1.0,0.0000, 0.0000, 63064.1468, 63064.4498, 1
63065.0, 0.00, 0, 7.30, 21, 1.35, 4, 16.2, 23.5, -1.0,0.0000, 0.0000, 63065.1463, 63065.4504, 1
63066.0, 0.00, 0, 7.32, 21, 1.35, 4, 16.2, 23.6, -1.0,0.0000, 0.0000, 63066.1459, 63066.4510, 1
63067.0, 0.00, 0, 7.35, 22, 1.34, 4, 16.3, 23.7, -1.0,0.0000, 0.0000, 63067.1454, 63067.4516, 1
63068.0, 0.00, 0, 7.37, 22, 1.34, 4, 16.3, 23.7, -1.0,0.0000, 0.0000, 63068.1449, 63068.4522, 1
63069.0, 0.00, 0, 7.40, 22, 1.33, 3, 16.4, 23.8, -1.0,0.0000, 0.0000, 63069.1443, 63069.4527, 1
63070.0, 0.00, 0, 7.43, 22, 1.33, 3, 16.4, 23.9, -1.0,0.0000, 0.0000, 63070.1438, 63070.4534, 1
63071.0, 0.00, 0, 7.46, 22, 1.32, 3, 16.5, 24.0, -1.0,0.0000, 0.0000, 63071.1432, 63071.4540, 1
63072.0, 0.00, 0, 7.49, 22, 1.32, 3, 16.5, 0.1, -1.0,0.0000, 0.0000, 63072.1426, 63072.4546, 1
63073.0, 2.01, 6, 5.51, 16, 1.32, 3, 16.6, 0.1, 18.6,63073.1420, 63073.2257, 63073.2257, 63073.4552, 1
63074.0, 2.65, 7, 4.89, 14, 1.31, 3, 16.6, 0.2, 19.3,63074.1414, 63074.2519, 63074.2519, 63074.4558, 1
63075.0, 3.38, 10, 4.20, 12, 1.31, 3, 16.7, 0.3, 20.1,63075.1408, 63075.2814, 63075.2814, 63075.4564, 1
63076.0, 4.20, 12, 3.40, 10, 1.30, 3, 16.7, 0.4, 21.0,63076.1401, 63076.3152, 63076.3152, 63076.4571, 1
63077.0, 5.15, 15, 2.49, 7, 1.30, 3, 16.8, 0.5, 22.0,63077.1394, 63077.3540, 63077.3540, 63077.4577, 1
63078.0, 6.21, 18, 1.46, 4, 1.29, 3, 16.8, 0.5, 23.1,63078.1388, 63078.3975, 63078.3975, 63078.4583, 1
63079.0, 7.70, 23, 0.00, 0, 1.29, 3, 16.9, 0.6, -1.0,63079.1381, 63079.4589, 0.0000, 0.0000, 1
63080.0, 7.73, 23, 0.00, 0, 1.28, 3, 16.9, 0.7, -1.0,63080.1373, 63080.4596, 0.0000, 0.0000, 1
63081.0, 7.77, 23, 0.00, 0, 1.28, 3, 17.0, 0.8, -1.0,63081.1366, 63081.4602, 0.0000, 0.0000, 1
63082.0, 7.80, 23, 0.00, 0, 1.28, 3, 17.0, 0.9, -1.0,63082.1358, 63082.4608, 0.0000, 0.0000, 1
63083.0, 7.83, 23, 0.00, 0, 1.27, 3, 17.1, 0.9, -1.0,63083.1351, 63083.4615, 0.0000, 0.0000, 1
63084.0, 7.87, 23, 0.00, 0, 1.27, 3, 17.1, 1.0, -1.0,63084.1343, 63084.4621, 0.0000, 0.0000, 1
63085.0, 6.86, 20, 1.04, 3, 1.26, 3, 17.2, 1.1, 18.2,63085.1769, 63085.4627, 63085.1335, 63085.1769, 1
63086.0, 6.26, 18, 1.68, 5, 1.26, 3, 17.2, 1.2, 18.9,63086.2027, 63086.4634, 63086.1327, 63086.2027, 1
63087.0, 5.63, 16, 2.34, 7, 1.25, 3, 17.3, 1.3, 19.6,63087.2294, 63087.4640, 63087.1319, 63087.2294, 1
63088.0, 4.97, 14, 3.04, 9, 1.25, 3, 17.3, 1.3, 20.4,63088.2577, 63088.4646, 63088.1311, 63088.2577, 1
63089.0, 4.26, 12, 3.78, 11, 1.24, 3, 17.4, 1.4, 21.2,63089.2878, 63089.4653, 63089.1302, 63089.2878, 1
63090.0, 0.00, 0, 8.08, 24, 1.24, 3, 17.4, 1.5, -1.0,0.0000, 0.0000, 63090.1294, 63090.4659, 1
63091.0, 0.00, 0, 8.11, 24, 1.24, 3, 17.5, 1.6, -1.0,0.0000, 0.0000, 63091.1285, 63091.4665, 1
63092.0, 0.00, 0, 8.15, 24, 1.23, 3, 17.5, 1.7, -1.0,0.0000, 0.0000, 63092.1276, 63092.4671, 1
63093.0, 0.00, 0, 8.18, 24, 1.23, 3, 17.5, 1.7, -1.0,0.0000, 0.0000, 63093.1268, 63093.4678, 1
63094.0, 0.00, 0, 8.22, 24, 1.22, 3, 17.6, 1.8, -1.0,0.0000, 0.0000, 63094.1259, 63094.4684, 1
63095.0, 0.00, 0, 8.26, 24, 1.22, 3, 17.6, 1.9, -1.0,0.0000, 0.0000, 63095.1250, 63095.4690, 1
63096.0, 0.00, 0, 8.29, 24, 1.22, 3, 17.7, 2.0, -1.0,0.0000, 0.0000, 63096.1241, 63096.4696, 1
63097.0, 0.00, 0, 8.33, 24, 1.21, 3, 17.7, 2.1, -1.0,0.0000, 0.0000, 63097.1231, 63097.4702, 0
63098.0, 0.00, 0, 8.37, 25, 1.21, 3, 17.8, 2.2, -1.0,0.0000, 0.0000, 63098.1222, 63098.4708, 0
63099.0, 0.00, 0, 8.40, 25, 1.20, 3, 17.8, 2.2, -1.0,0.0000, 0.0000, 63099.1213, 63099.4714, 0
63100.0, 0.00, 0, 8.44, 25, 1.20, 3, 17.8, 2.3, -1.0,0.0000, 0.0000, 63100.1203, 63100.4720, 0
63101.0, 0.00, 0, 8.48, 25, 1.20, 3, 17.9, 2.4, -1.0,0.0000, 0.0000, 63101.1194, 63101.4726, 0
63102.0, 0.00, 0, 8.51, 25, 1.19, 3, 17.9, 2.5, -1.0,0.0000, 0.0000, 63102.1184, 63102.4732, 0
63103.0, 2.68, 8, 5.87, 17, 1.19, 3, 18.0, 2.6, 20.7,63103.1175, 63103.2290, 63103.2290, 63103.4738, 0
63104.0, 3.56, 10, 5.03, 15, 1.19, 3, 18.0, 2.6, 21.6,63104.1165, 63104.2647, 63104.2647, 63104.4744, 0
63105.0, 4.54, 13, 4.08, 12, 1.18, 3, 18.1, 2.7, 22.6,63105.1156, 63105.3048, 63105.3048, 63105.4749, 0
63106.0, 5.62, 16, 3.04, 9, 1.18, 3, 18.1, 2.8, 23.7,63106.1146, 63106.3488, 63106.3488, 63106.4755, 0
63107.0, 6.77, 20, 1.93, 5, 1.18, 3, 18.1, 2.9, 0.9,63107.1136, 63107.3956, 63107.3956, 63107.4761, 0
63108.0, 7.94, 23, 0.79, 2, 1.17, 3, 18.2, 2.9, 2.2,63108.1126, 63108.4436, 63108.4436, 63108.4766, 0
63109.0, 8.77, 26, 0.00, 0, 1.17, 3, 18.2, 3.0, -1.0,63109.1116, 63109.4772, 0.0000, 0.0000, 0
63110.0, 8.81, 26, 0.00, 0, 1.17, 3, 18.3, 3.1, -1.0,63110.1106, 63110.4777, 0.0000, 0.0000, 0
63111.0, 8.85, 26, 0.00, 0, 1.16, 3, 18.3, 3.2, -1.0,63111.1096, 63111.4783, 0.0000, 0.0000, 1
63112.0, 8.88, 26, 0.00, 0, 1.16, 3, 18.4, 3.3, -1.0,63112.1086, 63112.4788, 0.0000, 0.0000, 0
63113.0, 8.92, 26, 0.00, 0, 1.16, 3, 18.4, 3.3, -1.0,63113.1076, 63113.4794, 0.0000, 0.0000, 0
63114.0, 8.09, 24, 0.87, 2, 1.16, 3, 18.4, 3.4, 19.3,63114.1430, 63114.4799, 63114.1066, 63114.1430, 0
63115.0, 7.42, 22, 1.58, 4, 1.15, 3, 18.5, 3.5, 20.1,63115.1714, 63115.4805, 63115.1056, 63115.1714, 0
63116.0, 6.71, 20, 2.32, 6, 1.15, 3, 18.5, 3.6, 20.9,63116.2014, 63116.4810, 63116.1046, 63116.2014, 0
63117.0, 5.96, 17, 3.11, 9, 1.15, 3, 18.6, 3.7, 21.7,63117.2333, 63117.4815, 63117.1036, 63117.2333, 0
63118.0, 5.16, 15, 3.95, 11, 1.15, 3, 18.6, 3.7, 22.6,63118.2670, 63118.4820, 63118.1026, 63118.2670, 0
63119.0, 0.00, 0, 9.14, 27, 1.14, 3, 18.6, 3.8, -1.0,0.0000, 0.0000, 63119.1016, 63119.4826, 0
63120.0, 0.00, 0, 9.18, 27, 1.14, 3, 18.7, 3.9, -1.0,0.0000, 0.0000, 63120.1006, 63120.4831, 0
63121.0, 0.00, 0, 9.22, 27, 1.14, 3, 18.7, 4.0, -1.0,0.0000, 0.0000, 63121.0996, 63121.4836, 0
63122.0, 0.00, 0, 9.25, 27, 1.14, 3, 18.8, 4.0, -1.0,0.0000, 0.0000, 63122.0986, 63122.4841, 0
63123.0, 0.00, 0, 9.29, 27, 1.13, 3, 18.8, 4.1, -1.0,0.0000, 0.0000, 63123.0976, 63123.4846, 0
63124.0, 0.00, 0, 9.32, 27, 1.13, 3, 18.9, 4.2, -1.0,0.0000, 0.0000, 63124.0966, 63124.4851, 0
63125.0, 0.00, 0, 9.36, 28, 1.13, 3, 18.9, 4.3, -1.0,0.0000, 0.0000, 63125.0956, 63125.4856, 0
63126.0, 0.00, 0, 9.40, 28, 1.13, 3, 18.9, 4.4, -1.0,0.0000, 0.0000, 63126.0946, 63126.4861, 0
63127.0, 0.00, 0, 9.43, 28, 1.13, 3, 19.0, 4.4, -1.0,0.0000, 0.0000, 63127.0936, 63127.4866, 0
63128.0, 0.00, 0, 9.47, 28, 1.13, 3, 19.0, 4.5, -1.0,0.0000, 0.0000, 63128.0926, 63128.4871, 0
63129.0, 0.00, 0, 9.50, 28, 1.12, 3, 19.1, 4.6, -1.0,0.0000, 0.0000, 63129.0916, 63129.4876, 0
63130.0, 0.00, 0, 9.54, 28, 1.12, 3, 19.1, 4.7, -1.0,0.0000, 0.0000, 63130.0907, 63130.4881, 0
63131.0, 0.00, 0, 9.57, 28, 0.48, 1, 19.1, 4.7, -1.0,0.0000, 0.0000, 63131.0897, 63131.4886, 0
63132.0, 3.10, 9, 6.51, 19, 0.48, 1, 19.2, 4.8, 22.3,63132.0887, 63132.2177, 63132.2177, 63132.4891, 0
63133.0, 4.12, 12, 5.52, 16, 0.48, 1, 19.2, 4.9, 23.4,63133.0877, 63133.2594, 63133.2594, 63133.4896, 0
63134.0, 5.21, 15, 4.47, 13, 0.48, 1, 19.3, 5.0, 0.5,63134.0868, 63134.3039, 63134.3039, 63134.4901, 0
63135.0, 6.34, 19, 3.38, 10, 0.48, 1, 19.3, 5.1, 1.7,63135.0858, 63135.3498, 63135.3498, 63135.4905, 0
63136.0, 7.47, 22, 2.28, 6, 0.48, 1, 19.4, 5.1, 2.9,63136.0848, 63136.3962, 63136.3962, 63136.4910, 0
63137.0, 8.60, 25, 1.18, 3, 0.48, 1, 19.4, 5.2, 4.0,63137.0839, 63137.4424, 63137.4424, 63137.4915, 0
63138.0, 9.82, 29, 0.00, 0, 0.48, 1, 19.4, 5.3, -1.0,63138.0829, 63138.4920, 0.0000, 0.0000, 0
63139.0, 9.85, 29, 0.00, 0, 0.48, 1, 19.5, 5.4, -1.0,63139.0820, 63139.4925, 0.0000, 0.0000, 1
63140.0, 9.89, 29, 0.00, 0, 0.48, 1, 19.5, 5.4, -1.0,63140.0811, 63140.4929, 0.0000, 0.0000, 0
63141.0, 9.92, 29, 0.00, 0, 0.48, 1, 19.6, 5.5, -1.0,63141.0801, 63141.4934, 0.0000, 0.0000, 0
63142.0, 9.95, 29, 0.00, 0, 0.48, 1, 19.6, 5.6, -1.0,63142.0792, 63142.4939, 0.0000, 0.0000, 0
63143.0, 9.15, 27, 0.84, 2, 0.48, 1, 19.7, 5.7, 20.5,63143.1131, 63143.4944, 63143.0783, 63143.1131, 0
63144.0, 8.40, 25, 1.62, 4, 0.48, 1, 19.7, 5.8, 21.3,63144.1448, 63144.4948, 63144.0774, 63144.1448, 0
63145.0, 7.61, 22, 2.44, 7, 0.48, 1, 19.8, 5.8, 22.2,63145.1783, 63145.4953, 63145.0765, 63145.1783, 0
63146.0, 6.78, 20, 3.30, 9, 0.48, 1, 19.8, 5.9, 23.1,63146.2133, 63146.4958, 63146.0756, 63146.2133, 0
63147.0, 5.93, 17, 4.19, 12, 0.48, 1, 19.8, 6.0, 0.0,63147.2494, 63147.4963, 63147.0747, 63147.2494, 0
63148.0, 5.05, 15, 5.10, 15, 0.48, 1, 19.9, 6.1, 1.0,63148.2862, 63148.4968, 63148.0739, 63148.2862, 0
63149.0, 0.00, 0, 10.18, 30, 0.48, 1, 19.9, 6.1, -1.0,0.0000, 0.0000, 63149.0730, 63149.4972, 0
63150.0, 0.00, 0, 10.21, 30, 0.48, 1, 20.0, 6.2, -1.0,0.0000, 0.0000, 63150.0721, 63150.4977, 0
63151.0, 0.00, 0, 10.25, 30, 0.48, 1, 20.0, 6.3, -1.0,0.0000, 0.0000, 63151.0713, 63151.4982, 0
63152.0, 0.00, 0, 10.28, 30, 0.48, 1, 20.1, 6.4, -1.0,0.0000, 0.0000, 63152.0705, 63152.4987, 0
63153.0, 0.00, 0, 10.31, 30, 0.48, 1, 20.1, 6.4, -1.0,0.0000, 0.0000, 63153.0697, 63153.4992, 0
63154.0, 0.00, 0, 10.34, 31, 0.48, 1, 20.2, 6.5, -1.0,0.0000, 0.0000, 63154.0689, 63154.4997, 0
63155.0, 0.00, 0, 10.37, 31, 0.48, 1, 20.2, 6.6, -1.0,0.0000, 0.0000, 63155.0681, 63155.5002, 0
63156.0, 0.00, 0, 10.40, 31, 0.48, 1, 20.3, 6.7, -1.0,0.0000, 0.0000, 63156.0673, 63156.5007, 0
63157.0, 0.00, 0, 10.43, 31, 0.48, 1, 20.3, 6.8, -1.0,0.0000, 0.0000, 63157.0665, 63157.5011, 0
63158.0, 0.00, 0, 10.46, 31, 0.48, 1, 20.3, 6.8, -1.0,0.0000, 0.0000, 63158.0657, 63158.5016, 0
63159.0, 0.00, 0, 10.49, 31, 0.48, 1, 20.4, 6.9, -1.0,0.0000, 0.0000, 63159.0650, 63159.5021, 0
63160.0, 0.00, 0, 10.52, 31, 0.48, 1, 20.4, 7.0, -1.0,0.0000, 0.0000, 63160.0643, 63160.5026, 0
63161.0, 3.66, 10, 6.89, 20, 0.48, 1, 20.5, 7.1, 0.2,63161.0635, 63161.2161, 63161.2161, 63161.5031, 0
63162.0, 4.76, 14, 5.82, 17, 0.48, 1, 20.5, 7.1, 1.3,63162.0628, 63162.2611, 63162.2611, 63162.5036, 0
63163.0, 5.86, 17, 4.74, 14, 0.48, 1, 20.6, 7.2, 2.5,63163.0621, 63163.3065, 63163.3065, 63163.5041, 0
63164.0, 6.96, 20, 3.68, 11, 0.48, 1, 20.6, 7.3, 3.6,63164.0614, 63164.3515, 63164.3515, 63164.5047, 0
63165.0, 8.05, 24, 2.62, 7, 0.48, 1, 20.7, 7.4, 4.8,63165.0608, 63165.3960, 63165.3960, 63165.5052, 0
63166.0, 9.12, 27, 1.58, 4, 0.48, 1, 20.7, 7.5, 5.9,63166.0601, 63166.4400, 63166.4400, 63166.5057, 0
63167.0, 10.18, 30, 0.54, 1, 0.48, 1, 20.8, 7.5, 7.0,63167.0595, 63167.4836, 63167.4836, 63167.5062, 0
63168.0, 10.75, 32, 0.00, 0, 0.48, 1, 20.8, 7.6, -1.0,63168.0589, 63168.5067, 0.0000, 0.0000, 0
63169.0, 10.78, 32, 0.00, 0, 0.48, 1, 20.9, 7.7, -1.0,63169.0582, 63169.5072, 0.0000, 0.0000, 1
63170.0, 10.80, 32, 0.00, 0, 0.48, 1, 20.9, 7.8, -1.0,63170.0576, 63170.5077, 0.0000, 0.0000, 0
63171.0, 10.83, 32, 0.00, 0, 0.48, 1, 21.0, 7.8, -1.0,63171.0571, 63171.5083, 0.0000, 0.0000, 0
63172.0, 10.08, 30, 0.77, 2, 0.48, 1, 21.0, 7.9, 21.8,63172.0886, 63172.5088, 63172.0565, 63172.0886, 0
63173.0, 9.26, 27, 1.62, 4, 0.48, 1, 21.1, 8.0, 22.7,63173.1234, 63173.5093, 63173.0560, 63173.1234, 0
63174.0, 8.41, 25, 2.50, 7, 0.48, 1, 21.1, 8.1, 23.7,63174.1594, 63174.5098, 63174.0554, 63174.1594, 0
63175.0, 7.54, 22, 3.39, 10, 0.48, 1, 21.2, 8.2, 0.6,63175.1961, 63175.5104, 63175.0549, 63175.1961, 0
63176.0, 6.67, 19, 4.29, 12, 0.48, 1, 21.3, 8.2, 1.6,63176.2332, 63176.5109, 63176.0544, 63176.2332, 0
63177.0, 5.79, 17, 5.19, 15, 0.48, 1, 21.3, 8.3, 2.5,63177.2704, 63177.5114, 63177.0539, 63177.2704, 0
63178.0, 4.90, 14, 6.10, 18, 0.48, 1, 21.4, 8.4, 3.5,63178.3078, 63178.5120, 63178.0535, 63178.3078, 0
63179.0, 0.00, 0, 11.03, 33, 0.49, 1, 21.4, 8.5, -1.0,0.0000, 0.0000, 63179.0530, 63179.5125, 0
63180.0, 0.00, 0, 11.05, 33, 0.49, 1, 21.5, 8.6, -1.0,0.0000, 0.0000, 63180.0526, 63180.5131, 0
63181.0, 0.00, 0, 11.07, 33, 0.49, 1, 21.5, 8.6, -1.0,0.0000, 0.0000, 63181.0522, 63181.5136, 0
63182.0, 0.00, 0, 11.10, 33, 0.49, 1, 21.6, 8.7, -1.0,0.0000, 0.0000, 63182.0518, 63182.5142, 0
63183.0, 0.00, 0, 11.12, 33, 0.49, 1, 21.6, 8.8, -1.0,0.0000, 0.0000, 63183.0514, 63183.5147, 0
63184.0, 0.00, 0, 11.14, 33, 0.49, 1, 21.7, 8.9, -1.0,0.0000, 0.0000, 63184.0511, 63184.5153, 0
63185.0, 0.00, 0, 11.16, 33, 0.49, 1, 21.8, 9.0, -1.0,0.0000, 0.0000, 63185.0508, 63185.5158, 0
63186.0, 0.00, 0, 11.18, 33, 0.49, 1, 21.8, 9.0, -1.0,0.0000, 0.0000, 63186.0505, 63186.5164, 0
63187.0, 0.00, 0, 11.20, 33, 0.49, 1, 21.9, 9.1, -1.0,0.0000, 0.0000, 63187.0502, 63187.5169, 0
63188.0, 0.00, 0, 11.22, 33, 0.49, 1, 21.9, 9.2, -1.0,0.0000, 0.0000, 63188.0499, 63188.5175, 0
63189.0, 0.00, 0, 11.24, 33, 0.49, 1, 22.0, 9.3, -1.0,0.0000, 0.0000, 63189.0496, 63189.5180, 0
63190.0, 0.00, 0, 11.26, 33, 0.49, 1, 22.1, 9.3, -1.0,0.0000, 0.0000, 63190.0494, 63190.5186, 0
63191.0, 5.15, 15, 6.13, 18, 0.49, 1, 22.1, 9.4, 3.3,63191.0492, 63191.2636, 63191.2636, 63191.5191, 0
63192.0, 6.22, 18, 5.08, 15, 0.49, 1, 22.2, 9.5, 4.4,63192.0490, 63192.3080, 63192.3080, 63192.5197, 0
63193.0, 7.27, 21, 4.05, 12, 0.49, 1, 22.2, 9.6, 5.5,63193.0488, 63193.3515, 63193.3515, 63193.5202, 0
63194.0, 8.30, 24, 3.04, 9, 0.49, 1, 22.3, 9.7, 6.6,63194.0486, 63194.3943, 63194.3943, 63194.5207, 0
63195.0, 9.31, 27, 2.03, 6, 0.50, 1, 22.4, 9.7, 7.7,63195.0485, 63195.4366, 63195.4366, 63195.5213, 0
63196.0, 10.32, 30, 1.05, 3, 0.50, 1, 22.4, 9.8, 8.8,63196.0484, 63196.4783, 63196.4783, 63196.5218, 0
63197.0, 11.38, 34, 0.00, 0, 0.50, 1, 22.5, 9.9, -1.0,63197.0483, 63197.5224, 0.0000, 0.0000, 0
63198.0, 11.39, 34, 0.00, 0, 0.50, 1, 22.6, 10.0, -1.0,63198.0482, 63198.5229, 0.0000, 0.0000, 1
63199.0, 11.41, 34, 0.00, 0, 0.50, 1, 22.6, 10.1, -1.0,63199.0481, 63199.5234, 0.0000, 0.0000, 0
63200.0, 11.42, 34, 0.00, 0, 0.50, 1, 22.7, 10.1, -1.0,63200.0481, 63200.5240, 0.0000, 0.0000, 0
63201.0, 10.91, 32, 0.52, 1, 0.50, 1, 22.7, 10.2, 23.3,63201.0697, 63201.5245, 63201.0480, 63201.0697, 0
63202.0, 10.05, 30, 1.40, 4, 0.50, 1, 22.8, 10.3, 0.2,63202.1064, 63202.5250, 63202.0480, 63202.1064, 0
63203.0, 9.17, 27, 2.29, 6, 0.50, 1, 22.9, 10.4, 1.2,63203.1435, 63203.5255, 63203.0480, 63203.1435, 0
63204.0, 8.29, 24, 3.18, 9, 0.50, 1, 22.9, 10.4, 2.1,63204.1806, 63204.5260, 63204.0481, 63204.1806, 0
63205.0, 7.41, 22, 4.07, 12, 0.50, 1, 23.0, 10.5, 3.1,63205.2177, 63205.5265, 63205.0481, 63205.2177, 0
63206.0, 6.53, 19, 4.96, 14, 0.50, 1, 23.1, 10.6, 4.0,63206.2548, 63206.5270, 63206.0482, 63206.2548, 0
63207.0, 5.64, 16, 5.86, 17, 0.50, 1, 23.1, 10.7, 5.0,63207.2923, 63207.5275, 63207.0483, 63207.2923, 0
63208.0, 4.73, 14, 6.78, 20, 0.50, 1, 23.2, 10.8, 6.0,63208.3308, 63208.5280, 63208.0484, 63208.3308, 0
63209.0, 0.00, 0, 11.52, 34, 0.50, 1, 23.3, 10.8, -1.0,0.0000, 0.0000, 63209.0485, 63209.5285, 0
63210.0, 0.00, 0, 11.53, 34, 0.50, 1, 23.4, 10.9, -1.0,0.0000, 0.0000, 63210.0487, 63210.5290, 0
63211.0, 0.00, 0, 11.54, 34, 0.50, 1, 23.4, 11.0, -1.0,0.0000, 0.0000, 63211.0488, 63211.5294, 0
63212.0, 0.00, 0, 11.54, 34, 0.50, 1, 23.5, 11.1, -1.0,0.0000, 0.0000, 63212.0490, 63212.5299, 0
63213.0, 0.00, 0, 11.55, 34, 0.50, 1, 23.6, 11.1, -1.0,0.0000, 0.0000, 63213.0492, 63213.5304, 0
63214.0, 0.00, 0, 11.55, 34, 0.50, 1, 23.6, 11.2, -1.0,0.0000, 0.0000, 63214.0494, 63214.5308, 0
63215.0, 0.00, 0, 11.56, 34, 0.50, 1, 23.7, 11.3, -1.0,0.0000, 0.0000, 63215.0496, 63215.5312, 0
63216.0, 0.00, 0, 11.56, 34, 0.50, 1, 23.8, 11.4, -1.0,0.0000, 0.0000, 63216.0499, 63216.5316, 0
63217.0, 0.00, 0, 11.57, 34, 0.50, 1, 23.8, 11.4, -1.0,0.0000, 0.0000, 63217.0502, 63217.5320, 0
63218.0, 0.00, 0, 11.57, 34, 0.50, 1, 23.9, 11.5, -1.0,0.0000, 0.0000, 63218.0504, 63218.5324, 0
63219.0, 0.00, 0, 11.57, 34, 0.50, 1, 24.0, 11.6, -1.0,0.0000, 0.0000, 63219.0507, 63219.5328, 0
63220.0, 5.10, 15, 6.48, 19, 0.50, 1, 0.1, 11.7, 5.2,63220.0510, 63220.2634, 63220.2634, 63220.5332, 0
63221.0, 6.13, 18, 5.44, 16, 0.50, 1, 0.1, 11.7, 6.3,63221.0514, 63221.3068, 63221.3068, 63221.5336, 0
63222.0, 7.14, 21, 4.43, 13, 0.50, 1, 0.2, 11.8, 7.4,63222.0517, 63222.3492, 63222.3492, 63222.5339, 0
63223.0, 8.13, 24, 3.44, 10, 0.50, 1, 0.3, 11.9, 8.4,63223.0521, 63223.3908, 63223.3908, 63223.5342, 0
63224.0, 9.10, 27, 2.48, 7, 0.50, 1, 0.4, 12.0, 9.5,63224.0524, 63224.4314, 63224.4314, 63224.5346, 0
63225.0, 10.03, 30, 1.54, 4, 0.50, 1, 0.4, 12.0, 10.5,63225.0528, 63225.4708, 63225.4708, 63225.5349, 0
63226.0, 10.93, 32, 0.64, 1, 0.50, 1, 0.5, 12.1, 11.5,63226.0532, 63226.5084, 63226.5084, 63226.5351, 0
63227.0, 11.56, 34, 0.00, 0, 0.50, 1, 0.6, 12.2, -1.0,63227.0536, 63227.5354, 0.0000, 0.0000, 1
63228.0, 11.56, 34, 0.00, 0, 0.50, 1, 0.7, 12.3, -1.0,63228.0540, 63228.5357, 0.0000, 0.0000, 0
63229.0, 11.56, 34, 0.00, 0, 0.50, 1, 0.7, 12.3, -1.0,63229.0544, 63229.5359, 0.0000, 0.0000, 0
63230.0, 11.55, 34, 0.00, 0, 0.50, 1, 0.8, 12.4, -1.0,63230.0549, 63230.5362, 0.0000, 0.0000, 0
63231.0, 10.66, 31, 0.89, 2, 0.50, 1, 0.9, 12.5, 1.8,63231.0922, 63231.5364, 63231.0553, 63231.0922, 0
63232.0, 9.77, 29, 1.76, 5, 0.50, 1, 1.0, 12.5, 2.7,63232.1293, 63232.5366, 63232.0558, 63232.1293, 0
