mjd, bright, slots_bright, dark, slots_dark, twilight, slots_twilight, lst_start, lst_end, lst_split, bright_start, bright_end, dark_start, dark_end, eng
61679.0, 0.00, 0, 9.46, 28, 1.08, 3, 19.7, 5.2, -1.0,0.0000, 0.0000, 61678.9921, 61679.3862, 0
61680.0, 0.00, 0, 9.43, 28, 1.09, 3, 19.8, 5.3, -1.0,0.0000, 0.0000, 61679.9926, 61680.3854, 0
61681.0, 0.00, 0, 9.40, 28, 1.09, 3, 19.9, 5.3, -1.0,0.0000, 0.0000, 61680.9930, 61681.3845, 0
61682.0, 0.00, 0, 9.36, 28, 1.09, 3, 20.0, 5.3, -1.0,0.0000, 0.0000, 61681.9934, 61682.3836, 0
61683.0, 0.00, 0, 9.33, 27, 1.09, 3, 20.0, 5.4, -1.0,0.0000, 0.0000, 61682.9939, 61683.3827, 0
61684.0, 4.83, 14, 4.47, 13, 1.09, 3, 20.1, 5.4, 1.0,61683.9943, 61684.1956, 61684.1956, 61684.3819, 0
61685.0, 5.61, 16, 3.65, 10, 1.09, 3, 20.2, 5.5, 1.8,61684.9948, 61685.2287, 61685.2287, 61685.3810, 0
61686.0, 6.30, 18, 2.94, 8, 1.10, 3, 20.3, 5.5, 2.6,61685.9953, 61686.2576, 61686.2576, 61686.3801, 0
61687.0, 6.90, 20, 2.31, 6, 1.10, 3, 20.3, 5.6, 3.3,61686.9957, 61687.2830, 61687.2830, 61687.3793, 0
61688.0, 7.43, 22, 1.74, 5, 1.10, 3, 20.4, 5.6, 3.9,61687.9962, 61688.3057, 61688.3057, 61688.3784, 0
61689.0, 7.91, 23, 1.23, 3, 1.10, 3, 20.5, 5.7, 4.4,61688.9967, 61689.3265, 61689.3265, 61689.3775, 0
61690.0, 8.38, 25, 0.73, 2, 1.11, 3, 20.6, 5.7, 5.0,61689.9972, 61690.3462, 61690.3462, 61690.3767, 0
61691.0, 9.08, 27, 0.00, 0, 1.11, 3, 20.7, 5.8, -1.0,61690.9977, 61691.3758, 0.0000, 0.0000, 0
61692.0, 9.04, 27, 0.00, 0, 1.11, 3, 20.7, 5.8, -1.0,61691.9982, 61692.3750, 0.0000, 0.0000, 0
61693.0, 9.01, 27, 0.00, 0, 1.11, 3, 20.8, 5.8, -1.0,61692.9987, 61693.3742, 0.0000, 0.0000, 1
61694.0, 8.98, 26, 0.00, 0, 1.12, 3, 20.9, 5.9, -1.0,61693.9993, 61694.3733, 0.0000, 0.0000, 0
61695.0, 8.95, 26, 0.00, 0, 1.12, 3, 21.0, 5.9, -1.0,61694.9998, 61695.3725, 0.0000, 0.0000, 0
61696.0, 7.62, 22, 1.29, 3, 1.12, 3, 21.0, 6.0, 22.3,61696.0540, 61696.3717, 61696.0003, 61696.0540, 0
61697.0, 6.54, 19, 2.34, 7, 1.12, 3, 21.1, 6.0, 23.5,61697.0984, 61697.3709, 61697.0009, 61697.0984, 0
61698.0, 5.49, 16, 3.36, 10, 1.13, 3, 21.2, 6.1, 0.6,61698.1412, 61698.3701, 61698.0014, 61698.1412, 0
61699.0, 4.52, 13, 4.29, 12, 1.13, 3, 21.3, 6.1, 1.6,61699.1808, 61699.3693, 61699.0020, 61699.1808, 0
61700.0, 3.66, 10, 5.12, 15, 1.13, 3, 21.4, 6.2, 2.5,61700.2161, 61700.3685, 61700.0026, 61700.2161, 0
61701.0, 2.90, 8, 5.85, 17, 1.14, 3, 21.4, 6.2, 3.3,61701.2470, 61701.3677, 61701.0031, 61701.2470, 0
61702.0, 0.00, 0, 8.72, 26, 1.14, 3, 21.5, 6.3, -1.0,0.0000, 0.0000, 61702.0037, 61702.3669, 0
61703.0, 0.00, 0, 8.68, 26, 1.14, 3, 21.6, 6.3, -1.0,0.0000, 0.0000, 61703.0043, 61703.3661, 0
61704.0, 0.00, 0, 8.65, 25, 1.15, 3, 21.7, 6.4, -1.0,0.0000, 0.0000, 61704.0049, 61704.3654, 0
61705.0, 0.00, 0, 8.62, 25, 1.15, 3, 21.8, 6.4, -1.0,0.0000, 0.0000, 61705.0055, 61705.3646, 0
61706.0, 0.00, 0, 8.59, 25, 1.15, 3, 21.8, 6.5, -1.0,0.0000, 0.0000, 61706.0061, 61706.3639, 0
61707.0, 0.00, 0, 8.55, 25, 1.16, 3, 21.9, 6.5, -1.0,0.0000, 0.0000, 61707.0068, 61707.3632, 0
61708.0, 0.00, 0, 8.52, 25, 1.16, 3, 22.0, 6.5, -1.0,0.0000, 0.0000, 61708.0074, 61708.3625, 0
61709.0, 0.00, 0, 8.49, 25, 1.16, 3, 22.1, 6.6, -1.0,0.0000, 0.0000, 61709.0080, 61709.3617, 0
61710.0, 0.00, 0, 8.46, 25, 1.17, 3, 22.2, 6.6, -1.0,0.0000, 0.0000, 61710.0087, 61710.3611, 0
61711.0, 0.00, 0, 8.43, 25, 1.17, 3, 22.2, 6.7, -1.0,0.0000, 0.0000, 61711.0093, 61711.3604, 0
61712.0, 0.00, 0, 8.39, 25, 1.17, 3, 22.3, 6.7, -1.0,0.0000, 0.0000, 61712.0100, 61712.3597, 0
61713.0, 0.00, 0, 8.36, 25, 1.18, 3, 22.4, 6.8, -1.0,0.0000, 0.0000, 61713.0106, 61713.3591, 0
61714.0, 4.47, 13, 3.86, 11, 1.18, 3, 22.5, 6.8, 3.0,61714.0113, 61714.1975, 61714.1975, 61714.3584, 0
61715.0, 5.02, 15, 3.28, 9, 1.18, 3, 22.6, 6.9, 3.6,61715.0120, 61715.2212, 61715.2212, 61715.3578, 0
61716.0, 5.52, 16, 2.75, 8, 1.19, 3, 22.7, 6.9, 4.2,61716.0126, 61716.2427, 61716.2427, 61716.3572, 0
61717.0, 5.98, 17, 2.25, 6, 1.19, 3, 22.7, 7.0, 4.7,61717.0133, 61717.2627, 61717.2627, 61717.3566, 0
61718.0, 6.43, 19, 1.77, 5, 1.20, 3, 22.8, 7.1, 5.3,61718.0140, 61718.2821, 61718.2821, 61718.3560, 0
61719.0, 6.89, 20, 1.29, 3, 1.20, 3, 22.9, 7.1, 5.8,61719.0147, 61719.3018, 61719.3018, 61719.3554, 0
61720.0, 7.37, 22, 0.77, 2, 1.20, 3, 23.0, 7.2, 6.4,61720.0154, 61720.3226, 61720.3226, 61720.3549, 0
61721.0, 8.12, 24, 0.00, 0, 1.21, 3, 23.1, 7.2, -1.0,61721.0161, 61721.3543, 0.0000, 0.0000, 0
61722.0, 8.09, 24, 0.00, 0, 1.21, 3, 23.2, 7.3, -1.0,61722.0168, 61722.3538, 0.0000, 0.0000, 1
61723.0, 8.06, 24, 0.00, 0, 1.22, 3, 23.2, 7.3, -1.0,61723.0175, 61723.3533, 0.0000, 0.0000, 0
61724.0, 8.03, 24, 0.00, 0, 1.22, 3, 23.3, 7.4, -1.0,61724.0182, 61724.3528, 0.0000, 0.0000, 0
61725.0, 7.22, 21, 0.78, 2, 1.22, 3, 23.4, 7.4, 0.2,61725.0513, 61725.3524, 61725.0189, 61725.0513, 0
61726.0, 6.21, 18, 1.77, 5, 1.23, 3, 23.5, 7.5, 1.3,61726.0931, 61726.3519, 61726.0196, 61726.0931, 0
61727.0, 5.30, 15, 2.64, 7, 1.23, 3, 23.6, 7.5, 2.2,61727.1305, 61727.3515, 61727.0203, 61727.1305, 0
61728.0, 4.51, 13, 3.41, 10, 1.23, 3, 23.6, 7.6, 3.1,61728.1630, 61728.3511, 61728.0210, 61728.1630, 0
61729.0, 3.82, 11, 4.07, 12, 1.24, 3, 23.7, 7.6, 3.8,61729.1914, 61729.3507, 61729.0217, 61729.1914, 0
61730.0, 3.21, 9, 4.66, 13, 1.24, 3, 23.8, 7.7, 4.5,61730.2167, 61730.3503, 61730.0224, 61730.2167, 0
61731.0, 2.63, 7, 5.21, 15, 1.25, 3, 23.9, 7.8, 5.1,61731.2402, 61731.3500, 61731.0231, 61731.2402, 0
61732.0, 0.00, 0, 7.82, 23, 1.25, 3, 24.0, 7.8, -1.0,0.0000, 0.0000, 61732.0238, 61732.3496, 0
61733.0, 0.00, 0, 7.80, 23, 1.25, 3, 0.1, 7.9, -1.0,0.0000, 0.0000, 61733.0245, 61733.3493, 0
61734.0, 0.00, 0, 7.77, 23, 1.26, 3, 0.1, 7.9, -1.0,0.0000, 0.0000, 61734.0252, 61734.3490, 0
61735.0, 0.00, 0, 7.75, 23, 1.26, 3, 0.2, 8.0, -1.0,0.0000, 0.0000, 61735.0259, 61735.3488, 0
61736.0, 0.00, 0, 7.73, 23, 1.26, 3, 0.3, 8.1, -1.0,0.0000, 0.0000, 61736.0266, 61736.3485, 0
61737.0, 0.00, 0, 7.70, 23, 1.27, 3, 0.4, 8.1, -1.0,0.0000, 0.0000, 61737.0273, 61737.3483, 0
61738.0, 0.00, 0, 7.68, 23, 1.27, 3, 0.5, 8.2, -1.0,0.0000, 0.0000, 61738.0280, 61738.3481, 0
61739.0, 0.00, 0, 7.66, 22, 1.27, 3, 0.6, 8.2, -1.0,0.0000, 0.0000, 61739.0286, 61739.3479, 0
61740.0, 0.00, 0, 7.64, 22, 1.28, 3, 0.6, 8.3, -1.0,0.0000, 0.0000, 61740.0293, 61740.3478, 0
61741.0, 0.00, 0, 7.63, 22, 1.28, 3, 0.7, 8.4, -1.0,0.0000, 0.0000, 61741.0299, 61741.3477, 0
61742.0, 0.00, 0, 7.61, 22, 1.28, 3, 0.8, 8.4, -1.0,0.0000, 0.0000, 61742.0306, 61742.3476, 0
61743.0, 0.00, 0, 7.59, 22, 1.28, 3, 0.9, 8.5, -1.0,0.0000, 0.0000, 61743.0312, 61743.3475, 0
61744.0, 3.53, 10, 4.04, 12, 1.29, 3, 1.0, 8.6, 4.5,61744.0319, 61744.1789, 61744.1789, 61744.3474, 0
61745.0, 3.98, 11, 3.58, 10, 1.29, 3, 1.0, 8.6, 5.0,61745.0325, 61745.1983, 61745.1983, 61745.3474, 0
61746.0, 4.43, 13, 3.12, 9, 1.29, 3, 1.1, 8.7, 5.6,61746.0331, 61746.2175, 61746.2175, 61746.3474, 0
61747.0, 4.89, 14, 2.64, 7, 1.29, 3, 1.2, 8.7, 6.1,61747.0337, 61747.2374, 61747.2374, 61747.3474, 0
61748.0, 5.39, 16, 2.12, 6, 1.30, 3, 1.3, 8.8, 6.7,61748.0342, 61748.2590, 61748.2590, 61748.3474, 0
61749.0, 5.97, 17, 1.54, 4, 1.30, 3, 1.4, 8.9, 7.3,61749.0348, 61749.2834, 61749.2834, 61749.3475, 0
61750.0, 6.63, 19, 0.86, 2, 1.30, 3, 1.4, 9.0, 8.1,61750.0354, 61750.3118, 61750.3118, 61750.3476, 0
61751.0, 7.48, 22, 0.00, 0, 1.30, 3, 1.5, 9.0, -1.0,61751.0359, 61751.3477, 0.0000, 0.0000, 0
61752.0, 7.47, 22, 0.00, 0, 1.30, 3, 1.6, 9.1, -1.0,61752.0364, 61752.3478, 0.0000, 0.0000, 1
61753.0, 7.47, 22, 0.00, 0, 1.30, 3, 1.7, 9.2, -1.0,61753.0369, 61753.3480, 0.0000, 0.0000, 0
61754.0, 7.46, 22, 0.00, 0, 1.31, 3, 1.7, 9.2, -1.0,61754.0374, 61754.3481, 0.0000, 0.0000, 0
61755.0, 6.54, 19, 0.91, 2, 1.31, 3, 1.8, 9.3, 2.7,61755.0759, 61755.3483, 61755.0379, 61755.0759, 0
61756.0, 5.81, 17, 1.64, 4, 1.31, 3, 1.9, 9.4, 3.5,61756.1067, 61756.3486, 61756.0383, 61756.1067, 0
61757.0, 5.16, 15, 2.28, 6, 1.31, 3, 2.0, 9.4, 4.3,61757.1336, 61757.3488, 61757.0388, 61757.1336, 0
61758.0, 4.59, 13, 2.85, 8, 1.31, 3, 2.1, 9.5, 4.9,61758.1580, 61758.3491, 61758.0392, 61758.1580, 0
61759.0, 4.04, 12, 3.40, 10, 1.31, 3, 2.1, 9.6, 5.5,61759.1811, 61759.3494, 61759.0396, 61759.1811, 0
61760.0, 3.49, 10, 3.94, 11, 1.31, 3, 2.2, 9.7, 6.2,61760.2041, 61760.3497, 61760.0399, 61760.2041, 0
61761.0, 0.00, 0, 7.43, 22, 1.31, 3, 2.3, 9.7, -1.0,0.0000, 0.0000, 61761.0403, 61761.3501, 0
61762.0, 0.00, 0, 7.43, 22, 1.31, 3, 2.4, 9.8, -1.0,0.0000, 0.0000, 61762.0406, 61762.3504, 0
61763.0, 0.00, 0, 7.44, 22, 1.31, 3, 2.4, 9.9, -1.0,0.0000, 0.0000, 61763.0410, 61763.3508, 0
61764.0, 0.00, 0, 7.44, 22, 1.31, 3, 2.5, 10.0, -1.0,0.0000, 0.0000, 61764.0413, 61764.3512, 1
61765.0, 0.00, 0, 7.44, 22, 1.31, 3, 2.6, 10.0, -1.0,0.0000, 0.0000, 61765.0415, 61765.3516, 1
61766.0, 0.00, 0, 7.45, 22, 1.31, 3, 2.6, 10.1, -1.0,0.0000, 0.0000, 61766.0418, 61766.3521, 1
61767.0, 0.00, 0, 7.45, 22, 1.31, 3, 2.7, 10.2, -1.0,0.0000, 0.0000, 61767.0420, 61767.3525, 1
61768.0, 0.00, 0, 7.46, 22, 1.30, 3, 2.8, 10.3, -1.0,0.0000, 0.0000, 61768.0422, 61768.3530, 1
61769.0, 0.00, 0, 7.47, 22, 1.30, 3, 2.9, 10.3, -1.0,0.0000, 0.0000, 61769.0424, 61769.3535, 1
61770.0, 0.00, 0, 7.48, 22, 1.30, 3, 2.9, 10.4, -1.0,0.0000, 0.0000, 61770.0426, 61770.3540, 1
61771.0, 0.00, 0, 7.48, 22, 1.30, 3, 3.0, 10.5, -1.0,0.0000, 0.0000, 61771.0427, 61771.3546, 1
61772.0, 0.00, 0, 7.50, 22, 1.30, 3, 3.1, 10.6, -1.0,0.0000, 0.0000, 61772.0428, 61772.3551, 1
61773.0, 0.00, 0, 7.51, 22, 1.30, 3, 3.1, 10.7, -1.0,0.0000, 0.0000, 61773.0429, 61773.3557, 1
61774.0, 2.66, 7, 4.86, 14, 1.30, 3, 3.2, 10.7, 5.9,61774.0430, 61774.1537, 61774.1537, 61774.3563, 0
61775.0, 3.14, 9, 4.39, 13, 1.29, 3, 3.3, 10.8, 6.4,61775.0430, 61775.1740, 61775.1740, 61775.3568, 0
61776.0, 3.68, 11, 3.87, 11, 1.29, 3, 3.3, 10.9, 7.0,61776.0430, 61776.1964, 61776.1964, 61776.3575, 0
61777.0, 4.30, 12, 3.26, 9, 1.29, 3, 3.4, 11.0, 7.7,61777.0430, 61777.2220, 61777.2220, 61777.3581, 0
61778.0, 5.02, 15, 2.55, 7, 1.29, 3, 3.5, 11.1, 8.5,61778.0430, 61778.2523, 61778.2523, 61778.3587, 0
61779.0, 5.89, 17, 1.71, 5, 1.28, 3, 3.5, 11.1, 9.4,61779.0429, 61779.2882, 61779.2882, 61779.3593, 0
61780.0, 6.90, 20, 0.71, 2, 1.28, 3, 3.6, 11.2, 10.5,61780.0429, 61780.3303, 61780.3303, 61780.3600, 0
61781.0, 7.63, 22, 0.00, 0, 1.28, 3, 3.7, 11.3, -1.0,61781.0428, 61781.3607, 0.0000, 0.0000, 0
61782.0, 7.65, 22, 0.00, 0, 1.27, 3, 3.7, 11.4, -1.0,61782.0426, 61782.3613, 0.0000, 0.0000, 1
61783.0, 7.67, 23, 0.00, 0, 1.27, 3, 3.8, 11.5, -1.0,61783.0425, 61783.3620, 0.0000, 0.0000, 0
61784.0, 7.69, 23, 0.00, 0, 1.27, 3, 3.8, 11.5, -1.0,61784.0423, 61784.3627, 0.0000, 0.0000, 0
61785.0, 6.97, 20, 0.74, 2, 1.27, 3, 3.9, 11.6, 4.6,61785.0731, 61785.3634, 61785.0422, 61785.0731, 0
61786.0, 6.40, 19, 1.34, 4, 1.26, 3, 4.0, 11.7, 5.3,61786.0976, 61786.3641, 61786.0419, 61786.0976, 0
61787.0, 5.84, 17, 1.91, 5, 1.26, 3, 4.0, 11.8, 5.9,61787.1213, 61787.3648, 61787.0417, 61787.1213, 0
61788.0, 5.28, 15, 2.49, 7, 1.25, 3, 4.1, 11.9, 6.6,61788.1454, 61788.3655, 61788.0415, 61788.1454, 0
61789.0, 4.69, 14, 3.11, 9, 1.25, 3, 4.1, 12.0, 7.3,61789.1708, 61789.3663, 61789.0412, 61789.1708, 0
61790.0, 0.00, 0, 7.83, 23, 1.25, 3, 4.2, 12.0, -1.0,0.0000, 0.0000, 61790.0409, 61790.3670, 0
61791.0, 0.00, 0, 7.85, 23, 1.24, 3, 4.3, 12.1, -1.0,0.0000, 0.0000, 61791.0406, 61791.3677, 0
61792.0, 0.00, 0, 7.88, 23, 1.24, 3, 4.3, 12.2, -1.0,0.0000, 0.0000, 61792.0402, 61792.3684, 0
61793.0, 0.00, 0, 7.90, 23, 1.24, 3, 4.4, 12.3, -1.0,0.0000, 0.0000, 61793.0399, 61793.3692, 0
61794.0, 0.00, 0, 7.93, 23, 1.23, 3, 4.4, 12.4, -1.0,0.0000, 0.0000, 61794.0395, 61794.3699, 0
61795.0, 0.00, 0, 7.96, 23, 1.23, 3, 4.5, 12.5, -1.0,0.0000, 0.0000, 61795.0391, 61795.3707, 0
61796.0, 0.00, 0, 7.98, 23, 1.23, 3, 4.5, 12.5, -1.0,0.0000, 0.0000, 61796.0387, 61796.3714, 0
61797.0, 0.00, 0, 8.01, 24, 1.22, 3, 4.6, 12.6, -1.0,0.0000, 0.0000, 61797.0383, 61797.3721, 0
61798.0, 0.00, 0, 8.04, 24, 1.22, 3, 4.7, 12.7, -1.0,0.0000, 0.0000, 61798.0378, 61798.3729, 0
61799.0, 0.00, 0, 8.07, 24, 1.21, 3, 4.7, 12.8, -1.0,0.0000, 0.0000, 61799.0373, 61799.3736, 0
61800.0, 0.00, 0, 8.10, 24, 1.21, 3, 4.8, 12.9, -1.0,0.0000, 0.0000, 61800.0369, 61800.3743, 0
61801.0, 0.00, 0, 8.13, 24, 1.21, 3, 4.8, 13.0, -1.0,0.0000, 0.0000, 61801.0364, 61801.3751, 0
61802.0, 0.00, 0, 8.16, 24, 1.20, 3, 4.9, 13.0, -1.0,0.0000, 0.0000, 61802.0358, 61802.3758, 0
61803.0, 0.00, 0, 8.19, 24, 1.20, 3, 4.9, 13.1, -1.0,0.0000, 0.0000, 61803.0353, 61803.3765, 0
61804.0, 2.44, 7, 5.78, 17, 1.19, 3, 5.0, 13.2, 7.4,61804.0347, 61804.1363, 61804.1363, 61804.3773, 0
61805.0, 3.10, 9, 5.15, 15, 1.19, 3, 5.0, 13.3, 8.1,61805.0342, 61805.1635, 61805.1635, 61805.3780, 0
61806.0, 3.89, 11, 4.40, 13, 1.19, 3, 5.1, 13.4, 9.0,61806.0336, 61806.1955, 61806.1955, 61806.3787, 0
61807.0, 4.81, 14, 3.51, 10, 1.18, 3, 5.1, 13.5, 9.9,61807.0330, 61807.2333, 61807.2333, 61807.3794, 0
61808.0, 5.86, 17, 2.48, 7, 1.18, 3, 5.2, 13.5, 11.1,61808.0324, 61808.2768, 61808.2768, 61808.3801, 0
61809.0, 7.03, 21, 1.35, 4, 1.18, 3, 5.2, 13.6, 12.3,61809.0318, 61809.3247, 61809.3247, 61809.3808, 0
61810.0, 8.41, 25, 0.00, 0, 1.17, 3, 5.3, 13.7, -1.0,61810.0311, 61810.3815, 0.0000, 0.0000, 0
61811.0, 8.44, 25, 0.00, 0, 1.17, 3, 5.3, 13.8, -1.0,61811.0305, 61811.3822, 0.0000, 0.0000, 1
61812.0, 8.47, 25, 0.00, 0, 1.16, 3, 5.4, 13.9, -1.0,61812.0298, 61812.3829, 0.0000, 0.0000, 0
61813.0, 8.51, 25, 0.00, 0, 1.16, 3, 5.4, 14.0, -1.0,61813.0291, 61813.3836, 0.0000, 0.0000, 0
61814.0, 8.54, 25, 0.00, 0, 1.16, 3, 5.5, 14.0, -1.0,61814.0285, 61814.3842, 0.0000, 0.0000, 0
61815.0, 7.79, 23, 0.78, 2, 1.15, 3, 5.5, 14.1, 6.3,61815.0601, 61815.3849, 61815.0278, 61815.0601, 0
61816.0, 7.19, 21, 1.41, 4, 1.15, 3, 5.6, 14.2, 7.0,61816.0860, 61816.3855, 61816.0270, 61816.0860, 0
61817.0, 6.54, 19, 2.10, 6, 1.15, 3, 5.6, 14.3, 7.7,61817.1137, 61817.3862, 61817.0263, 61817.1137, 0
61818.0, 5.82, 17, 2.85, 8, 1.14, 3, 5.7, 14.4, 8.5,61818.1441, 61818.3868, 61818.0256, 61818.1441, 0
61819.0, 5.04, 15, 3.66, 10, 1.14, 3, 5.7, 14.4, 9.4,61819.1775, 61819.3875, 61819.0249, 61819.1775, 0
61820.0, 0.00, 0, 8.74, 26, 1.14, 3, 5.8, 14.5, -1.0,0.0000, 0.0000, 61820.0241, 61820.3881, 0
61821.0, 0.00, 0, 8.77, 26, 1.13, 3, 5.8, 14.6, -1.0,0.0000, 0.0000, 61821.0234, 61821.3887, 0
61822.0, 0.00, 0, 8.80, 26, 1.13, 3, 5.9, 14.7, -1.0,0.0000, 0.0000, 61822.0226, 61822.3894, 0
61823.0, 0.00, 0, 8.84, 26, 1.13, 3, 5.9, 14.8, -1.0,0.0000, 0.0000, 61823.0218, 61823.3900, 0
61824.0, 0.00, 0, 8.87, 26, 1.13, 3, 6.0, 14.8, -1.0,0.0000, 0.0000, 61824.0211, 61824.3906, 0
61825.0, 0.00, 0, 8.90, 26, 1.12, 3, 6.0, 14.9, -1.0,0.0000, 0.0000, 61825.0203, 61825.3912, 0
61826.0, 0.00, 0, 8.94, 26, 1.12, 3, 6.0, 15.0, -1.0,0.0000, 0.0000, 61826.0195, 61826.3918, 0
61827.0, 0.00, 0, 8.97, 26, 1.12, 3, 6.1, 15.1, -1.0,0.0000, 0.0000, 61827.0187, 61827.3924, 0
61828.0, 0.00, 0, 9.00, 27, 1.11, 3, 6.1, 15.2, -1.0,0.0000, 0.0000, 61828.0179, 61828.3929, 0
61829.0, 0.00, 0, 9.03, 27, 1.11, 3, 6.2, 15.2, -1.0,0.0000, 0.0000, 61829.0171, 61829.3935, 0
61830.0, 0.00, 0, 9.07, 27, 1.11, 3, 6.2, 15.3, -1.0,0.0000, 0.0000, 61830.0163, 61830.3941, 0
61831.0, 0.00, 0, 9.10, 27, 1.11, 3, 6.3, 15.4, -1.0,0.0000, 0.0000, 61831.0154, 61831.3946, 0
61832.0, 0.00, 0, 9.13, 27, 1.10, 3, 6.3, 15.5, -1.0,0.0000, 0.0000, 61832.0146, 61832.3952, 0
61833.0, 2.28, 6, 6.88, 20, 1.10, 3, 6.4, 15.6, 8.7,61833.0138, 61833.1089, 61833.1089, 61833.3957, 0
61834.0, 3.13, 9, 6.07, 18, 1.10, 3, 6.4, 15.6, 9.6,61834.0129, 61834.1433, 61834.1433, 61834.3962, 0
61835.0, 4.10, 12, 5.13, 15, 1.10, 3, 6.5, 15.7, 10.6,61835.0121, 61835.1829, 61835.1829, 61835.3967, 0
61836.0, 5.18, 15, 4.08, 12, 1.10, 3, 6.5, 15.8, 11.7,61836.0113, 61836.2271, 61836.2271, 61836.3973, 0
61837.0, 6.34, 19, 2.96, 8, 1.09, 3, 6.6, 15.9, 12.9,61837.0104, 61837.2746, 61837.2746, 61837.3978, 0
61838.0, 7.53, 22, 1.80, 5, 1.09, 3, 6.6, 16.0, 14.2,61838.0096, 61838.3234, 61838.3234, 61838.3983, 0
61839.0, 8.72, 26, 0.64, 1, 1.09, 3, 6.6, 16.0, 15.4,61839.0087, 61839.3722, 61839.3722, 61839.3988, 0
61840.0, 9.39, 28, 0.00, 0, 1.09, 3, 6.7, 16.1, -1.0,61840.0079, 61840.3993, 0.0000, 0.0000, 1
61841.0, 9.42, 28, 0.00, 0, 1.09, 3, 6.7, 16.2, -1.0,61841.0071, 61841.3997, 0.0000, 0.0000, 0
61842.0, 9.46, 28, 0.00, 0, 1.08, 3, 6.8, 16.3, -1.0,61842.0062, 61842.4002, 0.0000, 0.0000, 0
61843.0, 9.49, 28, 0.00, 0, 1.08, 3, 6.8, 16.3, -1.0,61843.0054, 61843.4007, 0.0000, 0.0000, 0
61844.0, 9.01, 27, 0.51, 1, 1.08, 3, 6.9, 16.4, 7.4,61844.0257, 61844.4012, 61844.0045, 61844.0257, 0
61845.0, 8.29, 24, 1.26, 3, 1.08, 3, 6.9, 16.5, 8.2,61845.0561, 61845.4016, 61845.0037, 61845.0561, 0
61846.0, 7.50, 22, 2.08, 6, 1.08, 3, 7.0, 16.6, 9.0,61846.0894, 61846.4021, 61846.0028, 61846.0894, 0
61847.0, 6.65, 19, 2.97, 8, 1.08, 3, 7.0, 16.6, 10.0,61847.1256, 61847.4025, 61847.0020, 61847.1256, 0
61848.0, 5.74, 17, 3.91, 11, 1.08, 3, 7.1, 16.7, 11.0,61848.1639, 61848.4030, 61848.0011, 61848.1639, 0
61849.0, 4.80, 14, 4.87, 14, 1.08, 3, 7.1, 16.8, 12.0,61849.2032, 61849.4034, 61849.0003, 61849.2032, 0
61850.0, 0.00, 0, 9.71, 29, 1.07, 3, 7.1, 16.9, -1.0,0.0000, 0.0000, 61849.9994, 61850.4038, 0
61851.0, 0.00, 0, 9.74, 29, 0.46, 1, 7.2, 17.0, -1.0,0.0000, 0.0000, 61850.9986, 61851.4043, 0
61852.0, 0.00, 0, 9.77, 29, 0.46, 1, 7.2, 17.0, -1.0,0.0000, 0.0000, 61851.9977, 61852.4047, 0
61853.0, 0.00, 0, 9.80, 29, 0.46, 1, 7.3, 17.1, -1.0,0.0000, 0.0000, 61852.9969, 61853.4051, 0
61854.0, 0.00, 0, 9.83, 29, 0.46, 1, 7.3, 17.2, -1.0,0.0000, 0.0000, 61853.9961, 61854.4055, 0
61855.0, 0.00, 0, 9.86, 29, 0.46, 1, 7.4, 17.3, -1.0,0.0000, 0.0000, 61854.9952, 61855.4059, 0
61856.0, 0.00, 0, 9.89, 29, 0.46, 1, 7.4, 17.3, -1.0,0.0000, 0.0000, 61855.9944, 61856.4063, 0
61857.0, 0.00, 0, 9.92, 29, 0.46, 1, 7.5, 17.4, -1.0,0.0000, 0.0000, 61856.9936, 61857.4067, 0
61858.0, 0.00, 0, 9.94, 29, 0.46, 1, 7.5, 17.5, -1.0,0.0000, 0.0000, 61857.9928, 61858.4071, 0
61859.0, 0.00, 0, 9.97, 29, 0.46, 1, 7.6, 17.6, -1.0,0.0000, 0.0000, 61858.9920, 61859.4075, 0
61860.0, 0.00, 0, 10.00, 30, 0.46, 1, 7.6, 17.6, -1.0,0.0000, 0.0000, 61859.9912, 61860.4079, 0
61861.0, 0.00, 0, 10.03, 30, 0.46, 1, 7.6, 17.7, -1.0,0.0000, 0.0000, 61860.9904, 61861.4083, 0
61862.0, 0.00, 0, 10.06, 30, 0.46, 1, 7.7, 17.8, -1.0,0.0000, 0.0000, 61861.9896, 61862.4087, 0
61863.0, 3.56, 10, 6.53, 19, 0.46, 1, 7.7, 17.9, 11.3,61862.9888, 61863.1371, 61863.1371, 61863.4091, 0
61864.0, 4.66, 13, 5.46, 16, 0.46, 1, 7.8, 17.9, 12.5,61863.9880, 61864.1820, 61864.1820, 61864.4095, 0
61865.0, 5.79, 17, 4.35, 13, 0.46, 1, 7.8, 18.0, 13.6,61864.9872, 61865.2285, 61865.2285, 61865.4099, 0
61866.0, 6.94, 20, 3.23, 9, 0.46, 1, 7.9, 18.1, 14.8,61865.9864, 61866.2754, 61866.2754, 61866.4102, 0
61867.0, 8.08, 24, 2.12, 6, 0.46, 1, 7.9, 18.2, 16.0,61866.9857, 61867.3222, 61867.3222, 61867.4106, 0
61868.0, 9.22, 27, 1.01, 3, 0.46, 1, 8.0, 18.2, 17.2,61867.9849, 61868.3689, 61868.3689, 61868.4110, 0
61869.0, 10.25, 30, 0.00, 0, 0.46, 1, 8.0, 18.3, -1.0,61868.9841, 61869.4113, 0.0000, 0.0000, 0
61870.0, 10.28, 30, 0.00, 0, 0.46, 1, 8.1, 18.4, -1.0,61869.9834, 61870.4117, 0.0000, 0.0000, 1
61871.0, 10.31, 30, 0.00, 0, 0.46, 1, 8.1, 18.5, -1.0,61870.9826, 61871.4121, 0.0000, 0.0000, 0
61872.0, 10.33, 30, 0.00, 0, 0.46, 1, 8.2, 18.5, -1.0,61871.9819, 61872.4124, 0.0000, 0.0000, 0
61873.0, 10.36, 31, 0.00, 0, 0.46, 1, 8.2, 18.6, -1.0,61872.9812, 61873.4128, 0.0000, 0.0000, 0
61874.0, 9.09, 27, 1.29, 3, 0.46, 1, 8.3, 18.7, 9.6,61874.0342, 61874.4132, 61873.9805, 61874.0342, 0
61875.0, 8.18, 24, 2.23, 6, 0.46, 1, 8.3, 18.8, 10.6,61875.0728, 61875.4135, 61874.9798, 61875.0728, 0
61876.0, 7.22, 21, 3.21, 9, 0.46, 1, 8.4, 18.8, 11.6,61876.1128, 61876.4139, 61875.9791, 61876.1128, 0
61877.0, 6.27, 18, 4.19, 12, 0.46, 1, 8.4, 18.9, 12.6,61877.1530, 61877.4142, 61876.9784, 61877.1530, 0
61878.0, 5.33, 16, 5.15, 15, 0.46, 1, 8.5, 19.0, 13.6,61878.1923, 61878.4146, 61877.9777, 61878.1923, 0
61879.0, 0.00, 0, 10.51, 31, 0.46, 1, 8.5, 19.0, -1.0,0.0000, 0.0000, 61878.9770, 61879.4149, 0
61880.0, 0.00, 0, 10.53, 31, 0.46, 1, 8.6, 19.1, -1.0,0.0000, 0.0000, 61879.9764, 61880.4153, 0
61881.0, 0.00, 0, 10.56, 31, 0.46, 1, 8.6, 19.2, -1.0,0.0000, 0.0000, 61880.9757, 61881.4156, 0
61882.0, 0.00, 0, 10.58, 31, 0.46, 1, 8.7, 19.3, -1.0,0.0000, 0.0000, 61881.9751, 61882.4160, 0
61883.0, 0.00, 0, 10.61, 31, 0.46, 1, 8.7, 19.3, -1.0,0.0000, 0.0000, 61882.9745, 61883.4164, 0
61884.0, 0.00, 0, 10.63, 31, 0.46, 1, 8.8, 19.4, -1.0,0.0000, 0.0000, 61883.9739, 61884.4167, 0
61885.0, 0.00, 0, 10.65, 31, 0.46, 1, 8.8, 19.5, -1.0,0.0000, 0.0000, 61884.9733, 61885.4171, 0
61886.0, 0.00, 0, 10.67, 32, 0.46, 1, 8.9, 19.6, -1.0,0.0000, 0.0000, 61885.9727, 61886.4174, 0
61887.0, 0.00, 0, 10.70, 32, 0.46, 1, 8.9, 19.6, -1.0,0.0000, 0.0000, 61886.9721, 61887.4178, 0
61888.0, 0.00, 0, 10.72, 32, 0.46, 1, 9.0, 19.7, -1.0,0.0000, 0.0000, 61887.9715, 61888.4181, 0
61889.0, 0.00, 0, 10.74, 32, 0.46, 1, 9.0, 19.8, -1.0,0.0000, 0.0000, 61888.9710, 61889.4185, 0
61890.0, 0.00, 0, 10.76, 32, 0.46, 1, 9.1, 19.9, -1.0,0.0000, 0.0000, 61889.9704, 61890.4188, 0
61891.0, 0.00, 0, 10.78, 32, 0.46, 1, 9.1, 19.9, -1.0,0.0000, 0.0000, 61890.9699, 61891.4192, 0
61892.0, 4.09, 12, 6.72, 20, 0.46, 1, 9.2, 20.0, 13.3,61891.9693, 61892.1396, 61892.1396, 61892.4195, 0
61893.0, 5.20, 15, 5.63, 16, 0.47, 1, 9.2, 20.1, 14.4,61892.9688, 61893.1854, 61893.1854, 61893.4199, 0
61894.0, 6.30, 18, 4.55, 13, 0.47, 1, 9.3, 20.2, 15.6,61893.9683, 61894.2308, 61894.2308, 61894.4202, 0
61895.0, 7.39, 22, 3.48, 10, 0.47, 1, 9.3, 20.2, 16.8,61894.9679, 61895.2758, 61895.2758, 61895.4206, 0
61896.0, 8.48, 25, 2.40, 7, 0.47, 1, 9.4, 20.3, 17.9,61895.9674, 61896.3208, 61896.3208, 61896.4209, 0
61897.0, 9.59, 28, 1.32, 3, 0.47, 1, 9.4, 20.4, 19.1,61896.9669, 61897.3664, 61897.3664, 61897.4213, 0
61898.0, 10.92, 32, 0.00, 0, 0.47, 1, 9.5, 20.5, -1.0,61897.9665, 61898.4216, 0.0000, 0.0000, 0
61899.0, 10.94, 32, 0.00, 0, 0.47, 1, 9.6, 20.5, -1.0,61898.9660, 61899.4220, 0.0000, 0.0000, 1
61900.0, 10.96, 32, 0.00, 0, 0.47, 1, 9.6, 20.6, -1.0,61899.9656, 61900.4223, 0.0000, 0.0000, 0
61901.0, 10.98, 32, 0.00, 0, 0.47, 1, 9.7, 20.7, -1.0,61900.9652, 61901.4227, 0.0000, 0.0000, 0
61902.0, 11.00, 32, 0.00, 0, 0.47, 1, 9.7, 20.8, -1.0,61901.9648, 61902.4230, 0.0000, 0.0000, 0
61903.0, 9.68, 29, 1.33, 3, 0.47, 1, 9.8, 20.8, 11.1,61903.0199, 61903.4234, 61902.9645, 61903.0199, 0
61904.0, 8.71, 26, 2.32, 6, 0.47, 1, 9.8, 20.9, 12.2,61904.0609, 61904.4237, 61903.9641, 61904.0609, 0
61905.0, 7.75, 23, 3.30, 9, 0.47, 1, 9.9, 21.0, 13.2,61905.1013, 61905.4241, 61904.9637, 61905.1013, 0
61906.0, 6.81, 20, 4.25, 12, 0.47, 1, 10.0, 21.1, 14.2,61906.1405, 61906.4244, 61905.9634, 61906.1405, 0
61907.0, 5.92, 17, 5.16, 15, 0.47, 1, 10.0, 21.1, 15.2,61907.1783, 61907.4248, 61906.9631, 61907.1783, 0
61908.0, 5.04, 15, 6.05, 18, 0.47, 1, 10.1, 21.2, 16.1,61908.2150, 61908.4251, 61907.9628, 61908.2150, 0
61909.0, 0.00, 0, 11.11, 33, 0.47, 1, 10.1, 21.3, -1.0,0.0000, 0.0000, 61908.9625, 61909.4255, 0
61910.0, 0.00, 0, 11.13, 33, 0.47, 1, 10.2, 21.3, -1.0,0.0000, 0.0000, 61909.9622, 61910.4258, 0
61911.0, 0.00, 0, 11.14, 33, 0.48, 1, 10.2, 21.4, -1.0,0.0000, 0.0000, 61910.9620, 61911.4261, 0
61912.0, 0.00, 0, 11.15, 33, 0.48, 1, 10.3, 21.5, -1.0,0.0000, 0.0000, 61911.9617, 61912.4265, 0
61913.0, 0.00, 0, 11.17, 33, 0.48, 1, 10.4, 21.6, -1.0,0.0000, 0.0000, 61912.9615, 61913.4268, 0
61914.0, 0.00, 0, 11.18, 33, 0.48, 1, 10.4, 21.6, -1.0,0.0000, 0.0000, 61913.9613, 61914.4271, 0
61915.0, 0.00, 0, 11.19, 33, 0.48, 1, 10.5, 21.7, -1.0,0.0000, 0.0000, 61914.9610, 61915.4275, 0
61916.0, 0.00, 0, 11.21, 33, 0.48, 1, 10.6, 21.8, -1.0,0.0000, 0.0000, 61915.9609, 61916.4278, 0
61917.0, 0.00, 0, 11.22, 33, 0.48, 1, 10.6, 21.9, -1.0,0.0000, 0.0000, 61916.9607, 61917.4281, 0
61918.0, 0.00, 0, 11.23, 33, 0.48, 1, 10.7, 21.9, -1.0,0.0000, 0.0000, 61917.9605, 61918.4285, 0
61919.0, 0.00, 0, 11.24, 33, 0.48, 1, 10.7, 22.0, -1.0,0.0000, 0.0000, 61918.9604, 61919.4288, 0
61920.0, 0.00, 0, 11.25, 33, 0.48, 1, 10.8, 22.1, -1.0,0.0000, 0.0000, 61919.9602, 61920.4291, 0
61921.0, 0.00, 0, 11.26, 33, 0.48, 1, 10.9, 22.2, -1.0,0.0000, 0.0000, 61920.9601, 61921.4294, 0
61922.0, 5.46, 16, 5.81, 17, 0.48, 1, 10.9, 22.2, 16.4,61921.9600, 61922.1875, 61922.1875, 61922.4297, 0
61923.0, 6.52, 19, 4.76, 14, 0.48, 1, 11.0, 22.3, 17.5,61922.9599, 61923.2317, 61923.2317, 61923.4300, 0
61924.0, 7.58, 22, 3.71, 11, 0.48, 1, 11.1, 22.4, 18.7,61923.9598, 61924.2759, 61924.2759, 61924.4303, 0
61925.0, 8.66, 25, 2.64, 7, 0.48, 1, 11.1, 22.4, 19.8,61924.9598, 61925.3206, 61925.3206, 61925.4306, 0
61926.0, 9.75, 29, 1.56, 4, 0.48, 1, 11.2, 22.5, 21.0,61925.9597, 61926.3660, 61926.3660, 61926.4309, 0
61927.0, 10.84, 32, 0.47, 1, 0.48, 1, 11.2, 22.6, 22.1,61926.9597, 61927.4115, 61927.4115, 61927.4311, 0
61928.0, 11.32, 33, 0.00, 0, 0.48, 1, 11.3, 22.7, -1.0,61927.9597, 61928.4314, 0.0000, 0.0000, 0
61929.0, 11.33, 33, 0.00, 0, 0.48, 1, 11.4, 22.7, -1.0,61928.9596, 61929.4317, 0.0000, 0.0000, 1
61930.0, 11.34, 34, 0.00, 0, 0.48, 1, 11.4, 22.8, -1.0,61929.9596, 61930.4319, 0.0000, 0.0000, 0
61931.0, 11.34, 34, 0.00, 0, 0.48, 1, 11.5, 22.9, -1.0,61930.9597, 61931.4322, 0.0000, 0.0000, 0
61932.0, 10.16, 30, 1.19, 3, 0.48, 1, 11.6, 23.0, 12.8,61932.0091, 61932.4324, 61931.9597, 61932.0091, 0
61933.0, 9.20, 27, 2.15, 6, 0.48, 1, 11.6, 23.0, 13.8,61933.0493, 61933.4327, 61932.9597, 61933.0493, 0
61934.0, 8.28, 24, 3.08, 9, 0.48, 1, 11.7, 23.1, 14.8,61934.0880, 61934.4329, 61933.9598, 61934.0880, 0
61935.0, 7.39, 22, 3.97, 11, 0.48, 1, 11.8, 23.2, 15.8,61935.1253, 61935.4331, 61934.9598, 61935.1253, 0
61936.0, 6.52, 19, 4.84, 14, 0.48, 1, 11.8, 23.2, 16.7,61936.1617, 61936.4334, 61935.9599, 61936.1617, 0
61937.0, 5.66, 16, 5.71, 17, 0.49, 1, 11.9, 23.3, 17.6,61937.1979, 61937.4336, 61936.9600, 61937.1979, 0
61938.0, 4.78, 14, 6.58, 19, 0.49, 1, 12.0, 23.4, 18.6,61938.2344, 61938.4338, 61937.9601, 61938.2344, 0
61939.0, 0.00, 0, 11.37, 34, 0.49, 1, 12.0, 23.4, -1.0,0.0000, 0.0000, 61938.9602, 61939.4339, 0
61940.0, 0.00, 0, 11.37, 34, 0.49, 1, 12.1, 23.5, -1.0,0.0000, 0.0000, 61939.9603, 61940.4341, 0
61941.0, 0.00, 0, 11.37, 34, 0.49, 1, 12.2, 23.6, -1.0,0.0000, 0.0000, 61940.9604, 61941.4343, 0
61942.0, 0.00, 0, 11.37, 34, 0.49, 1, 12.3, 23.7, -1.0,0.0000, 0.0000, 61941.9606, 61942.4345, 0
61943.0, 0.00, 0, 11.37, 34, 0.49, 1, 12.3, 23.7, -1.0,0.0000, 0.0000, 61942.9607, 61943.4346, 0
61944.0, 0.00, 0, 11.37, 34, 0.49, 1, 12.4, 23.8, -1.0,0.0000, 0.0000, 61943.9609, 61944.4348, 0
61945.0, 0.00, 0, 11.37, 34, 0.49, 1, 12.5, 23.9, -1.0,0.0000, 0.0000, 61944.9610, 61945.4349, 0
61946.0, 0.00, 0, 11.37, 34, 0.49, 1, 12.5, 23.9, -1.0,0.0000, 0.0000, 61945.9612, 61946.4350, 0
61947.0, 0.00, 0, 11.37, 34, 0.49, 1, 12.6, 0.0, -1.0,0.0000, 0.0000, 61946.9614, 61947.4351, 0
61948.0, 0.00, 0, 11.37, 34, 0.49, 1, 12.7, 0.1, -1.0,0.0000, 0.0000, 61947.9616, 61948.4352, 0
61949.0, 0.00, 0, 11.36, 34, 0.48, 1, 12.7, 0.1, -1.0,0.0000, 0.0000, 61948.9618, 61949.4353, 0
61950.0, 0.00, 0, 11.36, 34, 0.48, 1, 12.8, 0.2, -1.0,0.0000, 0.0000, 61949.9620, 61950.4354, 0
61951.0, 5.42, 16, 5.93, 17, 0.48, 1, 12.9, 0.3, 18.3,61950.9622, 61951.1881, 61951.1881, 61951.4354, 0
61952.0, 6.48, 19, 4.87, 14, 0.48, 1, 13.0, 0.3, 19.5,61951.9624, 61952.2325, 61952.2325, 61952.4355, 0
61953.0, 7.55, 22, 3.80, 11, 0.48, 1, 13.0, 0.4, 20.6,61952.9627, 61953.2771, 61953.2771, 61953.4355, 0
61954.0, 8.61, 25, 2.73, 8, 0.48, 1, 13.1, 0.5, 21.7,61953.9629, 61954.3218, 61954.3218, 61954.4355, 0
61955.0, 9.66, 28, 1.67, 5, 0.48, 1, 13.2, 0.5, 22.9,61954.9632, 61955.3658, 61955.3658, 61955.4355, 0
61956.0, 10.66, 31, 0.67, 2, 0.48, 1, 13.2, 0.6, 23.9,61955.9634, 61956.4076, 61956.4076, 61956.4355, 0
61957.0, 11.32, 33, 0.00, 0, 0.48, 1, 13.3, 0.7, -1.0,61956.9637, 61957.4355, 0.0000, 0.0000, 0
61958.0, 11.32, 33, 0.00, 0, 0.48, 1, 13.4, 0.7, -1.0,61957.9639, 61958.4355, 0.0000, 0.0000, 1
61959.0, 11.31, 33, 0.00, 0, 0.48, 1, 13.5, 0.8, -1.0,61958.9642, 61959.4354, 0.0000, 0.0000, 0
61960.0, 11.30, 33, 0.00, 0, 0.48, 1, 13.5, 0.9, -1.0,61959.9645, 61960.4354, 0.0000, 0.0000, 0
61961.0, 10.50, 31, 0.80, 2, 0.48, 1, 13.6, 0.9, 14.4,61960.9979, 61961.4353, 61960.9647, 61960.9979, 0
61962.0, 9.58, 28, 1.70, 5, 0.48, 1, 13.7, 1.0, 15.4,61962.0358, 61962.4352, 61961.9650, 61962.0358, 0
61963.0, 8.70, 26, 2.58, 7, 0.48, 1, 13.7, 1.1, 16.3,61963.0727, 61963.4351, 61962.9653, 61963.0727, 0
61964.0, 7.83, 23, 3.44, 10, 0.48, 1, 13.8, 1.1, 17.3,61964.1088, 61964.4350, 61963.9656, 61964.1088, 0
61965.0, 6.96, 20, 4.30, 12, 0.48, 1, 13.9, 1.2, 18.2,61965.1449, 61965.4348, 61964.9659, 61965.1449, 0
61966.0, 6.07, 18, 5.17, 15, 0.48, 1, 14.0, 1.2, 19.2,61966.1817, 61966.4347, 61965.9662, 61966.1817, 0
61967.0, 5.16, 15, 6.08, 18, 0.48, 1, 14.0, 1.3, 20.1,61967.2197, 61967.4345, 61966.9665, 61967.2197, 0
61968.0, 4.20, 12, 7.02, 21, 0.48, 1, 14.1, 1.4, 21.2,61968.2594, 61968.4344, 61967.9668, 61968.2594, 0
61969.0, 0.00, 0, 11.21, 33, 0.48, 1, 14.2, 1.4, -1.0,0.0000, 0.0000, 61968.9671, 61969.4342, 0
61970.0, 0.00, 0, 11.20, 33, 0.48, 1, 14.3, 1.5, -1.0,0.0000, 0.0000, 61969.9674, 61970.4340, 0
61971.0, 0.00, 0, 11.19, 33, 0.48, 1, 14.3, 1.5, -1.0,0.0000, 0.0000, 61970.9677, 61971.4338, 0
61972.0, 0.00, 0, 11.17, 33, 0.48, 1, 14.4, 1.6, -1.0,0.0000, 0.0000, 61971.9680, 61972.4335, 0
61973.0, 0.00, 0, 11.16, 33, 0.48, 1, 14.5, 1.7, -1.0,0.0000, 0.0000, 61972.9683, 61973.4333, 0
61974.0, 0.00, 0, 11.15, 33, 0.48, 1, 14.5, 1.7, -1.0,0.0000, 0.0000, 61973.9686, 61974.4330, 0
61975.0, 0.00, 0, 11.13, 33, 0.47, 1, 14.6, 1.8, -1.0,0.0000, 0.0000, 61974.9689, 61975.4327, 0
61976.0, 0.00, 0, 11.12, 33, 0.47, 1, 14.7, 1.8, -1.0,0.0000, 0.0000, 61975.9692, 61976.4325, 0
61977.0, 0.00, 0, 11.10, 33, 0.47, 1, 14.8, 1.9, -1.0,0.0000, 0.0000, 61976.9696, 61977.4322, 0
61978.0, 0.00, 0, 11.09, 33, 0.47, 1, 14.8, 2.0, -1.0,0.0000, 0.0000, 61977.9699, 61978.4318, 0
61979.0, 0.00, 0, 11.07, 33, 0.47, 1, 14.9, 2.0, -1.0,0.0000, 0.0000, 61978.9702, 61979.4315, 0
61980.0, 5.24, 15, 5.82, 17, 0.47, 1, 15.0, 2.1, 20.2,61979.9705, 61980.1888, 61980.1888, 61980.4311, 0
61981.0, 6.31, 18, 4.73, 14, 0.47, 1, 15.1, 2.1, 21.4,61980.9708, 61981.2338, 61981.2338, 61981.4308, 0
61982.0, 7.37, 22, 3.66, 10, 0.47, 1, 15.1, 2.2, 22.5,61981.9711, 61982.2781, 61982.2781, 61982.4304, 0
61983.0, 8.37, 25, 2.63, 7, 0.47, 1, 15.2, 2.2, 23.6,61982.9715, 61983.3203, 61983.3203, 61983.4300, 0
61984.0, 9.30, 27, 1.69, 5, 0.47, 1, 15.3, 2.3, 0.6,61983.9718, 61984.3594, 61984.3594, 61984.4296, 0
61985.0, 10.14, 30, 0.83, 2, 0.47, 1, 15.4, 2.4, 1.5,61984.9721, 61985.3944, 61985.3944, 61985.4292, 0
61986.0, 10.95, 32, 0.00, 0, 0.47, 1, 15.4, 2.4, -1.0,61985.9724, 61986.4287, 0.0000, 0.0000, 0
61987.0, 10.93, 32, 0.00, 0, 0.47, 1, 15.5, 2.5, -1.0,61986.9727, 61987.4283, 0.0000, 0.0000, 1
61988.0, 10.91, 32, 0.00, 0, 0.47, 1, 15.6, 2.5, -1.0,61987.9731, 61988.4278, 0.0000, 0.0000, 0
61989.0, 10.90, 32, 0.00, 0, 0.47, 1, 15.6, 2.6, -1.0,61988.9734, 61989.4274, 0.0000, 0.0000, 0
61990.0, 10.88, 32, 0.00, 0, 0.47, 1, 15.7, 2.6, -1.0,61989.9737, 61990.4269, 0.0000, 0.0000, 0
61991.0, 9.73, 29, 1.13, 3, 0.47, 1, 15.8, 2.7, 16.9,61991.0210, 61991.4264, 61990.9740, 61991.0210, 0
61992.0, 8.85, 26, 1.98, 5, 0.47, 1, 15.9, 2.7, 17.9,61992.0570, 61992.4259, 61991.9743, 61992.0570, 0
61993.0, 7.97, 23, 2.85, 8, 0.46, 1, 15.9, 2.8, 18.8,61993.0933, 61993.4253, 61992.9746, 61993.0933, 0
61994.0, 7.06, 21, 3.73, 11, 0.46, 1, 16.0, 2.8, 19.8,61994.1304, 61994.4248, 61993.9750, 61994.1304, 0
61995.0, 6.13, 18, 4.65, 13, 0.46, 1, 16.1, 2.9, 20.7,61995.1688, 61995.4242, 61994.9753, 61995.1688, 0
61996.0, 5.16, 15, 5.59, 16, 0.46, 1, 16.2, 2.9, 21.8,61996.2086, 61996.4237, 61995.9756, 61996.2086, 0
61997.0, 4.17, 12, 6.57, 19, 0.46, 1, 16.2, 3.0, 22.8,61997.2495, 61997.4231, 61996.9759, 61997.2495, 0
61998.0, 0.00, 0, 10.71, 32, 0.46, 1, 16.3, 3.0, -1.0,0.0000, 0.0000, 61997.9762, 61998.4225, 0
61999.0, 0.00, 0, 10.69, 32, 0.46, 1, 16.4, 3.1, -1.0,0.0000, 0.0000, 61998.9765, 61999.4219, 0
62000.0, 0.00, 0, 10.67, 31, 0.46, 1, 16.5, 3.2, -1.0,0.0000, 0.0000, 61999.9768, 62000.4213, 0
62001.0, 0.00, 0, 10.64, 31, 0.46, 1, 16.5, 3.2, -1.0,0.0000, 0.0000, 62000.9772, 62001.4207, 0
62002.0, 0.00, 0, 10.62, 31, 0.46, 1, 16.6, 3.3, -1.0,0.0000, 0.0000, 62001.9775, 62002.4200, 0
62003.0, 0.00, 0, 10.60, 31, 0.46, 1, 16.7, 3.3, -1.0,0.0000, 0.0000, 62002.9778, 62003.4194, 0
62004.0, 0.00, 0, 10.57, 31, 0.46, 1, 16.7, 3.4, -1.0,0.0000, 0.0000, 62003.9781, 62004.4187, 0
62005.0, 0.00, 0, 10.55, 31, 0.46, 1, 16.8, 3.4, -1.0,0.0000, 0.0000, 62004.9784, 62005.4181, 0
62006.0, 0.00, 0, 10.53, 31, 0.46, 1, 16.9, 3.5, -1.0,0.0000, 0.0000, 62005.9787, 62006.4174, 0
62007.0, 0.00, 0, 10.50, 31, 0.46, 1, 17.0, 3.5, -1.0,0.0000, 0.0000, 62006.9790, 62007.4167, 0
62008.0, 0.00, 0, 10.48, 31, 0.46, 1, 17.0, 3.6, -1.0,0.0000, 0.0000, 62007.9794, 62008.4160, 0
62009.0, 5.02, 15, 5.44, 16, 0.46, 1, 17.1, 3.6, 22.1,62008.9797, 62009.1888, 62009.1888, 62009.4153, 0
62010.0, 6.06, 18, 4.37, 13, 0.46, 1, 17.2, 3.6, 23.3,62009.9800, 62010.2325, 62010.2325, 62010.4146, 0
62011.0, 7.02, 21, 3.38, 10, 0.46, 1, 17.3, 3.7, 0.3,62010.9803, 62011.2730, 62011.2730, 62011.4138, 0
62012.0, 7.89, 23, 2.49, 7, 0.46, 1, 17.3, 3.7, 1.2,62011.9806, 62012.3093, 62012.3093, 62012.4131, 0
62013.0, 8.65, 25, 1.71, 5, 0.46, 1, 17.4, 3.8, 2.1,62012.9809, 62013.3413, 62013.3413, 62013.4124, 0
62014.0, 9.31, 27, 1.02, 3, 0.46, 1, 17.5, 3.8, 2.8,62013.9813, 62014.3691, 62014.3691, 62014.4116, 0
62015.0, 10.30, 30, 0.00, 0, 0.46, 1, 17.6, 3.9, -1.0,62014.9816, 62015.4108, 0.0000, 0.0000, 0
62016.0, 10.28, 30, 0.00, 0, 0.46, 1, 17.6, 3.9, -1.0,62015.9819, 62016.4101, 0.0000, 0.0000, 0
62017.0, 10.25, 30, 0.00, 0, 0.46, 1, 17.7, 4.0, -1.0,62016.9822, 62017.4093, 0.0000, 0.0000, 1
62018.0, 10.22, 30, 0.00, 0, 0.46, 1, 17.8, 4.0, -1.0,62017.9825, 62018.4085, 0.0000, 0.0000, 0
62019.0, 10.20, 30, 0.00, 0, 0.46, 1, 17.8, 4.1, -1.0,62018.9829, 62019.4077, 0.0000, 0.0000, 0
62020.0, 9.61, 28, 0.56, 1, 0.46, 1, 17.9, 4.1, 18.5,62020.0065, 62020.4069, 62019.9832, 62020.0065, 0
62021.0, 8.71, 26, 1.43, 4, 0.46, 1, 18.0, 4.2, 19.4,62021.0433, 62021.4061, 62020.9835, 62021.0433, 0
62022.0, 7.78, 23, 2.33, 6, 0.46, 1, 18.1, 4.2, 20.4,62022.0810, 62022.4053, 62021.9839, 62022.0810, 0
62023.0, 6.83, 20, 3.26, 9, 0.46, 1, 18.1, 4.3, 21.4,62023.1199, 62023.4045, 62022.9842, 62023.1199, 0
62024.0, 5.86, 17, 4.20, 12, 0.46, 1, 18.2, 4.3, 22.4,62024.1597, 62024.4037, 62023.9845, 62024.1597, 0
62025.0, 4.87, 14, 5.16, 15, 0.46, 1, 18.3, 4.4, 23.5,62025.1998, 62025.4028, 62024.9849, 62025.1998, 0
62026.0, 3.91, 11, 6.09, 18, 0.46, 1, 18.4, 4.4, 0.5,62026.2391, 62026.4020, 62025.9852, 62026.2391, 0
62027.0, 3.00, 8, 6.98, 20, 0.46, 1, 18.4, 4.4, 1.4,62027.2763, 62027.4012, 62026.9855, 62027.2763, 0
62028.0, 0.00, 0, 9.95, 29, 0.46, 1, 18.5, 4.5, -1.0,0.0000, 0.0000, 62027.9859, 62028.4003, 0
62029.0, 0.00, 0, 9.92, 29, 0.46, 1, 18.6, 4.5, -1.0,0.0000, 0.0000, 62028.9862, 62029.3995, 0
62030.0, 0.00, 0, 9.89, 29, 0.46, 1, 18.7, 4.6, -1.0,0.0000, 0.0000, 62029.9866, 62030.3986, 0
62031.0, 0.00, 0, 9.86, 29, 0.46, 1, 18.7, 4.6, -1.0,0.0000, 0.0000, 62030.9870, 62031.3978, 0
62032.0, 0.00, 0, 9.83, 29, 0.46, 1, 18.8, 4.7, -1.0,0.0000, 0.0000, 62031.9873, 62032.3969, 0
62033.0, 0.00, 0, 9.80, 29, 0.46, 1, 18.9, 4.7, -1.0,0.0000, 0.0000, 62032.9877, 62033.3961, 0
62034.0, 0.00, 0, 9.77, 29, 0.46, 1, 19.0, 4.8, -1.0,0.0000, 0.0000, 62033.9881, 62034.3952, 0
62035.0, 0.00, 0, 9.74, 29, 0.46, 1, 19.0, 4.8, -1.0,0.0000, 0.0000, 62034.9884, 62035.3943, 0
62036.0, 0.00, 0, 9.71, 29, 1.07, 3, 19.1, 4.8, -1.0,0.0000, 0.0000, 62035.9888, 62036.3935, 0
62037.0, 0.00, 0, 9.68, 29, 1.07, 3, 19.2, 4.9, -1.0,0.0000, 0.0000, 62036.9892, 62037.3926, 0
62038.0, 0.00, 0, 9.65, 28, 1.08, 3, 19.3, 4.9, -1.0,0.0000, 0.0000, 62037.9896, 62038.3917, 0
62039.0, 5.57, 16, 4.05, 12, 1.08, 3, 19.3, 5.0, 0.9,62038.9900, 62039.2222, 62039.2222, 62039.3908, 0
62040.0, 6.38, 19, 3.21, 9, 1.08, 3, 19.4, 5.0, 1.8,62039.9904, 62040.2561, 62040.2561, 62040.3900, 0
62041.0, 7.07, 21, 2.49, 7, 1.08, 3, 19.5, 5.1, 2.6,62040.9908, 62041.2855, 62041.2855, 62041.3891, 0
62042.0, 7.68, 23, 1.85, 5, 1.08, 3, 19.6, 5.1, 3.3,62041.9912, 62042.3111, 62042.3111, 62042.3882, 0
62043.0, 8.22, 24, 1.28, 3, 1.08, 3, 19.6, 5.2, 3.9,62042.9916, 62043.3340, 62043.3340, 62043.3873, 0
62044.0, 8.71, 26, 0.76, 2, 1.08, 3, 19.7, 5.2, 4.4,62043.9920, 62044.3548, 62044.3548, 62044.3864, 0
62045.0, 9.43, 28, 0.00, 0, 1.09, 3, 19.8, 5.2, -1.0,62044.9925, 62045.3856, 0.0000, 0.0000, 0
62046.0, 9.40, 28, 0.00, 0, 1.09, 3, 19.9, 5.3, -1.0,62045.9929, 62046.3847, 0.0000, 0.0000, 0
62047.0, 9.37, 28, 0.00, 0, 1.09, 3, 19.9, 5.3, -1.0,62046.9933, 62047.3838, 0.0000, 0.0000, 0
62048.0, 9.34, 28, 0.00, 0, 1.09, 3, 20.0, 5.4, -1.0,62047.9938, 62048.3829, 0.0000, 0.0000, 1
62049.0, 9.31, 27, 0.00, 0, 1.09, 3, 20.1, 5.4, -1.0,62048.9942, 62049.3821, 0.0000, 0.0000, 0
62050.0, 8.36, 25, 0.92, 2, 1.09, 3, 20.2, 5.5, 21.1,62050.0329, 62050.3812, 62049.9947, 62050.0329, 0
62051.0, 7.39, 22, 1.85, 5, 1.10, 3, 20.2, 5.5, 22.1,62051.0724, 62051.3803, 62050.9952, 62051.0724, 0
62052.0, 6.41, 19, 2.80, 8, 1.10, 3, 20.3, 5.6, 23.1,62052.1122, 62052.3795, 62051.9956, 62052.1122, 0
62053.0, 5.46, 16, 3.72, 11, 1.10, 3, 20.4, 5.6, 0.1,62053.1513, 62053.3786, 62052.9961, 62053.1513, 0
62054.0, 4.54, 13, 4.60, 13, 1.10, 3, 20.5, 5.7, 1.1,62054.1884, 62054.3778, 62053.9966, 62054.1884, 0
62055.0, 3.70, 11, 5.42, 16, 1.11, 3, 20.6, 5.7, 2.0,62055.2229, 62055.3769, 62054.9971, 62055.2229, 0
62056.0, 2.92, 8, 6.16, 18, 1.11, 3, 20.6, 5.7, 2.8,62056.2543, 62056.3760, 62055.9976, 62056.2543, 0
62057.0, 0.00, 0, 9.05, 27, 1.11, 3, 20.7, 5.8, -1.0,0.0000, 0.0000, 62056.9981, 62057.3752, 0
62058.0, 0.00, 0, 9.02, 27, 1.11, 3, 20.8, 5.8, -1.0,0.0000, 0.0000, 62057.9986, 62058.3744, 0
62059.0, 0.00, 0, 8.99, 26, 1.12, 3, 20.9, 5.9, -1.0,0.0000, 0.0000, 62058.9991, 62059.3735, 0
62060.0, 0.00, 0, 8.95, 26, 1.12, 3, 20.9, 5.9, -1.0,0.0000, 0.0000, 62059.9997, 62060.3727, 0
62061.0, 0.00, 0, 8.92, 26, 1.12, 3, 21.0, 6.0, -1.0,0.0000, 0.0000, 62061.0002, 62061.3719, 0
62062.0, 0.00, 0, 8.89, 26, 1.12, 3, 21.1, 6.0, -1.0,0.0000, 0.0000, 62062.0008, 62062.3711, 0
62063.0, 0.00, 0, 8.85, 26, 1.13, 3, 21.2, 6.1, -1.0,0.0000, 0.0000, 62063.0013, 62063.3703, 0
62064.0, 0.00, 0, 8.82, 26, 1.13, 3, 21.3, 6.1, -1.0,0.0000, 0.0000, 62064.0019, 62064.3695, 0
62065.0, 0.00, 0, 8.79, 26, 1.13, 3, 21.3, 6.2, -1.0,0.0000, 0.0000, 62065.0024, 62065.3687, 0
62066.0, 0.00, 0, 8.76, 26, 1.14, 3, 21.4, 6.2, -1.0,0.0000, 0.0000, 62066.0030, 62066.3679, 0
62067.0, 0.00, 0, 8.72, 26, 1.14, 3, 21.5, 6.3, -1.0,0.0000, 0.0000, 62067.0036, 62067.3671, 0
62068.0, 4.68, 14, 4.01, 12, 1.14, 3, 21.6, 6.3, 2.3,62068.0042, 62068.1994, 62068.1994, 62068.3663, 0
62069.0, 5.33, 15, 3.33, 9, 1.14, 3, 21.7, 6.3, 3.0,62069.0048, 62069.2268, 62069.2268, 62069.3656, 0
62070.0, 5.89, 17, 2.73, 8, 1.15, 3, 21.7, 6.4, 3.7,62070.0054, 62070.2509, 62070.2509, 62070.3648, 0
62071.0, 6.40, 19, 2.20, 6, 1.15, 3, 21.8, 6.4, 4.2,62071.0060, 62071.2725, 62071.2725, 62071.3641, 0
62072.0, 6.87, 20, 1.70, 5, 1.15, 3, 21.9, 6.5, 4.8,62072.0066, 62072.2927, 62072.2927, 62072.3634, 0
62073.0, 7.32, 21, 1.21, 3, 1.16, 3, 22.0, 6.5, 5.3,62073.0073, 62073.3123, 62073.3123, 62073.3626, 0
62074.0, 7.78, 23, 0.72, 2, 1.16, 3, 22.1, 6.6, 5.9,62074.0079, 62074.3320, 62074.3320, 62074.3619, 0
62075.0, 8.46, 25, 0.00, 0, 1.17, 3, 22.1, 6.6, -1.0,62075.0085, 62075.3612, 0.0000, 0.0000, 0
62076.0, 8.43, 25, 0.00, 0, 1.17, 3, 22.2, 6.7, -1.0,62076.0092, 62076.3605, 0.0000, 0.0000, 0
62077.0, 8.40, 25, 0.00, 0, 1.17, 3, 22.3, 6.7, -1.0,62077.0098, 62077.3599, 0.0000, 0.0000, 1
62078.0, 8.37, 25, 0.00, 0, 1.18, 3, 22.4, 6.8, -1.0,62078.0105, 62078.3592, 0.0000, 0.0000, 0
62079.0, 8.34, 25, 0.00, 0, 1.18, 3, 22.5, 6.8, -1.0,62079.0111, 62079.3586, 0.0000, 0.0000, 0
62080.0, 7.04, 21, 1.27, 3, 1.18, 3, 22.6, 6.9, 23.8,62080.0646, 62080.3579, 62080.0118, 62080.0646, 0
62081.0, 6.12, 18, 2.16, 6, 1.19, 3, 22.6, 6.9, 0.8,62081.1025, 62081.3573, 62081.0125, 62081.1025, 0
62082.0, 5.26, 15, 2.99, 8, 1.19, 3, 22.7, 7.0, 1.7,62082.1376, 62082.3567, 62082.0132, 62082.1376, 0
62083.0, 4.48, 13, 3.74, 11, 1.20, 3, 22.8, 7.0, 2.5,62083.1695, 62083.3561, 62083.0138, 62083.1695, 0
62084.0, 3.77, 11, 4.41, 13, 1.20, 3, 22.9, 7.1, 3.3,62084.1984, 62084.3556, 62084.0145, 62084.1984, 0
62085.0, 3.12, 9, 5.03, 15, 1.20, 3, 23.0, 7.1, 4.0,62085.2249, 62085.3550, 62085.0152, 62085.2249, 0
62086.0, 0.00, 0, 8.12, 24, 1.21, 3, 23.0, 7.2, -1.0,0.0000, 0.0000, 62086.0159, 62086.3545, 0
62087.0, 0.00, 0, 8.10, 24, 1.21, 3, 23.1, 7.2, -1.0,0.0000, 0.0000, 62087.0166, 62087.3539, 0
62088.0, 0.00, 0, 8.07, 24, 1.21, 3, 23.2, 7.3, -1.0,0.0000, 0.0000, 62088.0173, 62088.3534, 0
62089.0, 0.00, 0, 8.04, 24, 1.22, 3, 23.3, 7.4, -1.0,0.0000, 0.0000, 62089.0180, 62089.3529, 0
62090.0, 0.00, 0, 8.01, 24, 1.22, 3, 23.4, 7.4, -1.0,0.0000, 0.0000, 62090.0187, 62090.3525, 0
62091.0, 0.00, 0, 7.98, 23, 1.23, 3, 23.5, 7.5, -1.0,0.0000, 0.0000, 62091.0194, 62091.3520, 0
62092.0, 0.00, 0, 7.95, 23, 1.23, 3, 23.5, 7.5, -1.0,0.0000, 0.0000, 62092.0201, 62092.3516, 0
62093.0, 0.00, 0, 7.93, 23, 1.23, 3, 23.6, 7.6, -1.0,0.0000, 0.0000, 62093.0209, 62093.3512, 0
62094.0, 0.00, 0, 7.90, 23, 1.24, 3, 23.7, 7.6, -1.0,0.0000, 0.0000, 62094.0216, 62094.3508, 0
62095.0, 0.00, 0, 7.88, 23, 1.24, 3, 23.8, 7.7, -1.0,0.0000, 0.0000, 62095.0223, 62095.3504, 0
62096.0, 0.00, 0, 7.85, 23, 1.24, 3, 23.9, 7.7, -1.0,0.0000, 0.0000, 62096.0230, 62096.3501, 0
62097.0, 0.00, 0, 7.83, 23, 1.25, 3, 24.0, 7.8, -1.0,0.0000, 0.0000, 62097.0237, 62097.3497, 0
62098.0, 3.94, 11, 3.86, 11, 1.25, 3, 0.0, 7.9, 4.0,62098.0244, 62098.1887, 62098.1887, 62098.3494, 0
62099.0, 4.43, 13, 3.35, 10, 1.25, 3, 0.1, 7.9, 4.6,62099.0251, 62099.2096, 62099.2096, 62099.3491, 0
62100.0, 4.89, 14, 2.87, 8, 1.26, 3, 0.2, 8.0, 5.1,62100.0258, 62100.2295, 62100.2295, 62100.3489, 0
62101.0, 5.34, 16, 2.39, 7, 1.26, 3, 0.3, 8.0, 5.6,62101.0265, 62101.2491, 62101.2491, 62101.3486, 0
62102.0, 5.81, 17, 1.90, 5, 1.27, 3, 0.4, 8.1, 6.2,62102.0271, 62102.2693, 62102.2693, 62102.3484, 0
62103.0, 6.32, 18, 1.37, 4, 1.27, 3, 0.5, 8.2, 6.8,62103.0278, 62103.2910, 62103.2910, 62103.3482, 0
62104.0, 6.87, 20, 0.79, 2, 1.27, 3, 0.5, 8.2, 7.4,62104.0285, 62104.3149, 62104.3149, 62104.3480, 0
62105.0, 7.65, 22, 0.00, 0, 1.27, 3, 0.6, 8.3, -1.0,62105.0291, 62105.3478, 0.0000, 0.0000, 0
62106.0, 7.63, 22, 0.00, 0, 1.28, 3, 0.7, 8.3, -1.0,62106.0298, 62106.3477, 0.0000, 0.0000, 1
62107.0, 7.61, 22, 0.00, 0, 1.28, 3, 0.8, 8.4, -1.0,62107.0304, 62107.3476, 0.0000, 0.0000, 0
62108.0, 7.59, 22, 0.00, 0, 1.28, 3, 0.9, 8.5, -1.0,62108.0311, 62108.3475, 0.0000, 0.0000, 0
62109.0, 7.10, 21, 0.48, 1, 1.29, 3, 0.9, 8.5, 1.4,62109.0516, 62109.3474, 62109.0317, 62109.0516, 0
62110.0, 6.30, 18, 1.26, 3, 1.29, 3, 1.0, 8.6, 2.3,62110.0850, 62110.3474, 62110.0323, 62110.0850, 0
62111.0, 5.58, 16, 1.97, 5, 1.29, 3, 1.1, 8.7, 3.1,62111.1151, 62111.3474, 62111.0329, 62111.1151, 0
62112.0, 4.92, 14, 2.61, 7, 1.29, 3, 1.2, 8.7, 3.8,62112.1422, 62112.3474, 62112.0335, 62112.1422, 0
62113.0, 4.32, 12, 3.20, 9, 1.30, 3, 1.3, 8.8, 4.5,62113.1674, 62113.3474, 62113.0341, 62113.1674, 0
62114.0, 3.74, 11, 3.77, 11, 1.30, 3, 1.3, 8.9, 5.1,62114.1916, 62114.3475, 62114.0347, 62114.1916, 0
62115.0, 3.16, 9, 4.33, 13, 1.30, 3, 1.4, 8.9, 5.8,62115.2158, 62115.3476, 62115.0352, 62115.2158, 0
62116.0, 0.00, 0, 7.49, 22, 1.30, 3, 1.5, 9.0, -1.0,0.0000, 0.0000, 62116.0358, 62116.3477, 0
62117.0, 0.00, 0, 7.48, 22, 1.30, 3, 1.6, 9.1, -1.0,0.0000, 0.0000, 62117.0363, 62117.3478, 0
62118.0, 0.00, 0, 7.47, 22, 1.30, 3, 1.7, 9.1, -1.0,0.0000, 0.0000, 62118.0368, 62118.3479, 0
62119.0, 0.00, 0, 7.46, 22, 1.30, 3, 1.7, 9.2, -1.0,0.0000, 0.0000, 62119.0373, 62119.3481, 0
62120.0, 0.00, 0, 7.45, 22, 1.31, 3, 1.8, 9.3, -1.0,0.0000, 0.0000, 62120.0378, 62120.3483, 0
62121.0, 0.00, 0, 7.45, 22, 1.31, 3, 1.9, 9.4, -1.0,0.0000, 0.0000, 62121.0382, 62121.3485, 0
62122.0, 0.00, 0, 7.44, 22, 1.31, 3, 2.0, 9.4, -1.0,0.0000, 0.0000, 62122.0387, 62122.3488, 0
62123.0, 0.00, 0, 7.44, 22, 1.31, 3, 2.0, 9.5, -1.0,0.0000, 0.0000, 62123.0391, 62123.3491, 0
62124.0, 0.00, 0, 7.44, 22, 1.31, 3, 2.1, 9.6, -1.0,0.0000, 0.0000, 62124.0395, 62124.3493, 0
62125.0, 0.00, 0, 7.43, 22, 1.31, 3, 2.2, 9.6, -1.0,0.0000, 0.0000, 62125.0399, 62125.3497, 0
62126.0, 0.00, 0, 7.43, 22, 1.31, 3, 2.3, 9.7, -1.0,0.0000, 0.0000, 62126.0402, 62126.3500, 0
62127.0, 0.00, 0, 7.43, 22, 1.31, 3, 2.3, 9.8, -1.0,0.0000, 0.0000, 62127.0406, 62127.3503, 0
62128.0, 3.00, 8, 4.44, 13, 1.31, 3, 2.4, 9.9, 5.4,62128.0409, 62128.1657, 62128.1657, 62128.3507, 0
62129.0, 3.47, 10, 3.97, 11, 1.31, 3, 2.5, 9.9, 6.0,62129.0412, 62129.1856, 62129.1856, 62129.3511, 0
62130.0, 3.96, 11, 3.48, 10, 1.31, 3, 2.6, 10.0, 6.5,62130.0415, 62130.2065, 62130.2065, 62130.3515, 1
62131.0, 4.50, 13, 2.95, 8, 1.31, 3, 2.6, 10.1, 7.1,62131.0417, 62131.2292, 62131.2292, 62131.3520, 1
62132.0, 5.10, 15, 2.35, 7, 1.31, 3, 2.7, 10.2, 7.8,62132.0420, 62132.2546, 62132.2546, 62132.3524, 0
62133.0, 5.80, 17, 1.66, 4, 1.31, 3, 2.8, 10.2, 8.6,62133.0422, 62133.2837, 62133.2837, 62133.3529, 0
62134.0, 6.60, 19, 0.87, 2, 1.30, 3, 2.8, 10.3, 9.5,62134.0424, 62134.3173, 62134.3173, 62134.3534, 0
62135.0, 7.47, 22, 0.00, 0, 1.30, 3, 2.9, 10.4, -1.0,62135.0425, 62135.3539, 0.0000, 0.0000, 0
62136.0, 7.48, 22, 0.00, 0, 1.30, 3, 3.0, 10.5, -1.0,62136.0427, 62136.3544, 0.0000, 0.0000, 1
62137.0, 7.49, 22, 0.00, 0, 1.30, 3, 3.0, 10.6, -1.0,62137.0428, 62137.3550, 0.0000, 0.0000, 0
62138.0, 7.50, 22, 0.00, 0, 1.30, 3, 3.1, 10.6, -1.0,62138.0429, 62138.3555, 0.0000, 0.0000, 0
62139.0, 7.52, 22, 0.00, 0, 1.30, 3, 3.2, 10.7, -1.0,62139.0430, 62139.3561, 0.0000, 0.0000, 0
62140.0, 6.53, 19, 1.00, 2, 1.29, 3, 3.2, 10.8, 4.2,62140.0846, 62140.3567, 62140.0430, 62140.0846, 0
62141.0, 5.95, 17, 1.59, 4, 1.29, 3, 3.3, 10.9, 4.9,62141.1095, 62141.3573, 62141.0430, 62141.1095, 0
62142.0, 5.38, 16, 2.18, 6, 1.29, 3, 3.4, 11.0, 5.6,62142.1338, 62142.3579, 62142.0430, 62142.1338, 0
62143.0, 4.80, 14, 2.78, 8, 1.29, 3, 3.4, 11.0, 6.2,62143.1587, 62143.3586, 62143.0430, 62143.1587, 0
62144.0, 4.18, 12, 3.41, 10, 1.28, 3, 3.5, 11.1, 6.9,62144.1852, 62144.3592, 62144.0430, 62144.1852, 0
62145.0, 0.00, 0, 7.61, 22, 1.28, 3, 3.6, 11.2, -1.0,0.0000, 0.0000, 62145.0429, 62145.3598, 0
62146.0, 0.00, 0, 7.63, 22, 1.28, 3, 3.6, 11.3, -1.0,0.0000, 0.0000, 62146.0428, 62146.3605, 0
62147.0, 0.00, 0, 7.64, 22, 1.28, 3, 3.7, 11.4, -1.0,0.0000, 0.0000, 62147.0427, 62147.3612, 0
62148.0, 0.00, 0, 7.66, 22, 1.27, 3, 3.8, 11.4, -1.0,0.0000, 0.0000, 62148.0425, 62148.3619, 0
62149.0, 0.00, 0, 7.68, 23, 1.27, 3, 3.8, 11.5, -1.0,0.0000, 0.0000, 62149.0424, 62149.3626, 0
62150.0, 0.00, 0, 7.71, 23, 1.27, 3, 3.9, 11.6, -1.0,0.0000, 0.0000, 62150.0422, 62150.3633, 0
62151.0, 0.00, 0, 7.73, 23, 1.26, 3, 3.9, 11.7, -1.0,0.0000, 0.0000, 62151.0420, 62151.3640, 0
62152.0, 0.00, 0, 7.75, 23, 1.26, 3, 4.0, 11.8, -1.0,0.0000, 0.0000, 62152.0418, 62152.3647, 0
62153.0, 0.00, 0, 7.77, 23, 1.26, 3, 4.1, 11.9, -1.0,0.0000, 0.0000, 62153.0415, 62153.3654, 0
62154.0, 0.00, 0, 7.80, 23, 1.25, 3, 4.1, 11.9, -1.0,0.0000, 0.0000, 62154.0413, 62154.3661, 0
62155.0, 0.00, 0, 7.82, 23, 1.25, 3, 4.2, 12.0, -1.0,0.0000, 0.0000, 62155.0410, 62155.3668, 0
62156.0, 0.00, 0, 7.85, 23, 1.24, 3, 4.2, 12.1, -1.0,0.0000, 0.0000, 62156.0407, 62156.3676, 0
62157.0, 0.00, 0, 7.87, 23, 1.24, 3, 4.3, 12.2, -1.0,0.0000, 0.0000, 62157.0403, 62157.3683, 0
62158.0, 2.51, 7, 5.39, 16, 1.24, 3, 4.4, 12.3, 6.9,62158.0400, 62158.1445, 62158.1445, 62158.3690, 0
62159.0, 3.09, 9, 4.84, 14, 1.23, 3, 4.4, 12.4, 7.5,62159.0396, 62159.1683, 62159.1683, 62159.3698, 0
62160.0, 3.74, 11, 4.21, 12, 1.23, 3, 4.5, 12.4, 8.2,62160.0392, 62160.1952, 62160.1952, 62160.3705, 0
62161.0, 4.49, 13, 3.48, 10, 1.23, 3, 4.5, 12.5, 9.0,62161.0388, 62161.2261, 62161.2261, 62161.3712, 0
62162.0, 5.35, 16, 2.65, 7, 1.22, 3, 4.6, 12.6, 10.0,62162.0384, 62162.2615, 62162.2615, 62162.3720, 0
62163.0, 6.32, 18, 1.71, 5, 1.22, 3, 4.6, 12.7, 11.0,62163.0379, 62163.3014, 62163.3014, 62163.3727, 0
62164.0, 7.38, 22, 0.68, 2, 1.21, 3, 4.7, 12.8, 12.1,62164.0375, 62164.3450, 62164.3450, 62164.3734, 0
62165.0, 8.09, 24, 0.00, 0, 1.21, 3, 4.7, 12.9, -1.0,62165.0370, 62165.3742, 0.0000, 0.0000, 0
62166.0, 8.12, 24, 0.00, 0, 1.21, 3, 4.8, 12.9, -1.0,62166.0365, 62166.3749, 0.0000, 0.0000, 0
62167.0, 8.15, 24, 0.00, 0, 1.20, 3, 4.9, 13.0, -1.0,62167.0360, 62167.3756, 0.0000, 0.0000, 1
62168.0, 8.18, 24, 0.00, 0, 1.20, 3, 4.9, 13.1, -1.0,62168.0354, 62168.3764, 0.0000, 0.0000, 0
62169.0, 8.21, 24, 0.00, 0, 1.20, 3, 5.0, 13.2, -1.0,62169.0349, 62169.3771, 0.0000, 0.0000, 0
62170.0, 7.25, 21, 0.99, 2, 1.19, 3, 5.0, 13.3, 6.0,62170.0755, 62170.3778, 62170.0343, 62170.0755, 0
62171.0, 6.63, 19, 1.64, 4, 1.19, 3, 5.1, 13.4, 6.7,62171.1021, 62171.3785, 62171.0337, 62171.1021, 0
62172.0, 5.96, 17, 2.34, 7, 1.18, 3, 5.1, 13.4, 7.5,62172.1308, 62172.3792, 62172.0331, 62172.1308, 0
62173.0, 5.22, 15, 3.12, 9, 1.18, 3, 5.2, 13.5, 8.3,62173.1623, 62173.3799, 62173.0325, 62173.1623, 0
62174.0, 0.00, 0, 8.37, 25, 1.18, 3, 5.2, 13.6, -1.0,0.0000, 0.0000, 62174.0319, 62174.3806, 0
62175.0, 0.00, 0, 8.40, 25, 1.17, 3, 5.3, 13.7, -1.0,0.0000, 0.0000, 62175.0313, 62175.3813, 0
62176.0, 0.00, 0, 8.43, 25, 1.17, 3, 5.3, 13.8, -1.0,0.0000, 0.0000, 62176.0306, 62176.3820, 0
62177.0, 0.00, 0, 8.47, 25, 1.17, 3, 5.4, 13.9, -1.0,0.0000, 0.0000, 62177.0300, 62177.3827, 0
62178.0, 0.00, 0, 8.50, 25, 1.16, 3, 5.4, 13.9, -1.0,0.0000, 0.0000, 62178.0293, 62178.3834, 0
62179.0, 0.00, 0, 8.53, 25, 1.16, 3, 5.5, 14.0, -1.0,0.0000, 0.0000, 62179.0286, 62179.3841, 0
62180.0, 0.00, 0, 8.56, 25, 1.15, 3, 5.5, 14.1, -1.0,0.0000, 0.0000, 62180.0279, 62180.3847, 0
62181.0, 0.00, 0, 8.60, 25, 1.15, 3, 5.6, 14.2, -1.0,0.0000, 0.0000, 62181.0272, 62181.3854, 0
62182.0, 0.00, 0, 8.63, 25, 1.15, 3, 5.6, 14.3, -1.0,0.0000, 0.0000, 62182.0265, 62182.3861, 0
62183.0, 0.00, 0, 8.66, 25, 1.14, 3, 5.7, 14.3, -1.0,0.0000, 0.0000, 62183.0258, 62183.3867, 0
62184.0, 0.00, 0, 8.70, 26, 1.14, 3, 5.7, 14.4, -1.0,0.0000, 0.0000, 62184.0251, 62184.3874, 0
62185.0, 0.00, 0, 8.73, 26, 1.14, 3, 5.8, 14.5, -1.0,0.0000, 0.0000, 62185.0243, 62185.3880, 0
62186.0, 0.00, 0, 8.76, 26, 1.13, 3, 5.8, 14.6, -1.0,0.0000, 0.0000, 62186.0236, 62186.3886, 0
62187.0, 0.00, 0, 8.79, 26, 1.13, 3, 5.8, 14.7, -1.0,0.0000, 0.0000, 62187.0228, 62187.3892, 0
62188.0, 2.79, 8, 6.04, 18, 1.13, 3, 5.9, 14.7, 8.7,62188.0220, 62188.1381, 62188.1381, 62188.3898, 0
62189.0, 3.58, 10, 5.28, 15, 1.13, 3, 5.9, 14.8, 9.5,62189.0212, 62189.1706, 62189.1706, 62189.3905, 0
62190.0, 4.49, 13, 4.41, 13, 1.12, 3, 6.0, 14.9, 10.5,62190.0205, 62190.2074, 62190.2074, 62190.3910, 0
62191.0, 5.48, 16, 3.44, 10, 1.12, 3, 6.0, 15.0, 11.5,62191.0197, 62191.2482, 62191.2482, 62191.3916, 0
62192.0, 6.56, 19, 2.40, 7, 1.12, 3, 6.1, 15.1, 12.7,62192.0189, 62192.2921, 62192.2921, 62192.3922, 0
62193.0, 7.68, 23, 1.31, 3, 1.11, 3, 6.1, 15.1, 13.8,62193.0181, 62193.3380, 62193.3380, 62193.3928, 0
62194.0, 9.03, 27, 0.00, 0, 1.11, 3, 6.2, 15.2, -1.0,62194.0173, 62194.3934, 0.0000, 0.0000, 0
62195.0, 9.06, 27, 0.00, 0, 1.11, 3, 6.2, 15.3, -1.0,62195.0164, 62195.3939, 0.0000, 0.0000, 1
62196.0, 9.09, 27, 0.00, 0, 1.11, 3, 6.3, 15.4, -1.0,62196.0156, 62196.3945, 0.0000, 0.0000, 0
62197.0, 9.13, 27, 0.00, 0, 1.10, 3, 6.3, 15.5, -1.0,62197.0148, 62197.3950, 0.0000, 0.0000, 0
62198.0, 9.16, 27, 0.00, 0, 1.10, 3, 6.4, 15.5, -1.0,62198.0140, 62198.3956, 0.0000, 0.0000, 0
62199.0, 8.43, 25, 0.76, 2, 1.10, 3, 6.4, 15.6, 7.2,62199.0448, 62199.3961, 62199.0131, 62199.0448, 0
62200.0, 7.69, 23, 1.54, 4, 1.10, 3, 6.5, 15.7, 8.0,62200.0764, 62200.3966, 62200.0123, 62200.0764, 0
62201.0, 6.86, 20, 2.39, 7, 1.10, 3, 6.5, 15.8, 8.9,62201.1112, 62201.3971, 62201.0115, 62201.1112, 0
62202.0, 5.97, 17, 3.32, 9, 1.09, 3, 6.5, 15.9, 9.9,62202.1491, 62202.3976, 62202.0106, 62202.1491, 0
62203.0, 5.01, 15, 4.31, 12, 1.09, 3, 6.6, 15.9, 10.9,62203.1893, 62203.3981, 62203.0098, 62203.1893, 0
62204.0, 0.00, 0, 9.35, 28, 1.09, 3, 6.6, 16.0, -1.0,0.0000, 0.0000, 62204.0089, 62204.3986, 0
62205.0, 0.00, 0, 9.38, 28, 1.09, 3, 6.7, 16.1, -1.0,0.0000, 0.0000, 62205.0081, 62205.3991, 0
62206.0, 0.00, 0, 9.42, 28, 1.09, 3, 6.7, 16.2, -1.0,0.0000, 0.0000, 62206.0073, 62206.3996, 0
62207.0, 0.00, 0, 9.45, 28, 1.08, 3, 6.8, 16.2, -1.0,0.0000, 0.0000, 62207.0064, 62207.4001, 0
62208.0, 0.00, 0, 9.48, 28, 1.08, 3, 6.8, 16.3, -1.0,0.0000, 0.0000, 62208.0056, 62208.4006, 0
62209.0, 0.00, 0, 9.51, 28, 1.08, 3, 6.9, 16.4, -1.0,0.0000, 0.0000, 62209.0047, 62209.4010, 0
62210.0, 0.00, 0, 9.54, 28, 1.08, 3, 6.9, 16.5, -1.0,0.0000, 0.0000, 62210.0039, 62210.4015, 0
62211.0, 0.00, 0, 9.57, 28, 1.08, 3, 7.0, 16.6, -1.0,0.0000, 0.0000, 62211.0030, 62211.4020, 0
62212.0, 0.00, 0, 9.61, 28, 1.08, 3, 7.0, 16.6, -1.0,0.0000, 0.0000, 62212.0022, 62212.4024, 0
62213.0, 0.00, 0, 9.64, 28, 1.08, 3, 7.0, 16.7, -1.0,0.0000, 0.0000, 62213.0013, 62213.4029, 0
62214.0, 0.00, 0, 9.67, 29, 1.08, 3, 7.1, 16.8, -1.0,0.0000, 0.0000, 62214.0005, 62214.4033, 0
62215.0, 0.00, 0, 9.70, 29, 1.07, 3, 7.1, 16.9, -1.0,0.0000, 0.0000, 62214.9996, 62215.4037, 0
62216.0, 0.00, 0, 9.73, 29, 0.46, 1, 7.2, 16.9, -1.0,0.0000, 0.0000, 62215.9988, 62216.4042, 0
62217.0, 2.89, 8, 6.87, 20, 0.46, 1, 7.2, 17.0, 10.1,62216.9980, 62217.1185, 62217.1185, 62217.4046, 0
62218.0, 3.83, 11, 5.96, 17, 0.46, 1, 7.3, 17.1, 11.1,62217.9971, 62218.1565, 62218.1565, 62218.4050, 0
62219.0, 4.83, 14, 4.99, 14, 0.46, 1, 7.3, 17.2, 12.2,62218.9963, 62219.1977, 62219.1977, 62219.4054, 0
62220.0, 5.90, 17, 3.95, 11, 0.46, 1, 7.4, 17.2, 13.3,62219.9955, 62220.2412, 62220.2412, 62220.4058, 0
62221.0, 7.00, 20, 2.88, 8, 0.46, 1, 7.4, 17.3, 14.4,62220.9946, 62221.2861, 62221.2861, 62221.4062, 0
62222.0, 8.11, 24, 1.79, 5, 0.46, 1, 7.5, 17.4, 15.6,62221.9938, 62222.3319, 62222.3319, 62222.4067, 0
62223.0, 9.25, 27, 0.69, 2, 0.46, 1, 7.5, 17.5, 16.8,62222.9930, 62223.3785, 62223.3785, 62223.4070, 0
62224.0, 9.97, 29, 0.00, 0, 0.46, 1, 7.5, 17.5, -1.0,62223.9922, 62224.4074, 0.0000, 0.0000, 0
62225.0, 10.00, 29, 0.00, 0, 0.46, 1, 7.6, 17.6, -1.0,62224.9914, 62225.4078, 0.0000, 0.0000, 1
62226.0, 10.02, 30, 0.00, 0, 0.46, 1, 7.6, 17.7, -1.0,62225.9905, 62226.4082, 0.0000, 0.0000, 0
62227.0, 10.05, 30, 0.00, 0, 0.46, 1, 7.7, 17.8, -1.0,62226.9897, 62227.4086, 0.0000, 0.0000, 0
62228.0, 9.31, 27, 0.77, 2, 0.46, 1, 7.7, 17.8, 8.5,62228.0209, 62228.4090, 62227.9889, 62228.0209, 0
62229.0, 8.41, 25, 1.70, 5, 0.46, 1, 7.8, 17.9, 9.5,62229.0590, 62229.4094, 62228.9882, 62229.0590, 0
62230.0, 7.44, 22, 2.70, 8, 0.46, 1, 7.8, 18.0, 10.5,62230.0999, 62230.4097, 62229.9874, 62230.0999, 0
62231.0, 6.44, 19, 3.73, 11, 0.46, 1, 7.9, 18.1, 11.6,62231.1420, 62231.4101, 62230.9866, 62231.1420, 0
62232.0, 5.44, 16, 4.75, 14, 0.46, 1, 7.9, 18.1, 12.7,62232.1839, 62232.4105, 62231.9858, 62232.1839, 0
62233.0, 0.00, 0, 10.22, 30, 0.46, 1, 8.0, 18.2, -1.0,0.0000, 0.0000, 62232.9851, 62233.4109, 0
62234.0, 0.00, 0, 10.25, 30, 0.46, 1, 8.0, 18.3, -1.0,0.0000, 0.0000, 62233.9843, 62234.4112, 0
62235.0, 0.00, 0, 10.27, 30, 0.46, 1, 8.1, 18.4, -1.0,0.0000, 0.0000, 62234.9836, 62235.4116, 0
62236.0, 0.00, 0, 10.30, 30, 0.46, 1, 8.1, 18.4, -1.0,0.0000, 0.0000, 62235.9828, 62236.4120, 0
62237.0, 0.00, 0, 10.33, 30, 0.46, 1, 8.2, 18.5, -1.0,0.0000, 0.0000, 62236.9821, 62237.4123, 0
62238.0, 0.00, 0, 10.35, 31, 0.46, 1, 8.2, 18.6, -1.0,0.0000, 0.0000, 62237.9814, 62238.4127, 0
62239.0, 0.00, 0, 10.38, 31, 0.46, 1, 8.3, 18.7, -1.0,0.0000, 0.0000, 62238.9806, 62239.4131, 0
62240.0, 0.00, 0, 10.40, 31, 0.46, 1, 8.3, 18.7, -1.0,0.0000, 0.0000, 62239.9799, 62240.4134, 0
62241.0, 0.00, 0, 10.43, 31, 0.46, 1, 8.4, 18.8, -1.0,0.0000, 0.0000, 62240.9792, 62241.4138, 0
62242.0, 0.00, 0, 10.45, 31, 0.46, 1, 8.4, 18.9, -1.0,0.0000, 0.0000, 62241.9786, 62242.4141, 0
62243.0, 0.00, 0, 10.48, 31, 0.46, 1, 8.4, 19.0, -1.0,0.0000, 0.0000, 62242.9779, 62243.4145, 0
62244.0, 0.00, 0, 10.50, 31, 0.46, 1, 8.5, 19.0, -1.0,0.0000, 0.0000, 62243.9772, 62244.4149, 0
62245.0, 0.00, 0, 10.53, 31, 0.46, 1, 8.5, 19.1, -1.0,0.0000, 0.0000, 62244.9765, 62245.4152, 0
62246.0, 0.00, 0, 10.55, 31, 0.46, 1, 8.6, 19.2, -1.0,0.0000, 0.0000, 62245.9759, 62246.4156, 0
62247.0, 4.20, 12, 6.37, 19, 0.46, 1, 8.6, 19.3, 12.9,62246.9753, 62247.1504, 62247.1504, 62247.4159, 0
62248.0, 5.25, 15, 5.35, 16, 0.46, 1, 8.7, 19.3, 14.0,62247.9746, 62248.1933, 62248.1933, 62248.4163, 0
62249.0, 6.31, 18, 4.31, 12, 0.46, 1, 8.7, 19.4, 15.1,62248.9740, 62249.2370, 62249.2370, 62249.4166, 0
62250.0, 7.39, 22, 3.25, 9, 0.46, 1, 8.8, 19.5, 16.2,62249.9734, 62250.2814, 62250.2814, 62250.4170, 0
62251.0, 8.50, 25, 2.17, 6, 0.46, 1, 8.9, 19.6, 17.4,62250.9728, 62251.3269, 62251.3269, 62251.4173, 0
62252.0, 9.63, 28, 1.06, 3, 0.46, 1, 8.9, 19.6, 18.6,62251.9722, 62252.3737, 62252.3737, 62252.4177, 0
62253.0, 10.71, 32, 0.00, 0, 0.46, 1, 9.0, 19.7, -1.0,62252.9716, 62253.4180, 0.0000, 0.0000, 0
62254.0, 10.74, 32, 0.00, 0, 0.46, 1, 9.0, 19.8, -1.0,62253.9711, 62254.4184, 0.0000, 0.0000, 1
62255.0, 10.76, 32, 0.00, 0, 0.46, 1, 9.1, 19.8, -1.0,62254.9705, 62255.4187, 0.0000, 0.0000, 0
62256.0, 10.78, 32, 0.00, 0, 0.46, 1, 9.1, 19.9, -1.0,62255.9700, 62256.4191, 0.0000, 0.0000, 0
62257.0, 9.94, 29, 0.86, 2, 0.46, 1, 9.2, 20.0, 10.0,62257.0054, 62257.4194, 62256.9695, 62257.0054, 0
62258.0, 8.91, 26, 1.91, 5, 0.47, 1, 9.2, 20.1, 11.1,62258.0486, 62258.4198, 62257.9690, 62258.0486, 0
62259.0, 7.87, 23, 2.97, 8, 0.47, 1, 9.3, 20.1, 12.3,62259.0922, 62259.4201, 62258.9685, 62259.0922, 0
62260.0, 6.86, 20, 4.00, 12, 0.47, 1, 9.3, 20.2, 13.3,62260.1347, 62260.4205, 62259.9680, 62260.1347, 0
62261.0, 5.89, 17, 4.99, 14, 0.47, 1, 9.4, 20.3, 14.4,62261.1754, 62261.4208, 62260.9675, 62261.1754, 0
62262.0, 4.97, 14, 5.93, 17, 0.47, 1, 9.4, 20.4, 15.4,62262.2142, 62262.4212, 62261.9670, 62262.2142, 0
62263.0, 0.00, 0, 10.92, 32, 0.47, 1, 9.5, 20.4, -1.0,0.0000, 0.0000, 62262.9666, 62263.4216, 0
62264.0, 0.00, 0, 10.94, 32, 0.47, 1, 9.5, 20.5, -1.0,0.0000, 0.0000, 62263.9661, 62264.4219, 0
62265.0, 0.00, 0, 10.96, 32, 0.47, 1, 9.6, 20.6, -1.0,0.0000, 0.0000, 62264.9657, 62265.4223, 0
62266.0, 0.00, 0, 10.97, 32, 0.47, 1, 9.7, 20.7, -1.0,0.0000, 0.0000, 62265.9653, 62266.4226, 0
62267.0, 0.00, 0, 10.99, 32, 0.47, 1, 9.7, 20.7, -1.0,0.0000, 0.0000, 62266.9649, 62267.4230, 0
62268.0, 0.00, 0, 11.01, 33, 0.47, 1, 9.8, 20.8, -1.0,0.0000, 0.0000, 62267.9645, 62268.4233, 0
62269.0, 0.00, 0, 11.03, 33, 0.47, 1, 9.8, 20.9, -1.0,0.0000, 0.0000, 62268.9642, 62269.4237, 0
62270.0, 0.00, 0, 11.04, 33, 0.47, 1, 9.9, 21.0, -1.0,0.0000, 0.0000, 62269.9638, 62270.4240, 0
62271.0, 0.00, 0, 11.06, 33, 0.47, 1, 9.9, 21.0, -1.0,0.0000, 0.0000, 62270.9635, 62271.4243, 0
62272.0, 0.00, 0, 11.08, 33, 0.47, 1, 10.0, 21.1, -1.0,0.0000, 0.0000, 62271.9632, 62272.4247, 0
62273.0, 0.00, 0, 11.09, 33, 0.47, 1, 10.1, 21.2, -1.0,0.0000, 0.0000, 62272.9629, 62273.4250, 0
62274.0, 0.00, 0, 11.11, 33, 0.47, 1, 10.1, 21.3, -1.0,0.0000, 0.0000, 62273.9626, 62274.4254, 0
62275.0, 0.00, 0, 11.12, 33, 0.47, 1, 10.2, 21.3, -1.0,0.0000, 0.0000, 62274.9623, 62275.4257, 0
62276.0, 4.46, 13, 6.68, 20, 0.48, 1, 10.2, 21.4, 14.7,62275.9620, 62276.1478, 62276.1478, 62276.4261, 0
62277.0, 5.49, 16, 5.66, 16, 0.48, 1, 10.3, 21.5, 15.8,62276.9618, 62277.1907, 62277.1907, 62277.4264, 0
62278.0, 6.54, 19, 4.62, 13, 0.48, 1, 10.4, 21.6, 16.9,62277.9615, 62278.2342, 62278.2342, 62278.4267, 0
62279.0, 7.62, 22, 3.56, 10, 0.48, 1, 10.4, 21.6, 18.1,62278.9613, 62279.2786, 62279.2786, 62279.4271, 0
62280.0, 8.72, 26, 2.47, 7, 0.48, 1, 10.5, 21.7, 19.2,62279.9611, 62280.3245, 62280.3245, 62280.4274, 0
62281.0, 9.87, 29, 1.33, 4, 0.48, 1, 10.5, 21.8, 20.4,62280.9609, 62281.3721, 62281.3721, 62281.4277, 0
62282.0, 11.22, 33, 0.00, 0, 0.48, 1, 10.6, 21.8, -1.0,62281.9607, 62282.4280, 0.0000, 0.0000, 0
62283.0, 11.23, 33, 0.00, 0, 0.48, 1, 10.7, 21.9, -1.0,62282.9606, 62283.4284, 0.0000, 0.0000, 1
62284.0, 11.24, 33, 0.00, 0, 0.48, 1, 10.7, 22.0, -1.0,62283.9604, 62284.4287, 0.0000, 0.0000, 0
62285.0, 11.25, 33, 0.00, 0, 0.48, 1, 10.8, 22.1, -1.0,62284.9603, 62285.4290, 0.0000, 0.0000, 0
62286.0, 10.40, 31, 0.86, 2, 0.48, 1, 10.8, 22.1, 11.7,62285.9962, 62286.4293, 62285.9601, 62285.9962, 0
62287.0, 9.34, 28, 1.93, 5, 0.48, 1, 10.9, 22.2, 12.8,62287.0404, 62287.4296, 62286.9600, 62287.0404, 0
62288.0, 8.32, 24, 2.96, 8, 0.48, 1, 11.0, 22.3, 13.9,62288.0831, 62288.4299, 62287.9599, 62288.0831, 0
62289.0, 7.36, 22, 3.93, 11, 0.48, 1, 11.0, 22.4, 15.0,62289.1237, 62289.4302, 62288.9598, 62289.1237, 0
62290.0, 6.44, 19, 4.86, 14, 0.48, 1, 11.1, 22.4, 16.0,62290.1624, 62290.4305, 62289.9598, 62290.1624, 0
62291.0, 5.55, 16, 5.76, 17, 0.48, 1, 11.2, 22.5, 16.9,62291.1996, 62291.4308, 62290.9597, 62291.1996, 0
62292.0, 4.68, 14, 6.63, 19, 0.48, 1, 11.2, 22.6, 17.9,62292.2360, 62292.4311, 62291.9597, 62292.2360, 0
62293.0, 0.00, 0, 11.32, 33, 0.48, 1, 11.3, 22.6, -1.0,0.0000, 0.0000, 62292.9597, 62293.4313, 0
62294.0, 0.00, 0, 11.33, 33, 0.48, 1, 11.4, 22.7, -1.0,0.0000, 0.0000, 62293.9596, 62294.4316, 0
62295.0, 0.00, 0, 11.33, 34, 0.48, 1, 11.4, 22.8, -1.0,0.0000, 0.0000, 62294.9596, 62295.4319, 0
62296.0, 0.00, 0, 11.34, 34, 0.48, 1, 11.5, 22.9, -1.0,0.0000, 0.0000, 62295.9596, 62296.4321, 0
62297.0, 0.00, 0, 11.35, 34, 0.48, 1, 11.6, 22.9, -1.0,0.0000, 0.0000, 62296.9597, 62297.4324, 0
62298.0, 0.00, 0, 11.35, 34, 0.48, 1, 11.6, 23.0, -1.0,0.0000, 0.0000, 62297.9597, 62298.4326, 0
62299.0, 0.00, 0, 11.35, 34, 0.48, 1, 11.7, 23.1, -1.0,0.0000, 0.0000, 62298.9598, 62299.4329, 0
62300.0, 0.00, 0, 11.36, 34, 0.48, 1, 11.8, 23.1, -1.0,0.0000, 0.0000, 62299.9598, 62300.4331, 0
62301.0, 0.00, 0, 11.36, 34, 0.48, 1, 11.8, 23.2, -1.0,0.0000, 0.0000, 62300.9599, 62301.4333, 0
62302.0, 0.00, 0, 11.37, 34, 0.49, 1, 11.9, 23.3, -1.0,0.0000, 0.0000, 62301.9600, 62302.4335, 0
62303.0, 0.00, 0, 11.37, 34, 0.49, 1, 12.0, 23.4, -1.0,0.0000, 0.0000, 62302.9601, 62303.4337, 0
62304.0, 0.00, 0, 11.37, 34, 0.49, 1, 12.0, 23.4, -1.0,0.0000, 0.0000, 62303.9602, 62304.4339, 0
62305.0, 0.00, 0, 11.37, 34, 0.49, 1, 12.1, 23.5, -1.0,0.0000, 0.0000, 62304.9603, 62305.4341, 0
62306.0, 5.50, 16, 5.88, 17, 0.49, 1, 12.2, 23.6, 17.7,62305.9604, 62306.1894, 62306.1894, 62306.4343, 0
62307.0, 6.55, 19, 4.82, 14, 0.49, 1, 12.2, 23.6, 18.8,62306.9605, 62307.2336, 62307.2336, 62307.4344, 0
62308.0, 7.64, 22, 3.73, 11, 0.49, 1, 12.3, 23.7, 20.0,62307.9607, 62308.2790, 62308.2790, 62308.4346, 0
62309.0, 8.76, 26, 2.62, 7, 0.49, 1, 12.4, 23.8, 21.2,62308.9608, 62309.3257, 62309.3257, 62309.4347, 0
62310.0, 9.88, 29, 1.49, 4, 0.49, 1, 12.4, 23.8, 22.4,62309.9610, 62310.3729, 62310.3729, 62310.4349, 0
62311.0, 11.37, 34, 0.00, 0, 0.49, 1, 12.5, 23.9, -1.0,62310.9612, 62311.4350, 0.0000, 0.0000, 0
62312.0, 11.37, 34, 0.00, 0, 0.49, 1, 12.6, 24.0, -1.0,62311.9614, 62312.4351, 0.0000, 0.0000, 1
62313.0, 11.37, 34, 0.00, 0, 0.49, 1, 12.7, 0.1, -1.0,62312.9615, 62313.4352, 0.0000, 0.0000, 0
62314.0, 11.36, 34, 0.00, 0, 0.49, 1, 12.7, 0.1, -1.0,62313.9617, 62314.4353, 0.0000, 0.0000, 0
62315.0, 10.73, 32, 0.63, 1, 0.48, 1, 12.8, 0.2, 13.4,62314.9882, 62315.4353, 62314.9619, 62314.9882, 0
62316.0, 9.72, 29, 1.64, 4, 0.48, 1, 12.9, 0.3, 14.5,62316.0304, 62316.4354, 62315.9622, 62316.0304, 0
62317.0, 8.76, 26, 2.60, 7, 0.48, 1, 12.9, 0.3, 15.5,62317.0706, 62317.4354, 62316.9624, 62317.0706, 0
62318.0, 7.83, 23, 3.51, 10, 0.48, 1, 13.0, 0.4, 16.5,62318.1091, 62318.4355, 62317.9626, 62318.1091, 0
62319.0, 6.94, 20, 4.40, 13, 0.48, 1, 13.1, 0.5, 17.5,62319.1463, 62319.4355, 62318.9628, 62319.1463, 0
62320.0, 6.06, 18, 5.28, 15, 0.48, 1, 13.2, 0.5, 18.4,62320.1830, 62320.4355, 62319.9631, 62320.1830, 0
62321.0, 5.18, 15, 6.15, 18, 0.48, 1, 13.2, 0.6, 19.4,62321.2197, 62321.4355, 62320.9633, 62321.2197, 0
62322.0, 0.00, 0, 11.33, 33, 0.48, 1, 13.3, 0.7, -1.0,0.0000, 0.0000, 62321.9636, 62322.4355, 0
62323.0, 0.00, 0, 11.32, 33, 0.48, 1, 13.4, 0.7, -1.0,0.0000, 0.0000, 62322.9638, 62323.4355, 0
62324.0, 0.00, 0, 11.31, 33, 0.48, 1, 13.4, 0.8, -1.0,0.0000, 0.0000, 62323.9641, 62324.4354, 0
62325.0, 0.00, 0, 11.30, 33, 0.48, 1, 13.5, 0.8, -1.0,0.0000, 0.0000, 62324.9644, 62325.4354, 0
62326.0, 0.00, 0, 11.30, 33, 0.48, 1, 13.6, 0.9, -1.0,0.0000, 0.0000, 62325.9647, 62326.4353, 0
62327.0, 0.00, 0, 11.29, 33, 0.48, 1, 13.7, 1.0, -1.0,0.0000, 0.0000, 62326.9649, 62327.4352, 0
62328.0, 0.00, 0, 11.28, 33, 0.48, 1, 13.7, 1.0, -1.0,0.0000, 0.0000, 62327.9652, 62328.4351, 0
62329.0, 0.00, 0, 11.27, 33, 0.48, 1, 13.8, 1.1, -1.0,0.0000, 0.0000, 62328.9655, 62329.4350, 0
62330.0, 0.00, 0, 11.26, 33, 0.48, 1, 13.9, 1.2, -1.0,0.0000, 0.0000, 62329.9658, 62330.4349, 0
62331.0, 0.00, 0, 11.25, 33, 0.48, 1, 13.9, 1.2, -1.0,0.0000, 0.0000, 62330.9661, 62331.4347, 0
62332.0, 0.00, 0, 11.24, 33, 0.48, 1, 14.0, 1.3, -1.0,0.0000, 0.0000, 62331.9664, 62332.4346, 0
62333.0, 0.00, 0, 11.23, 33, 0.48, 1, 14.1, 1.3, -1.0,0.0000, 0.0000, 62332.9667, 62333.4344, 0
62334.0, 0.00, 0, 11.21, 33, 0.48, 1, 14.2, 1.4, -1.0,0.0000, 0.0000, 62333.9670, 62334.4342, 0
62335.0, 5.36, 16, 5.85, 17, 0.48, 1, 14.2, 1.5, 19.6,62334.9673, 62335.1905, 62335.1905, 62335.4340, 0
62336.0, 6.44, 19, 4.75, 14, 0.48, 1, 14.3, 1.5, 20.8,62335.9676, 62336.2361, 62336.2361, 62336.4338, 0
62337.0, 7.54, 22, 3.64, 10, 0.48, 1, 14.4, 1.6, 21.9,62336.9679, 62337.2821, 62337.2821, 62337.4336, 0
62338.0, 8.62, 25, 2.54, 7, 0.48, 1, 14.5, 1.7, 23.1,62337.9682, 62338.3274, 62338.3274, 62338.4333, 0
62339.0, 9.64, 28, 1.51, 4, 0.48, 1, 14.5, 1.7, 0.2,62338.9685, 62339.3703, 62339.3703, 62339.4331, 0
62340.0, 10.57, 31, 0.56, 1, 0.47, 1, 14.6, 1.8, 1.2,62339.9688, 62340.4093, 62340.4093, 62340.4328, 0
62341.0, 11.12, 33, 0.00, 0, 0.47, 1, 14.7, 1.8, -1.0,62340.9692, 62341.4325, 0.0000, 0.0000, 0
62342.0, 11.11, 33, 0.00, 0, 0.47, 1, 14.8, 1.9, -1.0,62341.9695, 62342.4322, 0.0000, 0.0000, 1
62343.0, 11.09, 33, 0.00, 0, 0.47, 1, 14.8, 1.9, -1.0,62342.9698, 62343.4319, 0.0000, 0.0000, 0
62344.0, 11.08, 33, 0.00, 0, 0.47, 1, 14.9, 2.0, -1.0,62343.9701, 62344.4316, 0.0000, 0.0000, 0
62345.0, 9.93, 29, 1.13, 3, 0.47, 1, 15.0, 2.1, 16.1,62345.0176, 62345.4312, 62344.9704, 62345.0176, 0
62346.0, 9.01, 27, 2.04, 6, 0.47, 1, 15.0, 2.1, 17.1,62346.0556, 62346.4309, 62345.9707, 62346.0556, 0
62347.0, 8.10, 24, 2.92, 8, 0.47, 1, 15.1, 2.2, 18.0,62347.0928, 62347.4305, 62346.9711, 62347.0928, 0
62348.0, 7.21, 21, 3.80, 11, 0.47, 1, 15.2, 2.2, 19.0,62348.1297, 62348.4301, 62347.9714, 62348.1297, 0
62349.0, 6.31, 18, 4.68, 14, 0.47, 1, 15.3, 2.3, 20.0,62349.1667, 62349.4297, 62348.9717, 62349.1667, 0
62350.0, 5.40, 16, 5.57, 16, 0.47, 1, 15.3, 2.3, 20.9,62350.2041, 62350.4293, 62349.9720, 62350.2041, 0
62351.0, 4.48, 13, 6.47, 19, 0.47, 1, 15.4, 2.4, 21.9,62351.2420, 62351.4288, 62350.9723, 62351.2420, 0
62352.0, 0.00, 0, 10.94, 32, 0.47, 1, 15.5, 2.5, -1.0,0.0000, 0.0000, 62351.9727, 62352.4284, 0
62353.0, 0.00, 0, 10.92, 32, 0.47, 1, 15.6, 2.5, -1.0,0.0000, 0.0000, 62352.9730, 62353.4279, 0
62354.0, 0.00, 0, 10.90, 32, 0.47, 1, 15.6, 2.6, -1.0,0.0000, 0.0000, 62353.9733, 62354.4275, 0
62355.0, 0.00, 0, 10.88, 32, 0.47, 1, 15.7, 2.6, -1.0,0.0000, 0.0000, 62354.9736, 62355.4270, 0
62356.0, 0.00, 0, 10.86, 32, 0.47, 1, 15.8, 2.7, -1.0,0.0000, 0.0000, 62355.9739, 62356.4265, 0
62357.0, 0.00, 0, 10.84, 32, 0.47, 1, 15.9, 2.7, -1.0,0.0000, 0.0000, 62356.9742, 62357.4260, 0
62358.0, 0.00, 0, 10.82, 32, 0.47, 1, 15.9, 2.8, -1.0,0.0000, 0.0000, 62357.9746, 62358.4255, 0
62359.0, 0.00, 0, 10.80, 32, 0.46, 1, 16.0, 2.8, -1.0,0.0000, 0.0000, 62358.9749, 62359.4249, 0
62360.0, 0.00, 0, 10.78, 32, 0.46, 1, 16.1, 2.9, -1.0,0.0000, 0.0000, 62359.9752, 62360.4244, 0
62361.0, 0.00, 0, 10.76, 32, 0.46, 1, 16.1, 2.9, -1.0,0.0000, 0.0000, 62360.9755, 62361.4238, 0
62362.0, 0.00, 0, 10.74, 32, 0.46, 1, 16.2, 3.0, -1.0,0.0000, 0.0000, 62361.9758, 62362.4232, 0
62363.0, 0.00, 0, 10.72, 32, 0.46, 1, 16.3, 3.0, -1.0,0.0000, 0.0000, 62362.9761, 62363.4226, 0
62364.0, 5.21, 15, 5.48, 16, 0.46, 1, 16.4, 3.1, 21.6,62363.9765, 62364.1937, 62364.1937, 62364.4220, 0
62365.0, 6.30, 18, 4.37, 13, 0.46, 1, 16.4, 3.1, 22.8,62364.9768, 62365.2392, 62365.2392, 62365.4214, 0
62366.0, 7.33, 21, 3.32, 9, 0.46, 1, 16.5, 3.2, 23.9,62365.9771, 62366.2824, 62366.2824, 62366.4208, 0
62367.0, 8.27, 24, 2.35, 7, 0.46, 1, 16.6, 3.2, 0.9,62366.9774, 62367.3221, 62367.3221, 62367.4202, 0
62368.0, 9.11, 27, 1.49, 4, 0.46, 1, 16.7, 3.3, 1.8,62367.9777, 62368.3575, 62368.3575, 62368.4195, 0
62369.0, 9.85, 29, 0.73, 2, 0.46, 1, 16.7, 3.3, 2.6,62368.9780, 62369.3885, 62369.3885, 62369.4189, 0
62370.0, 10.56, 31, 0.00, 0, 0.46, 1, 16.8, 3.4, -1.0,62369.9783, 62370.4182, 0.0000, 0.0000, 0
62371.0, 10.53, 31, 0.00, 0, 0.46, 1, 16.9, 3.4, -1.0,62370.9787, 62371.4175, 0.0000, 0.0000, 1
62372.0, 10.51, 31, 0.00, 0, 0.46, 1, 17.0, 3.5, -1.0,62371.9790, 62372.4169, 0.0000, 0.0000, 0
62373.0, 10.48, 31, 0.00, 0, 0.46, 1, 17.0, 3.5, -1.0,62372.9793, 62373.4162, 0.0000, 0.0000, 0
62374.0, 9.89, 29, 0.57, 1, 0.46, 1, 17.1, 3.6, 17.7,62374.0032, 62374.4154, 62373.9796, 62374.0032, 0
62375.0, 8.99, 26, 1.45, 4, 0.46, 1, 17.2, 3.6, 18.6,62375.0402, 62375.4147, 62374.9799, 62375.0402, 0
62376.0, 8.08, 24, 2.33, 6, 0.46, 1, 17.2, 3.7, 19.6,62376.0772, 62376.4140, 62375.9802, 62376.0772, 0
62377.0, 7.17, 21, 3.21, 9, 0.46, 1, 17.3, 3.7, 20.5,62377.1144, 62377.4133, 62376.9805, 62377.1144, 0
62378.0, 6.25, 18, 4.11, 12, 0.46, 1, 17.4, 3.8, 21.5,62378.1519, 62378.4125, 62377.9809, 62378.1519, 0
62379.0, 5.33, 15, 5.00, 15, 0.46, 1, 17.5, 3.8, 22.5,62379.1896, 62379.4118, 62378.9812, 62379.1896, 0
62380.0, 4.42, 13, 5.89, 17, 0.46, 1, 17.5, 3.9, 23.4,62380.2269, 62380.4110, 62379.9815, 62380.2269, 0
62381.0, 3.53, 10, 6.75, 20, 0.46, 1, 17.6, 3.9, 0.4,62381.2631, 62381.4103, 62380.9818, 62381.2631, 0
62382.0, 0.00, 0, 10.26, 30, 0.46, 1, 17.7, 4.0, -1.0,0.0000, 0.0000, 62381.9821, 62382.4095, 0
62383.0, 0.00, 0, 10.23, 30, 0.46, 1, 17.8, 4.0, -1.0,0.0000, 0.0000, 62382.9825, 62383.4087, 0
62384.0, 0.00, 0, 10.20, 30, 0.46, 1, 17.8, 4.1, -1.0,0.0000, 0.0000, 62383.9828, 62384.4079, 0
62385.0, 0.00, 0, 10.18, 30, 0.46, 1, 17.9, 4.1, -1.0,0.0000, 0.0000, 62384.9831, 62385.4071, 0
62386.0, 0.00, 0, 10.15, 30, 0.46, 1, 18.0, 4.2, -1.0,0.0000, 0.0000, 62385.9834, 62386.4063, 0
62387.0, 0.00, 0, 10.12, 30, 0.46, 1, 18.1, 4.2, -1.0,0.0000, 0.0000, 62386.9838, 62387.4055, 0
62388.0, 0.00, 0, 10.09, 30, 0.46, 1, 18.1, 4.2, -1.0,0.0000, 0.0000, 62387.9841, 62388.4047, 0
62389.0, 0.00, 0, 10.07, 30, 0.46, 1, 18.2, 4.3, -1.0,0.0000, 0.0000, 62388.9844, 62389.4039, 0
62390.0, 0.00, 0, 10.04, 30, 0.46, 1, 18.3, 4.3, -1.0,0.0000, 0.0000, 62389.9848, 62390.4030, 0
62391.0, 0.00, 0, 10.01, 30, 0.46, 1, 18.3, 4.4, -1.0,0.0000, 0.0000, 62390.9851, 62391.4022, 0
62392.0, 0.00, 0, 9.98, 29, 0.46, 1, 18.4, 4.4, -1.0,0.0000, 0.0000, 62391.9855, 62392.4014, 0
62393.0, 5.01, 15, 4.95, 14, 0.46, 1, 18.5, 4.5, 23.5,62392.9858, 62393.1944, 62393.1944, 62393.4005, 0
62394.0, 5.99, 17, 3.94, 11, 0.46, 1, 18.6, 4.5, 0.6,62393.9862, 62394.2356, 62394.2356, 62394.3997, 0
62395.0, 6.86, 20, 3.04, 9, 0.46, 1, 18.6, 4.6, 1.5,62394.9865, 62395.2723, 62395.2723, 62395.3988, 0
62396.0, 7.62, 22, 2.24, 6, 0.46, 1, 18.7, 4.6, 2.4,62395.9869, 62396.3044, 62396.3044, 62396.3980, 0
62397.0, 8.29, 24, 1.55, 4, 0.46, 1, 18.8, 4.7, 3.1,62396.9872, 62397.3326, 62397.3326, 62397.3971, 0
62398.0, 8.88, 26, 0.93, 2, 0.46, 1, 18.9, 4.7, 3.8,62397.9876, 62398.3577, 62398.3577, 62398.3963, 0
62399.0, 9.78, 29, 0.00, 0, 0.46, 1, 18.9, 4.7, -1.0,62398.9880, 62399.3954, 0.0000, 0.0000, 0
62400.0, 9.75, 29, 0.00, 0, 0.46, 1, 19.0, 4.8, -1.0,62399.9883, 62400.3945, 0.0000, 0.0000, 0
62401.0, 9.72, 29, 0.00, 0, 1.07, 3, 19.1, 4.8, -1.0,62400.9887, 62401.3937, 0.0000, 0.0000, 1
62402.0, 9.69, 29, 0.00, 0, 1.07, 3, 19.2, 4.9, -1.0,62401.9891, 62402.3928, 0.0000, 0.0000, 0
62403.0, 9.66, 28, 0.00, 0, 1.08, 3, 19.2, 4.9, -1.0,62402.9895, 62403.3919, 0.0000, 0.0000, 0
62404.0, 8.76, 26, 0.87, 2, 1.08, 3, 19.3, 5.0, 20.2,62404.0261, 62404.3910, 62403.9899, 62404.0261, 0
62405.0, 7.84, 23, 1.76, 5, 1.08, 3, 19.4, 5.0, 21.2,62405.0635, 62405.3902, 62404.9903, 62405.0635, 0
62406.0, 6.92, 20, 2.65, 7, 1.08, 3, 19.5, 5.1, 22.1,62406.1009, 62406.3893, 62405.9907, 62406.1009, 0
62407.0, 6.01, 18, 3.53, 10, 1.08, 3, 19.5, 5.1, 23.1,62407.1380, 62407.3884, 62406.9911, 62407.1380, 0
62408.0, 5.12, 15, 4.38, 13, 1.08, 3, 19.6, 5.1, 0.0,62408.1741, 62408.3875, 62407.9915, 62408.1741, 0
62409.0, 4.27, 12, 5.20, 15, 1.08, 3, 19.7, 5.2, 0.9,62409.2085, 62409.3867, 62408.9919, 62409.2085, 0
62410.0, 3.48, 10, 5.97, 17, 1.09, 3, 19.8, 5.2, 1.8,62410.2409, 62410.3858, 62409.9923, 62410.2409, 0
62411.0, 2.73, 8, 6.68, 20, 1.09, 3, 19.8, 5.3, 2.5,62411.2711, 62411.3849, 62410.9928, 62411.2711, 0
62412.0, 0.00, 0, 9.38, 28, 1.09, 3, 19.9, 5.3, -1.0,0.0000, 0.0000, 62411.9932, 62412.3840, 0
62413.0, 0.00, 0, 9.35, 28, 1.09, 3, 20.0, 5.4, -1.0,0.0000, 0.0000, 62412.9937, 62413.3832, 0
62414.0, 0.00, 0, 9.32, 27, 1.09, 3, 20.1, 5.4, -1.0,0.0000, 0.0000, 62413.9941, 62414.3823, 0
62415.0, 0.00, 0, 9.28, 27, 1.09, 3, 20.2, 5.5, -1.0,0.0000, 0.0000, 62414.9946, 62415.3814, 0
62416.0, 0.00, 0, 9.25, 27, 1.10, 3, 20.2, 5.5, -1.0,0.0000, 0.0000, 62415.9950, 62416.3805, 0
62417.0, 0.00, 0, 9.22, 27, 1.10, 3, 20.3, 5.6, -1.0,0.0000, 0.0000, 62416.9955, 62417.3797, 0
62418.0, 0.00, 0, 9.19, 27, 1.10, 3, 20.4, 5.6, -1.0,0.0000, 0.0000, 62417.9960, 62418.3788, 0
62419.0, 0.00, 0, 9.16, 27, 1.10, 3, 20.5, 5.6, -1.0,0.0000, 0.0000, 62418.9965, 62419.3780, 0
62420.0, 0.00, 0, 9.12, 27, 1.10, 3, 20.5, 5.7, -1.0,0.0000, 0.0000, 62419.9970, 62420.3771, 0
62421.0, 0.00, 0, 9.09, 27, 1.11, 3, 20.6, 5.7, -1.0,0.0000, 0.0000, 62420.9975, 62421.3763, 0
62422.0, 0.00, 0, 9.06, 27, 1.11, 3, 20.7, 5.8, -1.0,0.0000, 0.0000, 62421.9980, 62422.3754, 0
62423.0, 5.30, 15, 3.72, 11, 1.11, 3, 20.8, 5.8, 2.1,62422.9985, 62423.2194, 62423.2194, 62423.3746, 0
62424.0, 6.00, 18, 2.99, 8, 1.11, 3, 20.9, 5.9, 2.9,62423.9990, 62424.2491, 62424.2491, 62424.3737, 0
62425.0, 6.62, 19, 2.34, 7, 1.12, 3, 20.9, 5.9, 3.6,62424.9995, 62425.2752, 62425.2752, 62425.3729, 0
62426.0, 7.17, 21, 1.76, 5, 1.12, 3, 21.0, 6.0, 4.2,62426.0001, 62426.2987, 62426.2987, 62426.3721, 0
62427.0, 7.68, 23, 1.22, 3, 1.12, 3, 21.1, 6.0, 4.8,62427.0006, 62427.3205, 62427.3205, 62427.3713, 0
62428.0, 8.17, 24, 0.69, 2, 1.13, 3, 21.2, 6.1, 5.4,62428.0012, 62428.3416, 62428.3416, 62428.3705, 0
62429.0, 8.83, 26, 0.00, 0, 1.13, 3, 21.2, 6.1, -1.0,62429.0017, 62429.3696, 0.0000, 0.0000, 0
62430.0, 8.80, 26, 0.00, 0, 1.13, 3, 21.3, 6.1, -1.0,62430.0023, 62430.3689, 0.0000, 0.0000, 1
62431.0, 8.76, 26, 0.00, 0, 1.13, 3, 21.4, 6.2, -1.0,62431.0029, 62431.3681, 0.0000, 0.0000, 0
62432.0, 8.73, 26, 0.00, 0, 1.14, 3, 21.5, 6.2, -1.0,62432.0034, 62432.3673, 0.0000, 0.0000, 0
62433.0, 8.70, 26, 0.00, 0, 1.14, 3, 21.6, 6.3, -1.0,62433.0040, 62433.3665, 0.0000, 0.0000, 0
62434.0, 7.56, 22, 1.11, 3, 1.14, 3, 21.6, 6.3, 22.8,62434.0509, 62434.3657, 62434.0046, 62434.0509, 0
62435.0, 6.67, 20, 1.97, 5, 1.15, 3, 21.7, 6.4, 23.7,62435.0872, 62435.3650, 62435.0052, 62435.0872, 0
62436.0, 5.82, 17, 2.79, 8, 1.15, 3, 21.8, 6.4, 0.6,62436.1219, 62436.3643, 62436.0058, 62436.1219, 0
62437.0, 5.02, 15, 3.55, 10, 1.15, 3, 21.9, 6.5, 1.4,62437.1545, 62437.3635, 62437.0065, 62437.1545, 0
62438.0, 4.27, 12, 4.26, 12, 1.16, 3, 22.0, 6.5, 2.2,62438.1847, 62438.3628, 62438.0071, 62438.1847, 0
62439.0, 3.58, 10, 4.92, 14, 1.16, 3, 22.0, 6.6, 3.0,62439.2128, 62439.3621, 62439.0077, 62439.2128, 0
62440.0, 2.93, 8, 5.54, 16, 1.16, 3, 22.1, 6.6, 3.7,62440.2391, 62440.3614, 62440.0084, 62440.2391, 0
62441.0, 0.00, 0, 8.44, 25, 1.17, 3, 22.2, 6.7, -1.0,0.0000, 0.0000, 62441.0090, 62441.3607, 0
62442.0, 0.00, 0, 8.41, 25, 1.17, 3, 22.3, 6.7, -1.0,0.0000, 0.0000, 62442.0096, 62442.3600, 0
62443.0, 0.00, 0, 8.38, 25, 1.18, 3, 22.4, 6.8, -1.0,0.0000, 0.0000, 62443.0103, 62443.3594, 0
62444.0, 0.00, 0, 8.35, 25, 1.18, 3, 22.5, 6.8, -1.0,0.0000, 0.0000, 62444.0110, 62444.3587, 0
62445.0, 0.00, 0, 8.31, 24, 1.18, 3, 22.5, 6.9, -1.0,0.0000, 0.0000, 62445.0116, 62445.3581, 0
62446.0, 0.00, 0, 8.28, 24, 1.19, 3, 22.6, 6.9, -1.0,0.0000, 0.0000, 62446.0123, 62446.3575, 0
62447.0, 0.00, 0, 8.25, 24, 1.19, 3, 22.7, 7.0, -1.0,0.0000, 0.0000, 62447.0130, 62447.3569, 0
62448.0, 0.00, 0, 8.22, 24, 1.19, 3, 22.8, 7.0, -1.0,0.0000, 0.0000, 62448.0137, 62448.3563, 0
62449.0, 0.00, 0, 8.19, 24, 1.20, 3, 22.9, 7.1, -1.0,0.0000, 0.0000, 62449.0144, 62449.3557, 0
62450.0, 0.00, 0, 8.16, 24, 1.20, 3, 22.9, 7.1, -1.0,0.0000, 0.0000, 62450.0151, 62450.3551, 0
62451.0, 0.00, 0, 8.13, 24, 1.21, 3, 23.0, 7.2, -1.0,0.0000, 0.0000, 62451.0158, 62451.3546, 0
62452.0, 4.19, 12, 3.91, 11, 1.21, 3, 23.1, 7.2, 3.3,62452.0165, 62452.1910, 62452.1910, 62452.3541, 0
62453.0, 4.77, 14, 3.31, 9, 1.21, 3, 23.2, 7.3, 4.0,62453.0172, 62453.2158, 62453.2158, 62453.3536, 0
62454.0, 5.29, 15, 2.75, 8, 1.22, 3, 23.3, 7.3, 4.6,62454.0179, 62454.2384, 62454.2384, 62454.3531, 0
62455.0, 5.79, 17, 2.23, 6, 1.22, 3, 23.4, 7.4, 5.2,62455.0186, 62455.2598, 62455.2598, 62455.3526, 0
62456.0, 6.28, 18, 1.71, 5, 1.22, 3, 23.4, 7.5, 5.7,62456.0193, 62456.2808, 62456.2808, 62456.3521, 0
62457.0, 6.77, 20, 1.19, 3, 1.23, 3, 23.5, 7.5, 6.3,62457.0200, 62457.3022, 62457.3022, 62457.3517, 0
62458.0, 7.30, 21, 0.64, 1, 1.23, 3, 23.6, 7.6, 6.9,62458.0207, 62458.3248, 62458.3248, 62458.3513, 0
62459.0, 7.91, 23, 0.00, 0, 1.24, 3, 23.7, 7.6, -1.0,62459.0214, 62459.3509, 0.0000, 0.0000, 0
62460.0, 7.88, 23, 0.00, 0, 1.24, 3, 23.8, 7.7, -1.0,62460.0221, 62460.3505, 0.0000, 0.0000, 0
62461.0, 7.86, 23, 0.00, 0, 1.24, 3, 23.9, 7.7, -1.0,62461.0228, 62461.3501, 0.0000, 0.0000, 1
62462.0, 7.83, 23, 0.00, 0, 1.25, 3, 23.9, 7.8, -1.0,62462.0235, 62462.3498, 0.0000, 0.0000, 0
62463.0, 7.81, 23, 0.00, 0, 1.25, 3, 0.0, 7.8, -1.0,62463.0242, 62463.3495, 0.0000, 0.0000, 0
62464.0, 6.71, 20, 1.08, 3, 1.25, 3, 0.1, 7.9, 1.2,62464.0697, 62464.3492, 62464.0249, 62464.0697, 0
62465.0, 5.96, 17, 1.80, 5, 1.26, 3, 0.2, 8.0, 2.0,62465.1006, 62465.3489, 62465.0256, 62465.1006, 0
62466.0, 5.27, 15, 2.47, 7, 1.26, 3, 0.3, 8.0, 2.7,62466.1290, 62466.3487, 62466.0263, 62466.1290, 0
62467.0, 4.63, 13, 3.08, 9, 1.26, 3, 0.3, 8.1, 3.4,62467.1553, 62467.3484, 62467.0269, 62467.1553, 0
62468.0, 4.03, 12, 3.66, 10, 1.27, 3, 0.4, 8.1, 4.1,62468.1802, 62468.3482, 62468.0276, 62468.1802, 0
62469.0, 3.44, 10, 4.23, 12, 1.27, 3, 0.5, 8.2, 4.8,62469.2045, 62469.3480, 62469.0283, 62469.2045, 0
62470.0, 2.85, 8, 4.80, 14, 1.27, 3, 0.6, 8.3, 5.4,62470.2290, 62470.3479, 62470.0290, 62470.2290, 0
62471.0, 0.00, 0, 7.63, 22, 1.28, 3, 0.7, 8.3, -1.0,0.0000, 0.0000, 62471.0296, 62471.3477, 0
62472.0, 0.00, 0, 7.62, 22, 1.28, 3, 0.8, 8.4, -1.0,0.0000, 0.0000, 62472.0303, 62472.3476, 0
62473.0, 0.00, 0, 7.60, 22, 1.28, 3, 0.8, 8.5, -1.0,0.0000, 0.0000, 62473.0309, 62473.3475, 0
62474.0, 0.00, 0, 7.58, 22, 1.29, 3, 0.9, 8.5, -1.0,0.0000, 0.0000, 62474.0315, 62474.3474, 0
62475.0, 0.00, 0, 7.57, 22, 1.29, 3, 1.0, 8.6, -1.0,0.0000, 0.0000, 62475.0322, 62475.3474, 0
62476.0, 0.00, 0, 7.55, 22, 1.29, 3, 1.1, 8.7, -1.0,0.0000, 0.0000, 62476.0328, 62476.3474, 0
62477.0, 0.00, 0, 7.54, 22, 1.29, 3, 1.2, 8.7, -1.0,0.0000, 0.0000, 62477.0334, 62477.3474, 0
62478.0, 0.00, 0, 7.52, 22, 1.29, 3, 1.2, 8.8, -1.0,0.0000, 0.0000, 62478.0340, 62478.3474, 0
62479.0, 0.00, 0, 7.51, 22, 1.30, 3, 1.3, 8.9, -1.0,0.0000, 0.0000, 62479.0345, 62479.3475, 0
62480.0, 0.00, 0, 7.50, 22, 1.30, 3, 1.4, 8.9, -1.0,0.0000, 0.0000, 62480.0351, 62480.3475, 0
62481.0, 0.00, 0, 7.49, 22, 1.30, 3, 1.5, 9.0, -1.0,0.0000, 0.0000, 62481.0356, 62481.3476, 0
62482.0, 3.37, 10, 4.10, 12, 1.30, 3, 1.6, 9.1, 4.9,62482.0362, 62482.1767, 62482.1767, 62482.3478, 0
62483.0, 3.88, 11, 3.59, 10, 1.30, 3, 1.6, 9.1, 5.5,62483.0367, 62483.1982, 62483.1982, 62483.3479, 0
62484.0, 4.38, 13, 3.08, 9, 1.30, 3, 1.7, 9.2, 6.1,62484.0372, 62484.2196, 62484.2196, 62484.3481, 0
62485.0, 4.90, 14, 2.56, 7, 1.31, 3, 1.8, 9.3, 6.7,62485.0377, 62485.2417, 62485.2417, 62485.3483, 0
62486.0, 5.46, 16, 1.99, 5, 1.31, 3, 1.9, 9.3, 7.3,62486.0381, 62486.2654, 62486.2654, 62486.3485, 0
62487.0, 6.07, 18, 1.38, 4, 1.31, 3, 1.9, 9.4, 8.0,62487.0386, 62487.2913, 62487.2913, 62487.3487, 0
62488.0, 6.74, 20, 0.70, 2, 1.31, 3, 2.0, 9.5, 8.8,62488.0390, 62488.3200, 62488.3200, 62488.3490, 0
62489.0, 7.44, 22, 0.00, 0, 1.31, 3, 2.1, 9.6, -1.0,62489.0394, 62489.3493, 0.0000, 0.0000, 0
62490.0, 7.44, 22, 0.00, 0, 1.31, 3, 2.2, 9.6, -1.0,62490.0398, 62490.3496, 0.0000, 0.0000, 1
62491.0, 7.43, 22, 0.00, 0, 1.31, 3, 2.2, 9.7, -1.0,62491.0401, 62491.3499, 0.0000, 0.0000, 0
62492.0, 7.43, 22, 0.00, 0, 1.31, 3, 2.3, 9.8, -1.0,62492.0405, 62492.3503, 0.0000, 0.0000, 0
62493.0, 7.44, 22, 0.00, 0, 1.31, 3, 2.4, 9.8, -1.0,62493.0408, 62493.3506, 0.0000, 0.0000, 0
62494.0, 6.68, 20, 0.76, 2, 1.31, 3, 2.5, 9.9, 3.2,62494.0729, 62494.3510, 62494.0411, 62494.0729, 0
62495.0, 6.08, 18, 1.36, 4, 1.31, 3, 2.5, 10.0, 3.9,62495.0982, 62495.3514, 62495.0414, 62495.0982, 1
62496.0, 5.51, 16, 1.94, 5, 1.31, 3, 2.6, 10.1, 4.6,62496.1224, 62496.3519, 62496.0417, 62496.1224, 1
62497.0, 4.94, 14, 2.51, 7, 1.31, 3, 2.7, 10.1, 5.2,62497.1464, 62497.3523, 62497.0419, 62497.1464, 0
62498.0, 4.36, 13, 3.09, 9, 1.31, 3, 2.8, 10.2, 5.9,62498.1709, 62498.3528, 62498.0421, 62498.1709, 0
62499.0, 3.75, 11, 3.72, 11, 1.30, 3, 2.8, 10.3, 6.5,62499.1971, 62499.3533, 62499.0423, 62499.1971, 0
62500.0, 0.00, 0, 7.47, 22, 1.30, 3, 2.9, 10.4, -1.0,0.0000, 0.0000, 62500.0425, 62500.3538, 0
62501.0, 0.00, 0, 7.48, 22, 1.30, 3, 3.0, 10.5, -1.0,0.0000, 0.0000, 62501.0426, 62501.3543, 0
62502.0, 0.00, 0, 7.49, 22, 1.30, 3, 3.0, 10.5, -1.0,0.0000, 0.0000, 62502.0427, 62502.3548, 0
62503.0, 0.00, 0, 7.50, 22, 1.30, 3, 3.1, 10.6, -1.0,0.0000, 0.0000, 62503.0428, 62503.3554, 0
62504.0, 0.00, 0, 7.51, 22, 1.30, 3, 3.2, 10.7, -1.0,0.0000, 0.0000, 62504.0429, 62504.3560, 0
62505.0, 0.00, 0, 7.53, 22, 1.29, 3, 3.2, 10.8, -1.0,0.0000, 0.0000, 62505.0430, 62505.3566, 0
62506.0, 0.00, 0, 7.54, 22, 1.29, 3, 3.3, 10.9, -1.0,0.0000, 0.0000, 62506.0430, 62506.3572, 0
62507.0, 0.00, 0, 7.55, 22, 1.29, 3, 3.4, 10.9, -1.0,0.0000, 0.0000, 62507.0430, 62507.3578, 0
62508.0, 0.00, 0, 7.57, 22, 1.29, 3, 3.4, 11.0, -1.0,0.0000, 0.0000, 62508.0430, 62508.3584, 0
62509.0, 0.00, 0, 7.59, 22, 1.28, 3, 3.5, 11.1, -1.0,0.0000, 0.0000, 62509.0430, 62509.3590, 0
62510.0, 0.00, 0, 7.60, 22, 1.28, 3, 3.6, 11.2, -1.0,0.0000, 0.0000, 62510.0429, 62510.3597, 0
62511.0, 2.23, 6, 5.39, 16, 1.28, 3, 3.6, 11.3, 5.9,62511.0428, 62511.1359, 62511.1359, 62511.3604, 0
62512.0, 2.77, 8, 4.87, 14, 1.28, 3, 3.7, 11.3, 6.5,62512.0427, 62512.1581, 62512.1581, 62512.3610, 0
62513.0, 3.33, 9, 4.33, 12, 1.27, 3, 3.7, 11.4, 7.1,62513.0426, 62513.1812, 62513.1812, 62513.3617, 0
62514.0, 3.93, 11, 3.75, 11, 1.27, 3, 3.8, 11.5, 7.8,62514.0424, 62514.2062, 62514.2062, 62514.3624, 0
62515.0, 4.59, 13, 3.11, 9, 1.27, 3, 3.9, 11.6, 8.5,62515.0423, 62515.2337, 62515.2337, 62515.3631, 0
62516.0, 5.33, 15, 2.39, 7, 1.26, 3, 3.9, 11.7, 9.3,62516.0421, 62516.2641, 62516.2641, 62516.3638, 0
62517.0, 6.14, 18, 1.60, 4, 1.26, 3, 4.0, 11.8, 10.2,62517.0418, 62517.2978, 62517.2978, 62517.3645, 0
62518.0, 7.03, 21, 0.74, 2, 1.26, 3, 4.1, 11.8, 11.1,62518.0416, 62518.3345, 62518.3345, 62518.3652, 0
62519.0, 7.79, 23, 0.00, 0, 1.25, 3, 4.1, 11.9, -1.0,62519.0413, 62519.3659, 0.0000, 0.0000, 0
62520.0, 7.81, 23, 0.00, 0, 1.25, 3, 4.2, 12.0, -1.0,62520.0410, 62520.3666, 0.0000, 0.0000, 1
62521.0, 7.84, 23, 0.00, 0, 1.25, 3, 4.2, 12.1, -1.0,62521.0407, 62521.3674, 0.0000, 0.0000, 0
62522.0, 7.86, 23, 0.00, 0, 1.24, 3, 4.3, 12.2, -1.0,62522.0404, 62522.3681, 0.0000, 0.0000, 0
62523.0, 7.89, 23, 0.00, 0, 1.24, 3, 4.3, 12.3, -1.0,62523.0401, 62523.3688, 0.0000, 0.0000, 0
62524.0, 7.32, 21, 0.60, 1, 1.23, 3, 4.4, 12.3, 5.0,62524.0646, 62524.3696, 62524.0397, 62524.0646, 0
62525.0, 6.75, 20, 1.20, 3, 1.23, 3, 4.5, 12.4, 5.7,62525.0892, 62525.3703, 62525.0393, 62525.0892, 0
62526.0, 6.15, 18, 1.82, 5, 1.23, 3, 4.5, 12.5, 6.3,62526.1148, 62526.3710, 62526.0389, 62526.1148, 0
62527.0, 5.50, 16, 2.50, 7, 1.22, 3, 4.6, 12.6, 7.1,62527.1425, 62527.3718, 62527.0385, 62527.1425, 0
62528.0, 4.78, 14, 3.24, 9, 1.22, 3, 4.6, 12.7, 7.9,62528.1732, 62528.3725, 62528.0380, 62528.1732, 0
62529.0, 0.00, 0, 8.06, 24, 1.22, 3, 4.7, 12.8, -1.0,0.0000, 0.0000, 62529.0376, 62529.3732, 0
62530.0, 0.00, 0, 8.09, 24, 1.21, 3, 4.7, 12.8, -1.0,0.0000, 0.0000, 62530.0371, 62530.3740, 0
62531.0, 0.00, 0, 8.11, 24, 1.21, 3, 4.8, 12.9, -1.0,0.0000, 0.0000, 62531.0366, 62531.3747, 0
62532.0, 0.00, 0, 8.14, 24, 1.20, 3, 4.8, 13.0, -1.0,0.0000, 0.0000, 62532.0361, 62532.3754, 0
62533.0, 0.00, 0, 8.17, 24, 1.20, 3, 4.9, 13.1, -1.0,0.0000, 0.0000, 62533.0356, 62533.3762, 0
62534.0, 0.00, 0, 8.21, 24, 1.20, 3, 4.9, 13.2, -1.0,0.0000, 0.0000, 62534.0350, 62534.3769, 0
62535.0, 0.00, 0, 8.24, 24, 1.19, 3, 5.0, 13.3, -1.0,0.0000, 0.0000, 62535.0345, 62535.3776, 0
62536.0, 0.00, 0, 8.27, 24, 1.19, 3, 5.0, 13.3, -1.0,0.0000, 0.0000, 62536.0339, 62536.3783, 0
62537.0, 0.00, 0, 8.30, 24, 1.18, 3, 5.1, 13.4, -1.0,0.0000, 0.0000, 62537.0333, 62537.3791, 0
62538.0, 0.00, 0, 8.33, 24, 1.18, 3, 5.2, 13.5, -1.0,0.0000, 0.0000, 62538.0327, 62538.3798, 0
62539.0, 0.00, 0, 8.36, 25, 1.18, 3, 5.2, 13.6, -1.0,0.0000, 0.0000, 62539.0321, 62539.3805, 0
62540.0, 0.00, 0, 8.39, 25, 1.17, 3, 5.3, 13.7, -1.0,0.0000, 0.0000, 62540.0314, 62540.3812, 0
62541.0, 2.17, 6, 6.26, 18, 1.17, 3, 5.3, 13.8, 7.5,62541.0308, 62541.1212, 62541.1212, 62541.3819, 0
62542.0, 2.82, 8, 5.64, 16, 1.17, 3, 5.4, 13.8, 8.2,62542.0301, 62542.1476, 62542.1476, 62542.3826, 0
62543.0, 3.53, 10, 4.96, 14, 1.16, 3, 5.4, 13.9, 8.9,62543.0295, 62543.1766, 62543.1766, 62543.3832, 0
62544.0, 4.31, 12, 4.21, 12, 1.16, 3, 5.5, 14.0, 9.8,62544.0288, 62544.2086, 62544.2086, 62544.3839, 0
62545.0, 5.17, 15, 3.38, 10, 1.16, 3, 5.5, 14.1, 10.7,62545.0281, 62545.2436, 62545.2436, 62545.3846, 0
62546.0, 6.10, 18, 2.49, 7, 1.15, 3, 5.6, 14.2, 11.7,62546.0274, 62546.2814, 62546.2814, 62546.3852, 0
62547.0, 7.07, 21, 1.55, 4, 1.15, 3, 5.6, 14.2, 12.7,62547.0267, 62547.3213, 62547.3213, 62547.3859, 0
62548.0, 8.08, 24, 0.57, 1, 1.15, 3, 5.6, 14.3, 13.8,62548.0260, 62548.3627, 62548.3627, 62548.3865, 0
62549.0, 8.69, 26, 0.00, 0, 1.14, 3, 5.7, 14.4, -1.0,62549.0252, 62549.3872, 0.0000, 0.0000, 0
62550.0, 8.72, 26, 0.00, 0, 1.14, 3, 5.7, 14.5, -1.0,62550.0245, 62550.3878, 0.0000, 0.0000, 1
62551.0, 8.75, 26, 0.00, 0, 1.14, 3, 5.8, 14.6, -1.0,62551.0237, 62551.3885, 0.0000, 0.0000, 0
62552.0, 8.79, 26, 0.00, 0, 1.13, 3, 5.8, 14.6, -1.0,62552.0230, 62552.3891, 0.0000, 0.0000, 0
62553.0, 8.82, 26, 0.00, 0, 1.13, 3, 5.9, 14.7, -1.0,62553.0222, 62553.3897, 0.0000, 0.0000, 0
62554.0, 7.94, 23, 0.91, 2, 1.13, 3, 5.9, 14.8, 6.8,62554.0593, 62554.3903, 62554.0214, 62554.0593, 0
62555.0, 7.23, 21, 1.65, 4, 1.12, 3, 6.0, 14.9, 7.6,62555.0895, 62555.3909, 62555.0206, 62555.0895, 0
62556.0, 6.44, 19, 2.48, 7, 1.12, 3, 6.0, 15.0, 8.5,62556.1231, 62556.3915, 62556.0199, 62556.1231, 0
62557.0, 5.56, 16, 3.39, 10, 1.12, 3, 6.1, 15.0, 9.5,62557.1602, 62557.3921, 62557.0191, 62557.1602, 0
62558.0, 4.61, 13, 4.38, 13, 1.12, 3, 6.1, 15.1, 10.5,62558.2007, 62558.3926, 62558.0183, 62558.2007, 0
62559.0, 0.00, 0, 9.02, 27, 1.11, 3, 6.2, 15.2, -1.0,0.0000, 0.0000, 62559.0175, 62559.3932, 0
62560.0, 0.00, 0, 9.05, 27, 1.11, 3, 6.2, 15.3, -1.0,0.0000, 0.0000, 62560.0166, 62560.3938, 0
62561.0, 0.00, 0, 9.08, 27, 1.11, 3, 6.3, 15.4, -1.0,0.0000, 0.0000, 62561.0158, 62561.3943, 0
62562.0, 0.00, 0, 9.12, 27, 1.11, 3, 6.3, 15.4, -1.0,0.0000, 0.0000, 62562.0150, 62562.3949, 0
62563.0, 0.00, 0, 9.15, 27, 1.10, 3, 6.3, 15.5, -1.0,0.0000, 0.0000, 62563.0142, 62563.3954, 0
62564.0, 0.00, 0, 9.18, 27, 1.10, 3, 6.4, 15.6, -1.0,0.0000, 0.0000, 62564.0133, 62564.3960, 0
62565.0, 0.00, 0, 9.22, 27, 1.10, 3, 6.4, 15.7, -1.0,0.0000, 0.0000, 62565.0125, 62565.3965, 0
62566.0, 0.00, 0, 9.25, 27, 1.10, 3, 6.5, 15.8, -1.0,0.0000, 0.0000, 62566.0117, 62566.3970, 0
62567.0, 0.00, 0, 9.28, 27, 1.09, 3, 6.5, 15.8, -1.0,0.0000, 0.0000, 62567.0108, 62567.3975, 0
62568.0, 0.00, 0, 9.31, 27, 1.09, 3, 6.6, 15.9, -1.0,0.0000, 0.0000, 62568.0100, 62568.3980, 0
62569.0, 0.00, 0, 9.35, 28, 1.09, 3, 6.6, 16.0, -1.0,0.0000, 0.0000, 62569.0092, 62569.3985, 0
62570.0, 0.00, 0, 9.38, 28, 1.09, 3, 6.7, 16.1, -1.0,0.0000, 0.0000, 62570.0083, 62570.3990, 0
62571.0, 2.72, 8, 6.69, 20, 1.09, 3, 6.7, 16.1, 9.4,62571.0075, 62571.1208, 62571.1208, 62571.3995, 0
62572.0, 3.54, 10, 5.90, 17, 1.09, 3, 6.8, 16.2, 10.3,62572.0066, 62572.1541, 62572.1541, 62572.4000, 0
62573.0, 4.42, 13, 5.05, 15, 1.08, 3, 6.8, 16.3, 11.2,62573.0058, 62573.1901, 62573.1901, 62573.4005, 0
62574.0, 5.36, 16, 4.14, 12, 1.08, 3, 6.8, 16.4, 12.2,62574.0049, 62574.2284, 62574.2284, 62574.4009, 0
62575.0, 6.34, 19, 3.19, 9, 1.08, 3, 6.9, 16.5, 13.3,62575.0041, 62575.2684, 62575.2684, 62575.4014, 0
62576.0, 7.35, 22, 2.21, 6, 1.08, 3, 6.9, 16.5, 14.3,62576.0032, 62576.3096, 62576.3096, 62576.4019, 0
62577.0, 8.39, 25, 1.21, 3, 1.08, 3, 7.0, 16.6, 15.4,62577.0024, 62577.3519, 62577.3519, 62577.4023, 0
62578.0, 9.63, 28, 0.00, 0, 1.08, 3, 7.0, 16.7, -1.0,62578.0015, 62578.4028, 0.0000, 0.0000, 0
62579.0, 9.66, 28, 0.00, 0, 1.08, 3, 7.1, 16.8, -1.0,62579.0007, 62579.4032, 0.0000, 0.0000, 0
62580.0, 9.69, 29, 0.00, 0, 1.07, 3, 7.1, 16.8, -1.0,62579.9998, 62580.4036, 0.0000, 0.0000, 1
62581.0, 9.72, 29, 0.00, 0, 0.46, 1, 7.2, 16.9, -1.0,62580.9990, 62581.4041, 0.0000, 0.0000, 0
62582.0, 9.75, 29, 0.00, 0, 0.46, 1, 7.2, 17.0, -1.0,62581.9982, 62582.4045, 0.0000, 0.0000, 0
62583.0, 8.85, 26, 0.94, 2, 0.46, 1, 7.3, 17.1, 8.2,62583.0364, 62583.4049, 62582.9973, 62583.0364, 0
62584.0, 7.97, 23, 1.85, 5, 0.46, 1, 7.3, 17.1, 9.2,62584.0734, 62584.4053, 62583.9965, 62584.0734, 0
62585.0, 7.01, 21, 2.84, 8, 0.46, 1, 7.3, 17.2, 10.2,62585.1138, 62585.4057, 62584.9956, 62585.1138, 0
62586.0, 5.99, 17, 3.88, 11, 0.46, 1, 7.4, 17.3, 11.3,62586.1565, 62586.4061, 62585.9948, 62586.1565, 0
62587.0, 4.96, 14, 4.94, 14, 0.46, 1, 7.4, 17.4, 12.4,62587.2000, 62587.4065, 62586.9940, 62587.2000, 0
62588.0, 0.00, 0, 9.93, 29, 0.46, 1, 7.5, 17.4, -1.0,0.0000, 0.0000, 62587.9932, 62588.4070, 0
62589.0, 0.00, 0, 9.96, 29, 0.46, 1, 7.5, 17.5, -1.0,0.0000, 0.0000, 62588.9924, 62589.4073, 0
62590.0, 0.00, 0, 9.99, 29, 0.46, 1, 7.6, 17.6, -1.0,0.0000, 0.0000, 62589.9915, 62590.4077, 0
62591.0, 0.00, 0, 10.02, 30, 0.46, 1, 7.6, 17.7, -1.0,0.0000, 0.0000, 62590.9907, 62591.4081, 0
62592.0, 0.00, 0, 10.05, 30, 0.46, 1, 7.7, 17.7, -1.0,0.0000, 0.0000, 62591.9899, 62592.4085, 0
62593.0, 0.00, 0, 10.07, 30, 0.46, 1, 7.7, 17.8, -1.0,0.0000, 0.0000, 62592.9891, 62593.4089, 0
62594.0, 0.00, 0, 10.10, 30, 0.46, 1, 7.8, 17.9, -1.0,0.0000, 0.0000, 62593.9884, 62594.4093, 0
62595.0, 0.00, 0, 10.13, 30, 0.46, 1, 7.8, 18.0, -1.0,0.0000, 0.0000, 62594.9876, 62595.4097, 0
62596.0, 0.00, 0, 10.16, 30, 0.46, 1, 7.9, 18.0, -1.0,0.0000, 0.0000, 62595.9868, 62596.4100, 0
62597.0, 0.00, 0, 10.19, 30, 0.46, 1, 7.9, 18.1, -1.0,0.0000, 0.0000, 62596.9860, 62597.4104, 0
62598.0, 0.00, 0, 10.21, 30, 0.46, 1, 8.0, 18.2, -1.0,0.0000, 0.0000, 62597.9853, 62598.4108, 0
62599.0, 0.00, 0, 10.24, 30, 0.46, 1, 8.0, 18.3, -1.0,0.0000, 0.0000, 62598.9845, 62599.4112, 0
62600.0, 0.00, 0, 10.27, 30, 0.46, 1, 8.0, 18.3, -1.0,0.0000, 0.0000, 62599.9838, 62600.4115, 0
62601.0, 3.72, 11, 6.57, 19, 0.46, 1, 8.1, 18.4, 11.8,62600.9830, 62601.1382, 62601.1382, 62601.4119, 0
62602.0, 4.66, 13, 5.66, 16, 0.46, 1, 8.1, 18.5, 12.8,62601.9823, 62602.1766, 62602.1766, 62602.4123, 0
62603.0, 5.63, 16, 4.71, 14, 0.46, 1, 8.2, 18.6, 13.8,62602.9816, 62603.2162, 62603.2162, 62603.4126, 0
62604.0, 6.63, 19, 3.75, 11, 0.46, 1, 8.2, 18.6, 14.9,62603.9808, 62604.2569, 62604.2569, 62604.4130, 0
62605.0, 7.64, 22, 2.75, 8, 0.46, 1, 8.3, 18.7, 16.0,62604.9801, 62605.2986, 62605.2986, 62605.4133, 0
62606.0, 8.69, 26, 1.73, 5, 0.46, 1, 8.3, 18.8, 17.1,62605.9794, 62606.3416, 62606.3416, 62606.4137, 0
62607.0, 9.78, 29, 0.67, 2, 0.46, 1, 8.4, 18.9, 18.2,62606.9787, 62607.3861, 62607.3861, 62607.4141, 0
62608.0, 10.47, 31, 0.00, 0, 0.46, 1, 8.4, 18.9, -1.0,62607.9780, 62608.4144, 0.0000, 0.0000, 0
62609.0, 10.50, 31, 0.00, 0, 0.46, 1, 8.5, 19.0, -1.0,62608.9774, 62609.4148, 0.0000, 0.0000, 1
62610.0, 10.52, 31, 0.00, 0, 0.46, 1, 8.5, 19.1, -1.0,62609.9767, 62610.4151, 0.0000, 0.0000, 0
62611.0, 10.55, 31, 0.00, 0, 0.46, 1, 8.6, 19.2, -1.0,62610.9761, 62611.4155, 0.0000, 0.0000, 0
62612.0, 9.44, 28, 1.13, 3, 0.46, 1, 8.6, 19.2, 9.8,62612.0224, 62612.4158, 62611.9754, 62612.0224, 0
62613.0, 8.41, 25, 2.19, 6, 0.46, 1, 8.7, 19.3, 10.9,62613.0659, 62613.4162, 62612.9748, 62613.0659, 0
62614.0, 7.34, 22, 3.28, 9, 0.46, 1, 8.7, 19.4, 12.0,62614.1107, 62614.4165, 62613.9742, 62614.1107, 0
62615.0, 6.29, 18, 4.36, 13, 0.46, 1, 8.8, 19.5, 13.2,62615.1550, 62615.4169, 62614.9735, 62615.1550, 0
62616.0, 5.27, 15, 5.40, 16, 0.46, 1, 8.8, 19.5, 14.3,62616.1979, 62616.4173, 62615.9729, 62616.1979, 0
62617.0, 0.00, 0, 10.69, 32, 0.46, 1, 8.9, 19.6, -1.0,0.0000, 0.0000, 62616.9724, 62617.4176, 0
62618.0, 0.00, 0, 10.71, 32, 0.46, 1, 8.9, 19.7, -1.0,0.0000, 0.0000, 62617.9718, 62618.4180, 0
62619.0, 0.00, 0, 10.73, 32, 0.46, 1, 9.0, 19.8, -1.0,0.0000, 0.0000, 62618.9712, 62619.4183, 0
62620.0, 0.00, 0, 10.75, 32, 0.46, 1, 9.0, 19.8, -1.0,0.0000, 0.0000, 62619.9707, 62620.4187, 0
62621.0, 0.00, 0, 10.77, 32, 0.46, 1, 9.1, 19.9, -1.0,0.0000, 0.0000, 62620.9701, 62621.4190, 0
62622.0, 0.00, 0, 10.79, 32, 0.46, 1, 9.2, 20.0, -1.0,0.0000, 0.0000, 62621.9696, 62622.4194, 0
62623.0, 0.00, 0, 10.82, 32, 0.46, 1, 9.2, 20.1, -1.0,0.0000, 0.0000, 62622.9691, 62623.4197, 0
62624.0, 0.00, 0, 10.84, 32, 0.47, 1, 9.3, 20.1, -1.0,0.0000, 0.0000, 62623.9686, 62624.4201, 0
62625.0, 0.00, 0, 10.86, 32, 0.47, 1, 9.3, 20.2, -1.0,0.0000, 0.0000, 62624.9681, 62625.4204, 0
62626.0, 0.00, 0, 10.88, 32, 0.47, 1, 9.4, 20.3, -1.0,0.0000, 0.0000, 62625.9676, 62626.4208, 0
62627.0, 0.00, 0, 10.90, 32, 0.47, 1, 9.4, 20.3, -1.0,0.0000, 0.0000, 62626.9672, 62627.4211, 0
62628.0, 0.00, 0, 10.91, 32, 0.47, 1, 9.5, 20.4, -1.0,0.0000, 0.0000, 62627.9667, 62628.4215, 0
62629.0, 0.00, 0, 10.93, 32, 0.47, 1, 9.5, 20.5, -1.0,0.0000, 0.0000, 62628.9663, 62629.4218, 0
62630.0, 0.00, 0, 10.95, 32, 0.47, 1, 9.6, 20.6, -1.0,0.0000, 0.0000, 62629.9658, 62630.4222, 0
62631.0, 4.81, 14, 6.16, 18, 0.47, 1, 9.6, 20.6, 14.5,62630.9654, 62631.1660, 62631.1660, 62631.4225, 0
62632.0, 5.78, 17, 5.21, 15, 0.47, 1, 9.7, 20.7, 15.5,62631.9650, 62632.2060, 62632.2060, 62632.4229, 0
62633.0, 6.77, 20, 4.23, 12, 0.47, 1, 9.8, 20.8, 16.6,62632.9647, 62633.2469, 62633.2469, 62633.4232, 0
62634.0, 7.80, 23, 3.22, 9, 0.47, 1, 9.8, 20.9, 17.6,62633.9643, 62634.2893, 62634.2893, 62634.4236, 0
62635.0, 8.87, 26, 2.17, 6, 0.47, 1, 9.9, 20.9, 18.8,62634.9639, 62635.3336, 62635.3336, 62635.4239, 0
62636.0, 9.99, 29, 1.06, 3, 0.47, 1, 9.9, 21.0, 19.9,62635.9636, 62636.3800, 62636.3800, 62636.4243, 0
62637.0, 11.07, 33, 0.00, 0, 0.47, 1, 10.0, 21.1, -1.0,62636.9633, 62637.4246, 0.0000, 0.0000, 0
62638.0, 11.09, 33, 0.00, 0, 0.47, 1, 10.0, 21.2, -1.0,62637.9629, 62638.4250, 0.0000, 0.0000, 1
62639.0, 11.10, 33, 0.00, 0, 0.47, 1, 10.1, 21.2, -1.0,62638.9626, 62639.4253, 0.0000, 0.0000, 0
62640.0, 11.12, 33, 0.00, 0, 0.47, 1, 10.2, 21.3, -1.0,62639.9624, 62640.4256, 0.0000, 0.0000, 0
62641.0, 9.85, 29, 1.28, 3, 0.47, 1, 10.2, 21.4, 11.5,62641.0154, 62641.4260, 62640.9621, 62641.0154, 0
62642.0, 8.75, 26, 2.40, 7, 0.48, 1, 10.3, 21.5, 12.7,62642.0618, 62642.4263, 62641.9618, 62642.0618, 0
62643.0, 7.67, 23, 3.49, 10, 0.48, 1, 10.3, 21.5, 13.8,62643.1069, 62643.4267, 62642.9616, 62643.1069, 0
62644.0, 6.65, 19, 4.53, 13, 0.48, 1, 10.4, 21.6, 14.9,62644.1499, 62644.4270, 62643.9614, 62644.1499, 0
62645.0, 5.68, 17, 5.51, 16, 0.48, 1, 10.5, 21.7, 16.0,62645.1908, 62645.4273, 62644.9612, 62645.1908, 0
62646.0, 4.74, 14, 6.46, 19, 0.48, 1, 10.5, 21.8, 17.0,62646.2300, 62646.4277, 62645.9610, 62646.2300, 0
62647.0, 0.00, 0, 11.21, 33, 0.48, 1, 10.6, 21.8, -1.0,0.0000, 0.0000, 62646.9608, 62647.4280, 0
62648.0, 0.00, 0, 11.22, 33, 0.48, 1, 10.6, 21.9, -1.0,0.0000, 0.0000, 62647.9606, 62648.4283, 0
62649.0, 0.00, 0, 11.24, 33, 0.48, 1, 10.7, 22.0, -1.0,0.0000, 0.0000, 62648.9604, 62649.4286, 0
62650.0, 0.00, 0, 11.25, 33, 0.48, 1, 10.8, 22.0, -1.0,0.0000, 0.0000, 62649.9603, 62650.4289, 0
62651.0, 0.00, 0, 11.26, 33, 0.48, 1, 10.8, 22.1, -1.0,0.0000, 0.0000, 62650.9602, 62651.4292, 0
62652.0, 0.00, 0, 11.27, 33, 0.48, 1, 10.9, 22.2, -1.0,0.0000, 0.0000, 62651.9601, 62652.4296, 0
62653.0, 0.00, 0, 11.28, 33, 0.48, 1, 11.0, 22.3, -1.0,0.0000, 0.0000, 62652.9600, 62653.4299, 0
62654.0, 0.00, 0, 11.29, 33, 0.48, 1, 11.0, 22.3, -1.0,0.0000, 0.0000, 62653.9599, 62654.4302, 0
62655.0, 0.00, 0, 11.30, 33, 0.48, 1, 11.1, 22.4, -1.0,0.0000, 0.0000, 62654.9598, 62655.4305, 0
62656.0, 0.00, 0, 11.30, 33, 0.48, 1, 11.2, 22.5, -1.0,0.0000, 0.0000, 62655.9598, 62656.4307, 0
62657.0, 0.00, 0, 11.31, 33, 0.48, 1, 11.2, 22.6, -1.0,0.0000, 0.0000, 62656.9597, 62657.4310, 0
62658.0, 0.00, 0, 11.32, 33, 0.48, 1, 11.3, 22.6, -1.0,0.0000, 0.0000, 62657.9597, 62658.4313, 0
62659.0, 0.00, 0, 11.33, 33, 0.48, 1, 11.3, 22.7, -1.0,0.0000, 0.0000, 62658.9597, 62659.4316, 0
62660.0, 4.74, 14, 6.59, 19, 0.48, 1, 11.4, 22.8, 16.2,62659.9597, 62660.1573, 62660.1573, 62660.4318, 0
62661.0, 5.72, 17, 5.62, 16, 0.48, 1, 11.5, 22.8, 17.2,62660.9597, 62661.1978, 62661.1978, 62661.4321, 0
62662.0, 6.72, 20, 4.62, 13, 0.48, 1, 11.5, 22.9, 18.3,62661.9597, 62662.2397, 62662.2397, 62662.4323, 0
62663.0, 7.77, 23, 3.58, 10, 0.48, 1, 11.6, 23.0, 19.4,62662.9597, 62663.2836, 62663.2836, 62663.4326, 0
62664.0, 8.87, 26, 2.48, 7, 0.48, 1, 11.7, 23.1, 20.6,62663.9598, 62664.3295, 62664.3295, 62664.4328, 0
62665.0, 10.01, 30, 1.34, 4, 0.48, 1, 11.7, 23.1, 21.8,62664.9598, 62665.3771, 62665.3771, 62665.4331, 0
62666.0, 11.36, 34, 0.00, 0, 0.48, 1, 11.8, 23.2, -1.0,62665.9599, 62666.4333, 0.0000, 0.0000, 0
62667.0, 11.36, 34, 0.00, 0, 0.49, 1, 11.9, 23.3, -1.0,62666.9600, 62667.4335, 0.0000, 0.0000, 1
62668.0, 11.37, 34, 0.00, 0, 0.49, 1, 11.9, 23.3, -1.0,62667.9601, 62668.4337, 0.0000, 0.0000, 0
62669.0, 11.37, 34, 0.00, 0, 0.49, 1, 12.0, 23.4, -1.0,62668.9602, 62669.4339, 0.0000, 0.0000, 0
62670.0, 10.17, 30, 1.20, 3, 0.49, 1, 12.1, 23.5, 13.3,62670.0103, 62670.4341, 62669.9603, 62670.0103, 0
62671.0, 9.08, 27, 2.29, 6, 0.49, 1, 12.2, 23.6, 14.4,62671.0558, 62671.4342, 62670.9604, 62671.0558, 0
62672.0, 8.05, 24, 3.32, 9, 0.49, 1, 12.2, 23.6, 15.6,62672.0990, 62672.4344, 62671.9605, 62672.0990, 0
62673.0, 7.07, 21, 4.31, 12, 0.49, 1, 12.3, 23.7, 16.6,62673.1401, 62673.4346, 62672.9607, 62673.1401, 0
62674.0, 6.13, 18, 5.25, 15, 0.49, 1, 12.4, 23.8, 17.6,62674.1795, 62674.4347, 62673.9608, 62674.1795, 0
62675.0, 5.21, 15, 6.16, 18, 0.49, 1, 12.4, 23.8, 18.6,62675.2177, 62675.4348, 62674.9610, 62675.2177, 0
62676.0, 0.00, 0, 11.37, 34, 0.49, 1, 12.5, 23.9, -1.0,0.0000, 0.0000, 62675.9611, 62676.4350, 0
62677.0, 0.00, 0, 11.37, 34, 0.49, 1, 12.6, 24.0, -1.0,0.0000, 0.0000, 62676.9613, 62677.4351, 0
62678.0, 0.00, 0, 11.37, 34, 0.49, 1, 12.6, 0.0, -1.0,0.0000, 0.0000, 62677.9615, 62678.4352, 0
62679.0, 0.00, 0, 11.37, 34, 0.49, 1, 12.7, 0.1, -1.0,0.0000, 0.0000, 62678.9617, 62679.4353, 0
62680.0, 0.00, 0, 11.36, 34, 0.48, 1, 12.8, 0.2, -1.0,0.0000, 0.0000, 62679.9619, 62680.4353, 0
62681.0, 0.00, 0, 11.36, 34, 0.48, 1, 12.9, 0.2, -1.0,0.0000, 0.0000, 62680.9621, 62681.4354, 0
62682.0, 0.00, 0, 11.35, 34, 0.48, 1, 12.9, 0.3, -1.0,0.0000, 0.0000, 62681.9624, 62682.4355, 0
62683.0, 0.00, 0, 11.35, 34, 0.48, 1, 13.0, 0.4, -1.0,0.0000, 0.0000, 62682.9626, 62683.4355, 0
62684.0, 0.00, 0, 11.34, 34, 0.48, 1, 13.1, 0.4, -1.0,0.0000, 0.0000, 62683.9628, 62684.4355, 0
62685.0, 0.00, 0, 11.34, 34, 0.48, 1, 13.1, 0.5, -1.0,0.0000, 0.0000, 62684.9631, 62685.4355, 0
62686.0, 0.00, 0, 11.33, 34, 0.48, 1, 13.2, 0.6, -1.0,0.0000, 0.0000, 62685.9633, 62686.4355, 0
62687.0, 0.00, 0, 11.33, 33, 0.48, 1, 13.3, 0.6, -1.0,0.0000, 0.0000, 62686.9636, 62687.4355, 0
62688.0, 0.00, 0, 11.32, 33, 0.48, 1, 13.4, 0.7, -1.0,0.0000, 0.0000, 62687.9638, 62688.4355, 0
62689.0, 0.00, 0, 11.31, 33, 0.48, 1, 13.4, 0.8, -1.0,0.0000, 0.0000, 62688.9641, 62689.4355, 0
62690.0, 5.49, 16, 5.81, 17, 0.48, 1, 13.5, 0.8, 19.0,62689.9643, 62690.1932, 62690.1932, 62690.4354, 0
62691.0, 6.53, 19, 4.76, 14, 0.48, 1, 13.6, 0.9, 20.1,62690.9646, 62691.2369, 62691.2369, 62691.4353, 0
62692.0, 7.62, 22, 3.67, 11, 0.48, 1, 13.6, 1.0, 21.3,62691.9649, 62692.2822, 62692.2822, 62692.4353, 0
62693.0, 8.72, 26, 2.56, 7, 0.48, 1, 13.7, 1.0, 22.5,62692.9652, 62693.3285, 62693.3285, 62693.4352, 0
62694.0, 9.81, 29, 1.46, 4, 0.48, 1, 13.8, 1.1, 23.6,62693.9655, 62694.3742, 62694.3742, 62694.4351, 0
62695.0, 10.84, 32, 0.42, 1, 0.48, 1, 13.9, 1.1, 0.7,62694.9658, 62695.4175, 62695.4175, 62695.4349, 0
62696.0, 11.25, 33, 0.00, 0, 0.48, 1, 13.9, 1.2, -1.0,62695.9660, 62696.4348, 0.0000, 0.0000, 1
62697.0, 11.24, 33, 0.00, 0, 0.48, 1, 14.0, 1.3, -1.0,62696.9663, 62697.4346, 0.0000, 0.0000, 0
62698.0, 11.23, 33, 0.00, 0, 0.48, 1, 14.1, 1.3, -1.0,62697.9666, 62698.4345, 0.0000, 0.0000, 0
62699.0, 10.35, 31, 0.87, 2, 0.48, 1, 14.1, 1.4, 15.0,62699.0031, 62699.4343, 62698.9669, 62699.0031, 0
62700.0, 9.31, 27, 1.89, 5, 0.48, 1, 14.2, 1.5, 16.1,62700.0462, 62700.4341, 62699.9672, 62700.0462, 0
62701.0, 8.32, 24, 2.88, 8, 0.48, 1, 14.3, 1.5, 17.2,62701.0874, 62701.4339, 62700.9675, 62701.0874, 0
62702.0, 7.36, 22, 3.82, 11, 0.48, 1, 14.4, 1.6, 18.2,62702.1271, 62702.4337, 62701.9679, 62702.1271, 0
62703.0, 6.42, 19, 4.74, 14, 0.48, 1, 14.4, 1.6, 19.2,62703.1658, 62703.4334, 62702.9682, 62703.1658, 0
62704.0, 5.50, 16, 5.65, 16, 0.48, 1, 14.5, 1.7, 20.2,62704.2038, 62704.4332, 62703.9685, 62704.2038, 0
62705.0, 4.59, 13, 6.54, 19, 0.48, 1, 14.6, 1.8, 21.2,62705.2415, 62705.4329, 62704.9688, 62705.2415, 0
62706.0, 0.00, 0, 11.12, 33, 0.47, 1, 14.7, 1.8, -1.0,0.0000, 0.0000, 62705.9691, 62706.4326, 0
62707.0, 0.00, 0, 11.11, 33, 0.47, 1, 14.7, 1.9, -1.0,0.0000, 0.0000, 62706.9694, 62707.4323, 0
62708.0, 0.00, 0, 11.09, 33, 0.47, 1, 14.8, 1.9, -1.0,0.0000, 0.0000, 62707.9697, 62708.4320, 0
62709.0, 0.00, 0, 11.08, 33, 0.47, 1, 14.9, 2.0, -1.0,0.0000, 0.0000, 62708.9701, 62709.4317, 0
62710.0, 0.00, 0, 11.06, 33, 0.47, 1, 15.0, 2.0, -1.0,0.0000, 0.0000, 62709.9704, 62710.4313, 0
62711.0, 0.00, 0, 11.05, 33, 0.47, 1, 15.0, 2.1, -1.0,0.0000, 0.0000, 62710.9707, 62711.4310, 0
62712.0, 0.00, 0, 11.03, 33, 0.47, 1, 15.1, 2.2, -1.0,0.0000, 0.0000, 62711.9710, 62712.4306, 0
62713.0, 0.00, 0, 11.01, 33, 0.47, 1, 15.2, 2.2, -1.0,0.0000, 0.0000, 62712.9713, 62713.4302, 0
62714.0, 0.00, 0, 11.00, 32, 0.47, 1, 15.2, 2.3, -1.0,0.0000, 0.0000, 62713.9716, 62714.4298, 0
62715.0, 0.00, 0, 10.98, 32, 0.47, 1, 15.3, 2.3, -1.0,0.0000, 0.0000, 62714.9720, 62715.4294, 0
62716.0, 0.00, 0, 10.96, 32, 0.47, 1, 15.4, 2.4, -1.0,0.0000, 0.0000, 62715.9723, 62716.4290, 0
62717.0, 0.00, 0, 10.94, 32, 0.47, 1, 15.5, 2.4, -1.0,0.0000, 0.0000, 62716.9726, 62717.4285, 0
62718.0, 0.00, 0, 10.92, 32, 0.47, 1, 15.5, 2.5, -1.0,0.0000, 0.0000, 62717.9729, 62718.4281, 0
62719.0, 5.27, 15, 5.64, 16, 0.47, 1, 15.6, 2.5, 20.9,62718.9732, 62719.1928, 62719.1928, 62719.4276, 0
62720.0, 6.34, 19, 4.55, 13, 0.47, 1, 15.7, 2.6, 22.0,62719.9736, 62720.2377, 62720.2377, 62720.4271, 0
62721.0, 7.40, 22, 3.46, 10, 0.47, 1, 15.8, 2.7, 23.2,62720.9739, 62721.2824, 62721.2824, 62721.4266, 0
62722.0, 8.43, 25, 2.42, 7, 0.47, 1, 15.8, 2.7, 0.3,62721.9742, 62722.3253, 62722.3253, 62722.4261, 0
62723.0, 9.38, 28, 1.45, 4, 0.47, 1, 15.9, 2.8, 1.3,62722.9745, 62723.3652, 62723.3652, 62723.4256, 0
62724.0, 10.23, 30, 0.57, 1, 0.46, 1, 16.0, 2.8, 2.2,62723.9748, 62724.4011, 62724.4011, 62724.4251, 0
62725.0, 10.78, 32, 0.00, 0, 0.46, 1, 16.1, 2.9, -1.0,62724.9751, 62725.4245, 0.0000, 0.0000, 0
62726.0, 10.76, 32, 0.00, 0, 0.46, 1, 16.1, 2.9, -1.0,62725.9755, 62726.4240, 0.0000, 0.0000, 0
62727.0, 10.74, 32, 0.00, 0, 0.46, 1, 16.2, 3.0, -1.0,62726.9758, 62727.4234, 0.0000, 0.0000, 1
62728.0, 10.72, 32, 0.00, 0, 0.46, 1, 16.3, 3.0, -1.0,62727.9761, 62728.4228, 0.0000, 0.0000, 0
62729.0, 9.32, 27, 1.38, 4, 0.46, 1, 16.3, 3.1, 17.7,62729.0339, 62729.4222, 62728.9764, 62729.0339, 0
62730.0, 8.35, 25, 2.33, 6, 0.46, 1, 16.4, 3.1, 18.8,62730.0737, 62730.4216, 62729.9767, 62730.0737, 0
62731.0, 7.40, 22, 3.26, 9, 0.46, 1, 16.5, 3.2, 19.8,62731.1127, 62731.4210, 62730.9770, 62731.1127, 0
62732.0, 6.46, 19, 4.17, 12, 0.46, 1, 16.6, 3.2, 20.7,62732.1511, 62732.4203, 62731.9773, 62732.1511, 0
62733.0, 5.54, 16, 5.07, 15, 0.46, 1, 16.6, 3.3, 21.7,62733.1888, 62733.4197, 62732.9776, 62733.1888, 0
62734.0, 4.64, 13, 5.95, 17, 0.46, 1, 16.7, 3.3, 22.7,62734.2257, 62734.4190, 62733.9780, 62734.2257, 0
62735.0, 3.77, 11, 6.80, 20, 0.46, 1, 16.8, 3.4, 23.6,62735.2614, 62735.4184, 62734.9783, 62735.2614, 0
62736.0, 0.00, 0, 10.54, 31, 0.46, 1, 16.9, 3.4, -1.0,0.0000, 0.0000, 62735.9786, 62736.4177, 0
62737.0, 0.00, 0, 10.51, 31, 0.46, 1, 16.9, 3.5, -1.0,0.0000, 0.0000, 62736.9789, 62737.4170, 0
62738.0, 0.00, 0, 10.49, 31, 0.46, 1, 17.0, 3.5, -1.0,0.0000, 0.0000, 62737.9792, 62738.4163, 0
62739.0, 0.00, 0, 10.47, 31, 0.46, 1, 17.1, 3.6, -1.0,0.0000, 0.0000, 62738.9795, 62739.4156, 0
62740.0, 0.00, 0, 10.44, 31, 0.46, 1, 17.2, 3.6, -1.0,0.0000, 0.0000, 62739.9798, 62740.4149, 0
62741.0, 0.00, 0, 10.42, 31, 0.46, 1, 17.2, 3.7, -1.0,0.0000, 0.0000, 62740.9802, 62741.4142, 0
62742.0, 0.00, 0, 10.39, 31, 0.46, 1, 17.3, 3.7, -1.0,0.0000, 0.0000, 62741.9805, 62742.4135, 0
62743.0, 0.00, 0, 10.37, 31, 0.46, 1, 17.4, 3.8, -1.0,0.0000, 0.0000, 62742.9808, 62743.4127, 0
62744.0, 0.00, 0, 10.34, 31, 0.46, 1, 17.4, 3.8, -1.0,0.0000, 0.0000, 62743.9811, 62744.4120, 0
62745.0, 0.00, 0, 10.31, 30, 0.46, 1, 17.5, 3.9, -1.0,0.0000, 0.0000, 62744.9814, 62745.4112, 0
62746.0, 0.00, 0, 10.29, 30, 0.46, 1, 17.6, 3.9, -1.0,0.0000, 0.0000, 62745.9818, 62746.4105, 0
62747.0, 0.00, 0, 10.26, 30, 0.46, 1, 17.7, 4.0, -1.0,0.0000, 0.0000, 62746.9821, 62747.4097, 0
62748.0, 5.08, 15, 5.15, 15, 0.46, 1, 17.7, 4.0, 22.8,62747.9824, 62748.1942, 62748.1942, 62748.4089, 0
62749.0, 6.11, 18, 4.10, 12, 0.46, 1, 17.8, 4.1, 23.9,62748.9827, 62749.2372, 62749.2372, 62749.4081, 0
62750.0, 7.06, 21, 3.12, 9, 0.46, 1, 17.9, 4.1, 1.0,62749.9830, 62750.2772, 62750.2772, 62750.4073, 0
62751.0, 7.93, 23, 2.23, 6, 0.46, 1, 18.0, 4.1, 1.9,62750.9834, 62751.3136, 62751.3136, 62751.4065, 0
62752.0, 8.70, 26, 1.43, 4, 0.46, 1, 18.0, 4.2, 2.8,62751.9837, 62752.3462, 62752.3462, 62752.4057, 0
62753.0, 9.39, 28, 0.71, 2, 0.46, 1, 18.1, 4.2, 3.5,62752.9840, 62753.3754, 62753.3754, 62753.4049, 0
62754.0, 10.07, 30, 0.00, 0, 0.46, 1, 18.2, 4.3, -1.0,62753.9844, 62754.4041, 0.0000, 0.0000, 0
62755.0, 10.04, 30, 0.00, 0, 0.46, 1, 18.3, 4.3, -1.0,62754.9847, 62755.4032, 0.0000, 0.0000, 1
62756.0, 10.02, 30, 0.00, 0, 0.46, 1, 18.3, 4.4, -1.0,62755.9850, 62756.4024, 0.0000, 0.0000, 0
62757.0, 9.99, 29, 0.00, 0, 0.46, 1, 18.4, 4.4, -1.0,62756.9854, 62757.4016, 0.0000, 0.0000, 0
62758.0, 9.12, 27, 0.84, 2, 0.46, 1, 18.5, 4.5, 19.3,62758.0207, 62758.4007, 62757.9857, 62758.0207, 0
62759.0, 8.17, 24, 1.77, 5, 0.46, 1, 18.6, 4.5, 20.3,62759.0597, 62759.3999, 62758.9861, 62759.0597, 0
62760.0, 7.22, 21, 2.68, 8, 0.46, 1, 18.6, 4.6, 21.3,62760.0980, 62760.3990, 62759.9864, 62760.0980, 0
62761.0, 6.30, 18, 3.57, 10, 0.46, 1, 18.7, 4.6, 22.3,62761.1355, 62761.3982, 62760.9868, 62761.1355, 0
62762.0, 5.41, 16, 4.43, 13, 0.46, 1, 18.8, 4.6, 23.2,62762.1718, 62762.3973, 62761.9871, 62762.1718, 0
62763.0, 4.56, 13, 5.25, 15, 0.46, 1, 18.8, 4.7, 0.1,62763.2064, 62763.3965, 62762.9875, 62763.2064, 0
62764.0, 3.76, 11, 6.03, 18, 0.46, 1, 18.9, 4.7, 1.0,62764.2391, 62764.3956, 62763.9879, 62764.2391, 0
62765.0, 3.00, 9, 6.75, 20, 0.46, 1, 19.0, 4.8, 1.8,62765.2696, 62765.3947, 62764.9882, 62765.2696, 0
62766.0, 0.00, 0, 9.73, 29, 1.07, 3, 19.1, 4.8, -1.0,0.0000, 0.0000, 62765.9886, 62766.3939, 0
62767.0, 0.00, 0, 9.70, 29, 1.07, 3, 19.1, 4.9, -1.0,0.0000, 0.0000, 62766.9890, 62767.3930, 0
62768.0, 0.00, 0, 9.67, 28, 1.08, 3, 19.2, 4.9, -1.0,0.0000, 0.0000, 62767.9894, 62768.3921, 0
62769.0, 0.00, 0, 9.64, 28, 1.08, 3, 19.3, 5.0, -1.0,0.0000, 0.0000, 62768.9898, 62769.3913, 0
62770.0, 0.00, 0, 9.60, 28, 1.08, 3, 19.4, 5.0, -1.0,0.0000, 0.0000, 62769.9902, 62770.3904, 0
62771.0, 0.00, 0, 9.57, 28, 1.08, 3, 19.4, 5.0, -1.0,0.0000, 0.0000, 62770.9906, 62771.3895, 0
62772.0, 0.00, 0, 9.54, 28, 1.08, 3, 19.5, 5.1, -1.0,0.0000, 0.0000, 62771.9910, 62772.3886, 0
62773.0, 0.00, 0, 9.51, 28, 1.08, 3, 19.6, 5.1, -1.0,0.0000, 0.0000, 62772.9914, 62773.3877, 0
62774.0, 0.00, 0, 9.48, 28, 1.08, 3, 19.7, 5.2, -1.0,0.0000, 0.0000, 62773.9918, 62774.3869, 0
62775.0, 0.00, 0, 9.45, 28, 1.08, 3, 19.8, 5.2, -1.0,0.0000, 0.0000, 62774.9922, 62775.3860, 0
62776.0, 0.00, 0, 9.42, 28, 1.09, 3, 19.8, 5.3, -1.0,0.0000, 0.0000, 62775.9927, 62776.3851, 0
62777.0, 4.74, 14, 4.65, 13, 1.09, 3, 19.9, 5.3, 0.7,62776.9931, 62777.1906, 62777.1906, 62777.3842, 0
62778.0, 5.63, 16, 3.73, 11, 1.09, 3, 20.0, 5.4, 1.6,62777.9936, 62778.2281, 62778.2281, 62778.3834, 0
62779.0, 6.42, 19, 2.90, 8, 1.09, 3, 20.1, 5.4, 2.5,62778.9940, 62779.2615, 62779.2615, 62779.3825, 0
62780.0, 7.12, 21, 2.17, 6, 1.09, 3, 20.1, 5.5, 3.3,62779.9945, 62780.2912, 62780.2912, 62780.3816, 0
62781.0, 7.76, 23, 1.50, 4, 1.10, 3, 20.2, 5.5, 4.0,62780.9949, 62781.3182, 62781.3182, 62781.3808, 0
62782.0, 8.35, 25, 0.88, 2, 1.10, 3, 20.3, 5.5, 4.7,62781.9954, 62782.3433, 62782.3433, 62782.3799, 0
62783.0, 9.20, 27, 0.00, 0, 1.10, 3, 20.4, 5.6, -1.0,62782.9959, 62783.3790, 0.0000, 0.0000, 0
62784.0, 9.16, 27, 0.00, 0, 1.10, 3, 20.4, 5.6, -1.0,62783.9964, 62784.3782, 0.0000, 0.0000, 0
62785.0, 9.13, 27, 0.00, 0, 1.10, 3, 20.5, 5.7, -1.0,62784.9968, 62785.3773, 0.0000, 0.0000, 1
62786.0, 9.10, 27, 0.00, 0, 1.11, 3, 20.6, 5.7, -1.0,62785.9973, 62786.3765, 0.0000, 0.0000, 0
62787.0, 9.07, 27, 0.00, 0, 1.11, 3, 20.7, 5.8, -1.0,62786.9978, 62787.3756, 0.0000, 0.0000, 0
62788.0, 7.90, 23, 1.13, 3, 1.11, 3, 20.8, 5.8, 21.9,62788.0456, 62788.3748, 62787.9984, 62788.0456, 0
62789.0, 6.99, 20, 2.01, 6, 1.11, 3, 20.8, 5.9, 22.8,62789.0825, 62789.3739, 62788.9989, 62789.0825, 0
62790.0, 6.13, 18, 2.84, 8, 1.12, 3, 20.9, 5.9, 23.8,62790.1178, 62790.3731, 62789.9994, 62790.1178, 0
62791.0, 5.31, 15, 3.63, 10, 1.12, 3, 21.0, 5.9, 0.6,62791.1511, 62791.3723, 62790.9999, 62791.1511, 0
62792.0, 4.54, 13, 4.36, 13, 1.12, 3, 21.1, 6.0, 1.4,62792.1822, 62792.3715, 62792.0005, 62792.1822, 0
62793.0, 3.83, 11, 5.04, 15, 1.12, 3, 21.1, 6.0, 2.2,62793.2110, 62793.3706, 62793.0010, 62793.2110, 0
62794.0, 3.17, 9, 5.67, 17, 1.13, 3, 21.2, 6.1, 2.9,62794.2380, 62794.3698, 62794.0016, 62794.2380, 0
62795.0, 0.00, 0, 8.81, 26, 1.13, 3, 21.3, 6.1, -1.0,0.0000, 0.0000, 62795.0021, 62795.3690, 0
62796.0, 0.00, 0, 8.77, 26, 1.13, 3, 21.4, 6.2, -1.0,0.0000, 0.0000, 62796.0027, 62796.3682, 0
62797.0, 0.00, 0, 8.74, 26, 1.14, 3, 21.5, 6.2, -1.0,0.0000, 0.0000, 62797.0033, 62797.3675, 0
62798.0, 0.00, 0, 8.71, 26, 1.14, 3, 21.5, 6.3, -1.0,0.0000, 0.0000, 62798.0039, 62798.3667, 0
62799.0, 0.00, 0, 8.67, 26, 1.14, 3, 21.6, 6.3, -1.0,0.0000, 0.0000, 62799.0045, 62799.3659, 0
62800.0, 0.00, 0, 8.64, 25, 1.15, 3, 21.7, 6.4, -1.0,0.0000, 0.0000, 62800.0051, 62800.3652, 0
62801.0, 0.00, 0, 8.61, 25, 1.15, 3, 21.8, 6.4, -1.0,0.0000, 0.0000, 62801.0057, 62801.3644, 0
62802.0, 0.00, 0, 8.58, 25, 1.15, 3, 21.9, 6.5, -1.0,0.0000, 0.0000, 62802.0063, 62802.3637, 0
62803.0, 0.00, 0, 8.54, 25, 1.16, 3, 21.9, 6.5, -1.0,0.0000, 0.0000, 62803.0069, 62803.3630, 0
62804.0, 0.00, 0, 8.51, 25, 1.16, 3, 22.0, 6.6, -1.0,0.0000, 0.0000, 62804.0076, 62804.3623, 0
62805.0, 0.00, 0, 8.48, 25, 1.16, 3, 22.1, 6.6, -1.0,0.0000, 0.0000, 62805.0082, 62805.3616, 0
62806.0, 0.00, 0, 8.45, 25, 1.17, 3, 22.2, 6.7, -1.0,0.0000, 0.0000, 62806.0088, 62806.3609, 0
62807.0, 4.75, 14, 3.66, 10, 1.17, 3, 22.3, 6.7, 3.0,62807.0095, 62807.2075, 62807.2075, 62807.3602, 0
62808.0, 5.41, 16, 2.98, 8, 1.17, 3, 22.4, 6.8, 3.8,62808.0101, 62808.2354, 62808.2354, 62808.3595, 0
62809.0, 6.00, 18, 2.35, 7, 1.18, 3, 22.4, 6.8, 4.5,62809.0108, 62809.2609, 62809.2609, 62809.3589, 0
62810.0, 6.56, 19, 1.76, 5, 1.18, 3, 22.5, 6.9, 5.1,62810.0115, 62810.2849, 62810.2849, 62810.3582, 0
62811.0, 7.11, 21, 1.18, 3, 1.19, 3, 22.6, 6.9, 5.7,62811.0121, 62811.3084, 62811.3084, 62811.3576, 0
62812.0, 7.66, 22, 0.60, 1, 1.19, 3, 22.7, 7.0, 6.4,62812.0128, 62812.3321, 62812.3321, 62812.3570, 0
62813.0, 8.23, 24, 0.00, 0, 1.19, 3, 22.8, 7.0, -1.0,62813.0135, 62813.3564, 0.0000, 0.0000, 0
62814.0, 8.20, 24, 0.00, 0, 1.20, 3, 22.8, 7.1, -1.0,62814.0142, 62814.3558, 0.0000, 0.0000, 1
62815.0, 8.17, 24, 0.00, 0, 1.20, 3, 22.9, 7.1, -1.0,62815.0149, 62815.3553, 0.0000, 0.0000, 0
62816.0, 8.14, 24, 0.00, 0, 1.20, 3, 23.0, 7.2, -1.0,62816.0156, 62816.3547, 0.0000, 0.0000, 0
62817.0, 8.11, 24, 0.00, 0, 1.21, 3, 23.1, 7.2, -1.0,62817.0163, 62817.3542, 0.0000, 0.0000, 0
62818.0, 6.94, 20, 1.14, 3, 1.21, 3, 23.2, 7.3, 0.3,62818.0643, 62818.3537, 62818.0170, 62818.0643, 0
62819.0, 6.17, 18, 1.88, 5, 1.22, 3, 23.3, 7.3, 1.1,62819.0961, 62819.3532, 62819.0177, 62819.0961, 0
62820.0, 5.45, 16, 2.57, 7, 1.22, 3, 23.3, 7.4, 1.9,62820.1256, 62820.3527, 62820.0184, 62820.1256, 0
62821.0, 4.79, 14, 3.21, 9, 1.22, 3, 23.4, 7.4, 2.6,62821.1528, 62821.3522, 62821.0191, 62821.1528, 0
62822.0, 4.16, 12, 3.80, 11, 1.23, 3, 23.5, 7.5, 3.3,62822.1783, 62822.3518, 62822.0198, 62822.1783, 0
62823.0, 3.57, 10, 4.37, 13, 1.23, 3, 23.6, 7.5, 4.0,62823.2025, 62823.3514, 62823.0205, 62823.2025, 0
62824.0, 2.99, 8, 4.92, 14, 1.24, 3, 23.7, 7.6, 4.6,62824.2263, 62824.3510, 62824.0212, 62824.2263, 0
62825.0, 0.00, 0, 7.89, 23, 1.24, 3, 23.8, 7.7, -1.0,0.0000, 0.0000, 62825.0219, 62825.3506, 0
62826.0, 0.00, 0, 7.86, 23, 1.24, 3, 23.8, 7.7, -1.0,0.0000, 0.0000, 62826.0226, 62826.3502, 0
62827.0, 0.00, 0, 7.84, 23, 1.25, 3, 23.9, 7.8, -1.0,0.0000, 0.0000, 62827.0233, 62827.3499, 0
62828.0, 0.00, 0, 7.81, 23, 1.25, 3, 24.0, 7.8, -1.0,0.0000, 0.0000, 62828.0240, 62828.3495, 0
62829.0, 0.00, 0, 7.79, 23, 1.25, 3, 0.1, 7.9, -1.0,0.0000, 0.0000, 62829.0247, 62829.3492, 0
62830.0, 0.00, 0, 7.77, 23, 1.26, 3, 0.2, 8.0, -1.0,0.0000, 0.0000, 62830.0254, 62830.3490, 0
62831.0, 0.00, 0, 7.74, 23, 1.26, 3, 0.2, 8.0, -1.0,0.0000, 0.0000, 62831.0261, 62831.3487, 0
62832.0, 0.00, 0, 7.72, 23, 1.26, 3, 0.3, 8.1, -1.0,0.0000, 0.0000, 62832.0268, 62832.3485, 0
62833.0, 0.00, 0, 7.70, 23, 1.27, 3, 0.4, 8.1, -1.0,0.0000, 0.0000, 62833.0275, 62833.3483, 0
62834.0, 0.00, 0, 7.68, 23, 1.27, 3, 0.5, 8.2, -1.0,0.0000, 0.0000, 62834.0281, 62834.3481, 0
62835.0, 0.00, 0, 7.66, 22, 1.27, 3, 0.6, 8.3, -1.0,0.0000, 0.0000, 62835.0288, 62835.3479, 0
62836.0, 3.56, 10, 4.08, 12, 1.28, 3, 0.7, 8.3, 4.2,62836.0295, 62836.1778, 62836.1778, 62836.3478, 0
62837.0, 4.14, 12, 3.48, 10, 1.28, 3, 0.7, 8.4, 4.9,62837.0301, 62837.2026, 62837.2026, 62837.3476, 0
62838.0, 4.70, 14, 2.91, 8, 1.28, 3, 0.8, 8.4, 5.5,62838.0308, 62838.2264, 62838.2264, 62838.3475, 0
62839.0, 5.25, 15, 2.34, 7, 1.28, 3, 0.9, 8.5, 6.2,62839.0314, 62839.2500, 62839.2500, 62839.3475, 0
62840.0, 5.81, 17, 1.76, 5, 1.29, 3, 1.0, 8.6, 6.8,62840.0320, 62840.2742, 62840.2742, 62840.3474, 0
62841.0, 6.41, 19, 1.15, 3, 1.29, 3, 1.1, 8.6, 7.5,62841.0326, 62841.2995, 62841.2995, 62841.3474, 0
62842.0, 7.04, 21, 0.50, 1, 1.29, 3, 1.1, 8.7, 8.2,62842.0332, 62842.3267, 62842.3267, 62842.3474, 0
62843.0, 7.53, 22, 0.00, 0, 1.29, 3, 1.2, 8.8, -1.0,62843.0338, 62843.3474, 0.0000, 0.0000, 0
62844.0, 7.51, 22, 0.00, 0, 1.30, 3, 1.3, 8.8, -1.0,62844.0344, 62844.3474, 0.0000, 0.0000, 1
62845.0, 7.50, 22, 0.00, 0, 1.30, 3, 1.4, 8.9, -1.0,62845.0349, 62845.3475, 0.0000, 0.0000, 0
62846.0, 7.49, 22, 0.00, 0, 1.30, 3, 1.5, 9.0, -1.0,62846.0355, 62846.3476, 0.0000, 0.0000, 0
62847.0, 7.48, 22, 0.00, 0, 1.30, 3, 1.5, 9.0, -1.0,62847.0360, 62847.3477, 0.0000, 0.0000, 0
62848.0, 6.69, 20, 0.79, 2, 1.30, 3, 1.6, 9.1, 2.4,62848.0693, 62848.3478, 62848.0365, 62848.0693, 0
62849.0, 6.07, 18, 1.40, 4, 1.30, 3, 1.7, 9.2, 3.1,62849.0952, 62849.3480, 62849.0370, 62849.0952, 0
62850.0, 5.49, 16, 1.97, 5, 1.31, 3, 1.8, 9.2, 3.7,62850.1196, 62850.3482, 62850.0375, 62850.1196, 0
62851.0, 4.93, 14, 2.52, 7, 1.31, 3, 1.8, 9.3, 4.4,62851.1430, 62851.3484, 62851.0380, 62851.1430, 0
62852.0, 4.38, 13, 3.07, 9, 1.31, 3, 1.9, 9.4, 5.0,62852.1662, 62852.3486, 62852.0384, 62852.1662, 0
62853.0, 3.81, 11, 3.63, 10, 1.31, 3, 2.0, 9.5, 5.6,62853.1900, 62853.3489, 62853.0389, 62853.1900, 0
62854.0, 3.21, 9, 4.22, 12, 1.31, 3, 2.1, 9.5, 6.3,62854.2152, 62854.3492, 62854.0393, 62854.2152, 0
62855.0, 0.00, 0, 7.44, 22, 1.31, 3, 2.1, 9.6, -1.0,0.0000, 0.0000, 62855.0397, 62855.3495, 0
62856.0, 0.00, 0, 7.43, 22, 1.31, 3, 2.2, 9.7, -1.0,0.0000, 0.0000, 62856.0400, 62856.3498, 0
62857.0, 0.00, 0, 7.43, 22, 1.31, 3, 2.3, 9.8, -1.0,0.0000, 0.0000, 62857.0404, 62857.3502, 0
62858.0, 0.00, 0, 7.44, 22, 1.31, 3, 2.4, 9.8, -1.0,0.0000, 0.0000, 62858.0407, 62858.3505, 0
62859.0, 0.00, 0, 7.44, 22, 1.31, 3, 2.4, 9.9, -1.0,0.0000, 0.0000, 62859.0410, 62859.3509, 0
62860.0, 0.00, 0, 7.44, 22, 1.31, 3, 2.5, 10.0, -1.0,0.0000, 0.0000, 62860.0413, 62860.3513, 1
62861.0, 0.00, 0, 7.44, 22, 1.31, 3, 2.6, 10.1, -1.0,0.0000, 0.0000, 62861.0416, 62861.3517, 1
62862.0, 0.00, 0, 7.45, 22, 1.31, 3, 2.7, 10.1, -1.0,0.0000, 0.0000, 62862.0418, 62862.3522, 1
62863.0, 0.00, 0, 7.45, 22, 1.31, 3, 2.7, 10.2, -1.0,0.0000, 0.0000, 62863.0421, 62863.3527, 1
62864.0, 0.00, 0, 7.46, 22, 1.30, 3, 2.8, 10.3, -1.0,0.0000, 0.0000, 62864.0423, 62864.3531, 1
62865.0, 0.00, 0, 7.47, 22, 1.30, 3, 2.9, 10.4, -1.0,0.0000, 0.0000, 62865.0424, 62865.3537, 1
62866.0, 2.99, 8, 4.49, 13, 1.30, 3, 2.9, 10.4, 5.9,62866.0426, 62866.1672, 62866.1672, 62866.3542, 1
62867.0, 3.57, 10, 3.92, 11, 1.30, 3, 3.0, 10.5, 6.6,62867.0427, 62867.1915, 62867.1915, 62867.3547, 1
62868.0, 4.17, 12, 3.33, 9, 1.30, 3, 3.1, 10.6, 7.3,62868.0428, 62868.2166, 62868.2166, 62868.3553, 1
62869.0, 4.81, 14, 2.70, 8, 1.30, 3, 3.1, 10.7, 8.0,62869.0429, 62869.2431, 62869.2431, 62869.3558, 1
62870.0, 5.49, 16, 2.04, 6, 1.29, 3, 3.2, 10.8, 8.7,62870.0430, 62870.2716, 62870.2716, 62870.3564, 0
62871.0, 6.22, 18, 1.31, 3, 1.29, 3, 3.3, 10.8, 9.5,62871.0430, 62871.3023, 62871.3023, 62871.3570, 0
62872.0, 7.01, 21, 0.54, 1, 1.29, 3, 3.3, 10.9, 10.4,62872.0430, 62872.3353, 62872.3353, 62872.3576, 0
62873.0, 7.57, 22, 0.00, 0, 1.29, 3, 3.4, 11.0, -1.0,62873.0430, 62873.3582, 0.0000, 0.0000, 0
62874.0, 7.58, 22, 0.00, 0, 1.29, 3, 3.5, 11.1, -1.0,62874.0430, 62874.3589, 0.0000, 0.0000, 1
62875.0, 7.60, 22, 0.00, 0, 1.28, 3, 3.5, 11.2, -1.0,62875.0429, 62875.3595, 0.0000, 0.0000, 0
62876.0, 7.62, 22, 0.00, 0, 1.28, 3, 3.6, 11.2, -1.0,62876.0428, 62876.3602, 0.0000, 0.0000, 0
62877.0, 7.63, 22, 0.00, 0, 1.28, 3, 3.7, 11.3, -1.0,62877.0427, 62877.3608, 0.0000, 0.0000, 0
62878.0, 7.20, 21, 0.45, 1, 1.27, 3, 3.7, 11.4, 4.2,62878.0615, 62878.3615, 62878.0426, 62878.0615, 0
62879.0, 6.66, 19, 1.01, 3, 1.27, 3, 3.8, 11.5, 4.8,62879.0847, 62879.3622, 62879.0425, 62879.0847, 0
62880.0, 6.12, 18, 1.58, 4, 1.27, 3, 3.9, 11.6, 5.4,62880.1079, 62880.3629, 62880.0423, 62880.1079, 0
62881.0, 5.56, 16, 2.16, 6, 1.26, 3, 3.9, 11.7, 6.1,62881.1321, 62881.3636, 62881.0421, 62881.1321, 0
62882.0, 4.95, 14, 2.79, 8, 1.26, 3, 4.0, 11.7, 6.8,62882.1580, 62882.3643, 62882.0419, 62882.1580, 0
62883.0, 4.28, 12, 3.48, 10, 1.26, 3, 4.0, 11.8, 7.5,62883.1867, 62883.3650, 62883.0416, 62883.1867, 0
62884.0, 0.00, 0, 7.78, 23, 1.25, 3, 4.1, 11.9, -1.0,0.0000, 0.0000, 62884.0414, 62884.3657, 0
62885.0, 0.00, 0, 7.81, 23, 1.25, 3, 4.2, 12.0, -1.0,0.0000, 0.0000, 62885.0411, 62885.3665, 0
62886.0, 0.00, 0, 7.83, 23, 1.25, 3, 4.2, 12.1, -1.0,0.0000, 0.0000, 62886.0408, 62886.3672, 0
62887.0, 0.00, 0, 7.86, 23, 1.24, 3, 4.3, 12.2, -1.0,0.0000, 0.0000, 62887.0405, 62887.3679, 0
62888.0, 0.00, 0, 7.88, 23, 1.24, 3, 4.3, 12.2, -1.0,0.0000, 0.0000, 62888.0401, 62888.3686, 0
62889.0, 0.00, 0, 7.91, 23, 1.24, 3, 4.4, 12.3, -1.0,0.0000, 0.0000, 62889.0398, 62889.3694, 0
62890.0, 0.00, 0, 7.94, 23, 1.23, 3, 4.4, 12.4, -1.0,0.0000, 0.0000, 62890.0394, 62890.3701, 0
62891.0, 0.00, 0, 7.96, 23, 1.23, 3, 4.5, 12.5, -1.0,0.0000, 0.0000, 62891.0390, 62891.3709, 0
62892.0, 0.00, 0, 7.99, 23, 1.22, 3, 4.6, 12.6, -1.0,0.0000, 0.0000, 62892.0386, 62892.3716, 0
62893.0, 0.00, 0, 8.02, 24, 1.22, 3, 4.6, 12.7, -1.0,0.0000, 0.0000, 62893.0381, 62893.3723, 0
62894.0, 0.00, 0, 8.05, 24, 1.22, 3, 4.7, 12.7, -1.0,0.0000, 0.0000, 62894.0377, 62894.3731, 0
62895.0, 2.28, 6, 5.80, 17, 1.21, 3, 4.7, 12.8, 7.0,62895.0372, 62895.1323, 62895.1323, 62895.3738, 0
62896.0, 2.93, 8, 5.18, 15, 1.21, 3, 4.8, 12.9, 7.7,62896.0367, 62896.1588, 62896.1588, 62896.3745, 0
62897.0, 3.61, 10, 4.52, 13, 1.20, 3, 4.8, 13.0, 8.5,62897.0362, 62897.1868, 62897.1868, 62897.3753, 0
62898.0, 4.35, 13, 3.82, 11, 1.20, 3, 4.9, 13.1, 9.2,62898.0357, 62898.2168, 62898.2168, 62898.3760, 0
62899.0, 5.13, 15, 3.07, 9, 1.20, 3, 4.9, 13.2, 10.1,62899.0351, 62899.2489, 62899.2489, 62899.3767, 0
62900.0, 5.96, 17, 2.27, 6, 1.19, 3, 5.0, 13.2, 11.0,62900.0346, 62900.2830, 62900.2830, 62900.3775, 0
62901.0, 6.84, 20, 1.42, 4, 1.19, 3, 5.0, 13.3, 11.9,62901.0340, 62901.3188, 62901.3188, 62901.3782, 0
62902.0, 7.74, 23, 0.55, 1, 1.19, 3, 5.1, 13.4, 12.8,62902.0334, 62902.3558, 62902.3558, 62902.3789, 0
62903.0, 8.32, 24, 0.00, 0, 1.18, 3, 5.1, 13.5, -1.0,62903.0328, 62903.3796, 0.0000, 0.0000, 0
62904.0, 8.35, 25, 0.00, 0, 1.18, 3, 5.2, 13.6, -1.0,62904.0322, 62904.3803, 0.0000, 0.0000, 1
62905.0, 8.39, 25, 0.00, 0, 1.17, 3, 5.2, 13.6, -1.0,62905.0316, 62905.3810, 0.0000, 0.0000, 0
62906.0, 8.42, 25, 0.00, 0, 1.17, 3, 5.3, 13.7, -1.0,62906.0309, 62906.3817, 0.0000, 0.0000, 0
62907.0, 8.45, 25, 0.00, 0, 1.17, 3, 5.3, 13.8, -1.0,62907.0303, 62907.3824, 0.0000, 0.0000, 0
62908.0, 7.98, 23, 0.50, 1, 1.16, 3, 5.4, 13.9, 5.9,62908.0506, 62908.3831, 62908.0296, 62908.0506, 0
62909.0, 7.39, 22, 1.13, 3, 1.16, 3, 5.4, 14.0, 6.6,62909.0760, 62909.3837, 62909.0289, 62909.0760, 0
62910.0, 6.74, 20, 1.81, 5, 1.16, 3, 5.5, 14.1, 7.3,62910.1036, 62910.3844, 62910.0283, 62910.1036, 0
62911.0, 6.02, 18, 2.56, 7, 1.15, 3, 5.5, 14.1, 8.1,62911.1341, 62911.3851, 62911.0276, 62911.1341, 0
62912.0, 5.22, 15, 3.40, 10, 1.15, 3, 5.6, 14.2, 9.0,62912.1684, 62912.3857, 62912.0268, 62912.1684, 0
62913.0, 0.00, 0, 8.65, 25, 1.15, 3, 5.6, 14.3, -1.0,0.0000, 0.0000, 62913.0261, 62913.3864, 0
62914.0, 0.00, 0, 8.68, 26, 1.14, 3, 5.7, 14.4, -1.0,0.0000, 0.0000, 62914.0254, 62914.3870, 0
62915.0, 0.00, 0, 8.71, 26, 1.14, 3, 5.7, 14.5, -1.0,0.0000, 0.0000, 62915.0247, 62915.3877, 0
62916.0, 0.00, 0, 8.75, 26, 1.14, 3, 5.8, 14.5, -1.0,0.0000, 0.0000, 62916.0239, 62916.3883, 0
62917.0, 0.00, 0, 8.78, 26, 1.13, 3, 5.8, 14.6, -1.0,0.0000, 0.0000, 62917.0232, 62917.3889, 0
62918.0, 0.00, 0, 8.81, 26, 1.13, 3, 5.9, 14.7, -1.0,0.0000, 0.0000, 62918.0224, 62918.3895, 0
62919.0, 0.00, 0, 8.84, 26, 1.13, 3, 5.9, 14.8, -1.0,0.0000, 0.0000, 62919.0216, 62919.3902, 0
62920.0, 0.00, 0, 8.88, 26, 1.12, 3, 6.0, 14.9, -1.0,0.0000, 0.0000, 62920.0208, 62920.3908, 0
62921.0, 0.00, 0, 8.91, 26, 1.12, 3, 6.0, 15.0, -1.0,0.0000, 0.0000, 62921.0201, 62921.3913, 0
62922.0, 0.00, 0, 8.94, 26, 1.12, 3, 6.1, 15.0, -1.0,0.0000, 0.0000, 62922.0193, 62922.3919, 0
62923.0, 0.00, 0, 8.98, 26, 1.12, 3, 6.1, 15.1, -1.0,0.0000, 0.0000, 62923.0185, 62923.3925, 0
62924.0, 0.00, 0, 9.01, 27, 1.11, 3, 6.2, 15.2, -1.0,0.0000, 0.0000, 62924.0177, 62924.3931, 0
62925.0, 2.72, 8, 6.32, 18, 1.11, 3, 6.2, 15.3, 8.9,62925.0168, 62925.1302, 62925.1302, 62925.3937, 0
62926.0, 3.50, 10, 5.58, 16, 1.11, 3, 6.2, 15.3, 9.8,62926.0160, 62926.1618, 62926.1618, 62926.3942, 0
62927.0, 4.32, 12, 4.79, 14, 1.11, 3, 6.3, 15.4, 10.6,62927.0152, 62927.1952, 62927.1952, 62927.3948, 0
62928.0, 5.18, 15, 3.96, 11, 1.10, 3, 6.3, 15.5, 11.5,62928.0144, 62928.2302, 62928.2302, 62928.3953, 0
62929.0, 6.07, 18, 3.10, 9, 1.10, 3, 6.4, 15.6, 12.5,62929.0136, 62929.2666, 62929.2666, 62929.3958, 0
62930.0, 6.99, 20, 2.22, 6, 1.10, 3, 6.4, 15.7, 13.4,62930.0127, 62930.3038, 62930.3038, 62930.3964, 0
62931.0, 7.92, 23, 1.33, 3, 1.10, 3, 6.5, 15.7, 14.4,62931.0119, 62931.3417, 62931.3417, 62931.3969, 0
62932.0, 9.27, 27, 0.00, 0, 1.09, 3, 6.5, 15.8, -1.0,62932.0110, 62932.3974, 0.0000, 0.0000, 0
62933.0, 9.31, 27, 0.00, 0, 1.09, 3, 6.6, 15.9, -1.0,62933.0102, 62933.3979, 0.0000, 0.0000, 1
62934.0, 9.34, 28, 0.00, 0, 1.09, 3, 6.6, 16.0, -1.0,62934.0094, 62934.3984, 0.0000, 0.0000, 0
62935.0, 9.37, 28, 0.00, 0, 1.09, 3, 6.7, 16.1, -1.0,62935.0085, 62935.3989, 0.0000, 0.0000, 0
62936.0, 9.40, 28, 0.00, 0, 1.09, 3, 6.7, 16.1, -1.0,62936.0077, 62936.3994, 0.0000, 0.0000, 0
62937.0, 9.43, 28, 0.00, 0, 1.09, 3, 6.7, 16.2, -1.0,62937.0068, 62937.3999, 0.0000, 0.0000, 0
62938.0, 8.40, 25, 1.07, 3, 1.08, 3, 6.8, 16.3, 7.9,62938.0505, 62938.4004, 62938.0060, 62938.0505, 0
62939.0, 7.61, 22, 1.89, 5, 1.08, 3, 6.8, 16.4, 8.7,62939.0839, 62939.4008, 62939.0051, 62939.0839, 0
62940.0, 6.73, 20, 2.80, 8, 1.08, 3, 6.9, 16.4, 9.7,62940.1209, 62940.4013, 62940.0043, 62940.1209, 0
62941.0, 5.77, 17, 3.79, 11, 1.08, 3, 6.9, 16.5, 10.7,62941.1614, 62941.4017, 62941.0034, 62941.1614, 0
62942.0, 4.75, 14, 4.85, 14, 1.08, 3, 7.0, 16.6, 11.8,62942.2045, 62942.4022, 62942.0026, 62942.2045, 0
62943.0, 0.00, 0, 9.62, 28, 1.08, 3, 7.0, 16.7, -1.0,0.0000, 0.0000, 62943.0017, 62943.4026, 0
62944.0, 0.00, 0, 9.65, 28, 1.08, 3, 7.1, 16.7, -1.0,0.0000, 0.0000, 62944.0009, 62944.4031, 0
62945.0, 0.00, 0, 9.68, 29, 1.07, 3, 7.1, 16.8, -1.0,0.0000, 0.0000, 62945.0000, 62945.4035, 0
62946.0, 0.00, 0, 9.71, 29, 0.46, 1, 7.2, 16.9, -1.0,0.0000, 0.0000, 62945.9992, 62946.4040, 0
62947.0, 0.00, 0, 9.74, 29, 0.46, 1, 7.2, 17.0, -1.0,0.0000, 0.0000, 62946.9984, 62947.4044, 0
62948.0, 0.00, 0, 9.77, 29, 0.46, 1, 7.2, 17.0, -1.0,0.0000, 0.0000, 62947.9975, 62948.4048, 0
62949.0, 0.00, 0, 9.81, 29, 0.46, 1, 7.3, 17.1, -1.0,0.0000, 0.0000, 62948.9967, 62949.4052, 0
62950.0, 0.00, 0, 9.83, 29, 0.46, 1, 7.3, 17.2, -1.0,0.0000, 0.0000, 62949.9959, 62950.4056, 0
62951.0, 0.00, 0, 9.86, 29, 0.46, 1, 7.4, 17.3, -1.0,0.0000, 0.0000, 62950.9950, 62951.4061, 0
62952.0, 0.00, 0, 9.89, 29, 0.46, 1, 7.4, 17.4, -1.0,0.0000, 0.0000, 62951.9942, 62952.4065, 0
62953.0, 0.00, 0, 9.92, 29, 0.46, 1, 7.5, 17.4, -1.0,0.0000, 0.0000, 62952.9934, 62953.4069, 0
62954.0, 0.00, 0, 9.95, 29, 0.46, 1, 7.5, 17.5, -1.0,0.0000, 0.0000, 62953.9926, 62954.4073, 0
62955.0, 3.59, 10, 6.39, 19, 0.46, 1, 7.6, 17.6, 11.2,62954.9918, 62955.1412, 62955.1412, 62955.4077, 0
62956.0, 4.46, 13, 5.55, 16, 0.46, 1, 7.6, 17.7, 12.1,62955.9909, 62956.1770, 62956.1770, 62956.4081, 0
62957.0, 5.36, 16, 4.68, 14, 0.46, 1, 7.7, 17.7, 13.0,62956.9901, 62957.2135, 62957.2135, 62957.4084, 0
62958.0, 6.27, 18, 3.79, 11, 0.46, 1, 7.7, 17.8, 14.0,62957.9893, 62958.2508, 62958.2508, 62958.4088, 0
62959.0, 7.20, 21, 2.90, 8, 0.46, 1, 7.8, 17.9, 15.0,62958.9886, 62959.2885, 62959.2885, 62959.4092, 0
62960.0, 8.14, 24, 1.98, 5, 0.46, 1, 7.8, 18.0, 16.0,62959.9878, 62960.3269, 62960.3269, 62960.4096, 0
62961.0, 9.10, 27, 1.05, 3, 0.46, 1, 7.8, 18.0, 17.0,62960.9870, 62961.3662, 62961.3662, 62961.4100, 0
62962.0, 10.18, 30, 0.00, 0, 0.46, 1, 7.9, 18.1, -1.0,62961.9862, 62962.4103, 0.0000, 0.0000, 0
62963.0, 10.21, 30, 0.00, 0, 0.46, 1, 7.9, 18.2, -1.0,62962.9854, 62963.4107, 0.0000, 0.0000, 1
62964.0, 10.23, 30, 0.00, 0, 0.46, 1, 8.0, 18.3, -1.0,62963.9847, 62964.4111, 0.0000, 0.0000, 0
62965.0, 10.26, 30, 0.00, 0, 0.46, 1, 8.0, 18.3, -1.0,62964.9839, 62965.4114, 0.0000, 0.0000, 0
62966.0, 10.29, 30, 0.00, 0, 0.46, 1, 8.1, 18.4, -1.0,62965.9832, 62966.4118, 0.0000, 0.0000, 0
62967.0, 9.08, 27, 1.24, 3, 0.46, 1, 8.1, 18.5, 9.4,62967.0340, 62967.4122, 62966.9825, 62967.0340, 0
62968.0, 8.12, 24, 2.22, 6, 0.46, 1, 8.2, 18.5, 10.4,62968.0742, 62968.4125, 62967.9817, 62968.0742, 0
62969.0, 7.10, 21, 3.27, 9, 0.46, 1, 8.2, 18.6, 11.5,62969.1172, 62969.4129, 62968.9810, 62969.1172, 0
62970.0, 6.04, 18, 4.35, 13, 0.46, 1, 8.3, 18.7, 12.6,62970.1614, 62970.4133, 62969.9803, 62970.1614, 0
62971.0, 4.99, 14, 5.43, 16, 0.46, 1, 8.3, 18.8, 13.8,62971.2058, 62971.4136, 62970.9796, 62971.2058, 0
62972.0, 0.00, 0, 10.44, 31, 0.46, 1, 8.4, 18.8, -1.0,0.0000, 0.0000, 62971.9789, 62972.4140, 0
62973.0, 0.00, 0, 10.47, 31, 0.46, 1, 8.4, 18.9, -1.0,0.0000, 0.0000, 62972.9782, 62973.4143, 0
62974.0, 0.00, 0, 10.49, 31, 0.46, 1, 8.5, 19.0, -1.0,0.0000, 0.0000, 62973.9775, 62974.4147, 0
62975.0, 0.00, 0, 10.52, 31, 0.46, 1, 8.5, 19.1, -1.0,0.0000, 0.0000, 62974.9769, 62975.4150, 0
62976.0, 0.00, 0, 10.54, 31, 0.46, 1, 8.6, 19.1, -1.0,0.0000, 0.0000, 62975.9762, 62976.4154, 0
62977.0, 0.00, 0, 10.56, 31, 0.46, 1, 8.6, 19.2, -1.0,0.0000, 0.0000, 62976.9756, 62977.4158, 0
62978.0, 0.00, 0, 10.59, 31, 0.46, 1, 8.7, 19.3, -1.0,0.0000, 0.0000, 62977.9749, 62978.4161, 0
62979.0, 0.00, 0, 10.61, 31, 0.46, 1, 8.7, 19.4, -1.0,0.0000, 0.0000, 62978.9743, 62979.4165, 0
62980.0, 0.00, 0, 10.63, 31, 0.46, 1, 8.8, 19.4, -1.0,0.0000, 0.0000, 62979.9737, 62980.4168, 0
62981.0, 0.00, 0, 10.66, 31, 0.46, 1, 8.8, 19.5, -1.0,0.0000, 0.0000, 62980.9731, 62981.4172, 0
62982.0, 0.00, 0, 10.68, 32, 0.46, 1, 8.9, 19.6, -1.0,0.0000, 0.0000, 62981.9725, 62982.4175, 0
62983.0, 0.00, 0, 10.70, 32, 0.46, 1, 8.9, 19.7, -1.0,0.0000, 0.0000, 62982.9719, 62983.4179, 0
62984.0, 0.00, 0, 10.72, 32, 0.46, 1, 9.0, 19.7, -1.0,0.0000, 0.0000, 62983.9714, 62984.4182, 0
62985.0, 4.55, 13, 6.19, 18, 0.46, 1, 9.0, 19.8, 13.6,62984.9708, 62985.1606, 62985.1606, 62985.4186, 0
62986.0, 5.46, 16, 5.31, 15, 0.46, 1, 9.1, 19.9, 14.6,62985.9703, 62986.1976, 62986.1976, 62986.4189, 0
62987.0, 6.37, 19, 4.42, 13, 0.46, 1, 9.1, 20.0, 15.5,62986.9697, 62987.2350, 62987.2350, 62987.4193, 0
62988.0, 7.30, 21, 3.51, 10, 0.46, 1, 9.2, 20.0, 16.5,62987.9692, 62988.2732, 62988.2732, 62988.4196, 0
62989.0, 8.25, 24, 2.58, 7, 0.47, 1, 9.2, 20.1, 17.5,62988.9687, 62989.3125, 62989.3125, 62989.4200, 0
62990.0, 9.24, 27, 1.61, 4, 0.47, 1, 9.3, 20.2, 18.6,62989.9682, 62990.3533, 62990.3533, 62990.4203, 0
62991.0, 10.28, 30, 0.59, 1, 0.47, 1, 9.4, 20.3, 19.7,62990.9677, 62991.3960, 62991.3960, 62991.4207, 0
62992.0, 10.89, 32, 0.00, 0, 0.47, 1, 9.4, 20.3, -1.0,62991.9673, 62992.4211, 0.0000, 0.0000, 0
62993.0, 10.91, 32, 0.00, 0, 0.47, 1, 9.5, 20.4, -1.0,62992.9668, 62993.4214, 0.0000, 0.0000, 1
62994.0, 10.93, 32, 0.00, 0, 0.47, 1, 9.5, 20.5, -1.0,62993.9664, 62994.4218, 0.0000, 0.0000, 0
62995.0, 10.95, 32, 0.00, 0, 0.47, 1, 9.6, 20.6, -1.0,62994.9659, 62995.4221, 0.0000, 0.0000, 0
62996.0, 9.51, 28, 1.46, 4, 0.47, 1, 9.6, 20.6, 11.1,62996.0262, 62996.4225, 62995.9655, 62996.0262, 0
62997.0, 8.43, 25, 2.55, 7, 0.47, 1, 9.7, 20.7, 12.2,62997.0715, 62997.4228, 62996.9651, 62997.0715, 0
62998.0, 7.34, 22, 3.66, 10, 0.47, 1, 9.7, 20.8, 13.4,62998.1171, 62998.4231, 62997.9647, 62998.1171, 0
62999.0, 6.28, 18, 4.74, 14, 0.47, 1, 9.8, 20.8, 14.6,62999.1618, 62999.4235, 62998.9644, 62999.1618, 0
63000.0, 5.25, 15, 5.79, 17, 0.47, 1, 9.9, 20.9, 15.7,63000.2051, 63000.4238, 62999.9640, 63000.2051, 0
63001.0, 0.00, 0, 11.05, 33, 0.47, 1, 9.9, 21.0, -1.0,0.0000, 0.0000, 63000.9637, 63001.4242, 0
63002.0, 0.00, 0, 11.07, 33, 0.47, 1, 10.0, 21.1, -1.0,0.0000, 0.0000, 63001.9633, 63002.4245, 0
63003.0, 0.00, 0, 11.08, 33, 0.47, 1, 10.0, 21.1, -1.0,0.0000, 0.0000, 63002.9630, 63003.4249, 0
63004.0, 0.00, 0, 11.10, 33, 0.47, 1, 10.1, 21.2, -1.0,0.0000, 0.0000, 63003.9627, 63004.4252, 0
63005.0, 0.00, 0, 11.12, 33, 0.47, 1, 10.1, 21.3, -1.0,0.0000, 0.0000, 63004.9624, 63005.4256, 0
63006.0, 0.00, 0, 11.13, 33, 0.47, 1, 10.2, 21.4, -1.0,0.0000, 0.0000, 63005.9622, 63006.4259, 0
63007.0, 0.00, 0, 11.14, 33, 0.48, 1, 10.3, 21.4, -1.0,0.0000, 0.0000, 63006.9619, 63007.4262, 0
63008.0, 0.00, 0, 11.16, 33, 0.48, 1, 10.3, 21.5, -1.0,0.0000, 0.0000, 63007.9617, 63008.4266, 0
63009.0, 0.00, 0, 11.17, 33, 0.48, 1, 10.4, 21.6, -1.0,0.0000, 0.0000, 63008.9614, 63009.4269, 0
63010.0, 0.00, 0, 11.18, 33, 0.48, 1, 10.4, 21.7, -1.0,0.0000, 0.0000, 63009.9612, 63010.4273, 0
63011.0, 0.00, 0, 11.20, 33, 0.48, 1, 10.5, 21.7, -1.0,0.0000, 0.0000, 63010.9610, 63011.4276, 0
63012.0, 0.00, 0, 11.21, 33, 0.48, 1, 10.6, 21.8, -1.0,0.0000, 0.0000, 63011.9608, 63012.4279, 0
63013.0, 0.00, 0, 11.22, 33, 0.48, 1, 10.6, 21.9, -1.0,0.0000, 0.0000, 63012.9607, 63013.4282, 0
63014.0, 4.44, 13, 6.80, 20, 0.48, 1, 10.7, 22.0, 15.1,63013.9605, 63014.1453, 63014.1453, 63014.4286, 0
63015.0, 5.33, 15, 5.91, 17, 0.48, 1, 10.8, 22.0, 16.1,63014.9604, 63015.1824, 63015.1824, 63015.4289, 0
63016.0, 6.24, 18, 5.01, 15, 0.48, 1, 10.8, 22.1, 17.1,63015.9602, 63016.2203, 63016.2203, 63016.4292, 0
63017.0, 7.18, 21, 4.08, 12, 0.48, 1, 10.9, 22.2, 18.1,63016.9601, 63017.2593, 63017.2593, 63017.4295, 0
63018.0, 8.16, 24, 3.11, 9, 0.48, 1, 10.9, 22.2, 19.1,63017.9600, 63018.3001, 63018.3001, 63018.4298, 0
63019.0, 9.19, 27, 2.09, 6, 0.48, 1, 11.0, 22.3, 20.2,63018.9599, 63019.3429, 63019.3429, 63019.4301, 0
63020.0, 10.27, 30, 1.02, 3, 0.48, 1, 11.1, 22.4, 21.4,63019.9598, 63020.3877, 63020.3877, 63020.4304, 0
63021.0, 11.30, 33, 0.00, 0, 0.48, 1, 11.1, 22.5, -1.0,63020.9598, 63021.4307, 0.0000, 0.0000, 0
63022.0, 11.31, 33, 0.00, 0, 0.48, 1, 11.2, 22.5, -1.0,63021.9597, 63022.4310, 0.0000, 0.0000, 1
63023.0, 11.32, 33, 0.00, 0, 0.48, 1, 11.3, 22.6, -1.0,63022.9597, 63023.4312, 0.0000, 0.0000, 0
63024.0, 11.32, 33, 0.00, 0, 0.48, 1, 11.3, 22.7, -1.0,63023.9597, 63024.4315, 0.0000, 0.0000, 0
63025.0, 9.81, 29, 1.52, 4, 0.48, 1, 11.4, 22.8, 12.9,63025.0230, 63025.4318, 63024.9597, 63025.0230, 0
63026.0, 8.69, 26, 2.65, 7, 0.48, 1, 11.5, 22.8, 14.1,63026.0699, 63026.4320, 63025.9597, 63026.0699, 0
63027.0, 7.61, 22, 3.73, 11, 0.48, 1, 11.5, 22.9, 15.3,63027.1152, 63027.4323, 63026.9597, 63027.1152, 0
63028.0, 6.57, 19, 4.78, 14, 0.48, 1, 11.6, 23.0, 16.4,63028.1587, 63028.4325, 63027.9597, 63028.1587, 0
63029.0, 5.57, 16, 5.78, 17, 0.48, 1, 11.7, 23.0, 17.5,63029.2006, 63029.4328, 63028.9597, 63029.2006, 0
63030.0, 4.60, 13, 6.75, 20, 0.48, 1, 11.7, 23.1, 18.5,63030.2412, 63030.4330, 63029.9598, 63030.2412, 0
63031.0, 0.00, 0, 11.36, 34, 0.48, 1, 11.8, 23.2, -1.0,0.0000, 0.0000, 63030.9599, 63031.4332, 0
63032.0, 0.00, 0, 11.36, 34, 0.48, 1, 11.9, 23.3, -1.0,0.0000, 0.0000, 63031.9599, 63032.4334, 0
63033.0, 0.00, 0, 11.37, 34, 0.49, 1, 11.9, 23.3, -1.0,0.0000, 0.0000, 63032.9600, 63033.4336, 0
63034.0, 0.00, 0, 11.37, 34, 0.49, 1, 12.0, 23.4, -1.0,0.0000, 0.0000, 63033.9601, 63034.4338, 0
63035.0, 0.00, 0, 11.37, 34, 0.49, 1, 12.1, 23.5, -1.0,0.0000, 0.0000, 63034.9602, 63035.4340, 0
63036.0, 0.00, 0, 11.37, 34, 0.49, 1, 12.1, 23.5, -1.0,0.0000, 0.0000, 63035.9604, 63036.4342, 0
63037.0, 0.00, 0, 11.37, 34, 0.49, 1, 12.2, 23.6, -1.0,0.0000, 0.0000, 63036.9605, 63037.4344, 0
63038.0, 0.00, 0, 11.37, 34, 0.49, 1, 12.3, 23.7, -1.0,0.0000, 0.0000, 63037.9606, 63038.4345, 0
63039.0, 0.00, 0, 11.37, 34, 0.49, 1, 12.3, 23.7, -1.0,0.0000, 0.0000, 63038.9608, 63039.4347, 0
63040.0, 0.00, 0, 11.37, 34, 0.49, 1, 12.4, 23.8, -1.0,0.0000, 0.0000, 63039.9609, 63040.4348, 0
63041.0, 0.00, 0, 11.37, 34, 0.49, 1, 12.5, 23.9, -1.0,0.0000, 0.0000, 63040.9611, 63041.4349, 0
63042.0, 0.00, 0, 11.37, 34, 0.49, 1, 12.6, 24.0, -1.0,0.0000, 0.0000, 63041.9613, 63042.4350, 0
63043.0, 0.00, 0, 11.37, 34, 0.49, 1, 12.6, 0.0, -1.0,0.0000, 0.0000, 63042.9615, 63043.4352, 0
63044.0, 4.98, 14, 6.39, 19, 0.49, 1, 12.7, 0.1, 17.7,63043.9617, 63044.1692, 63044.1692, 63044.4352, 0
63045.0, 5.91, 17, 5.45, 16, 0.48, 1, 12.8, 0.2, 18.7,63044.9619, 63045.2081, 63045.2081, 63045.4353, 0
63046.0, 6.88, 20, 4.48, 13, 0.48, 1, 12.8, 0.2, 19.7,63045.9621, 63046.2487, 63046.2487, 63046.4354, 0
63047.0, 7.89, 23, 3.46, 10, 0.48, 1, 12.9, 0.3, 20.8,63046.9623, 63047.2913, 63047.2913, 63047.4354, 0
63048.0, 8.95, 26, 2.40, 7, 0.48, 1, 13.0, 0.4, 22.0,63047.9625, 63048.3355, 63048.3355, 63048.4355, 0
63049.0, 10.03, 30, 1.32, 3, 0.48, 1, 13.0, 0.4, 23.1,63048.9628, 63049.3807, 63049.3807, 63049.4355, 0
63050.0, 11.34, 34, 0.00, 0, 0.48, 1, 13.1, 0.5, -1.0,63049.9630, 63050.4355, 0.0000, 0.0000, 0
63051.0, 11.34, 34, 0.00, 0, 0.48, 1, 13.2, 0.6, -1.0,63050.9632, 63051.4355, 0.0000, 0.0000, 1
63052.0, 11.33, 33, 0.00, 0, 0.48, 1, 13.3, 0.6, -1.0,63051.9635, 63052.4355, 0.0000, 0.0000, 0
63053.0, 11.32, 33, 0.00, 0, 0.48, 1, 13.3, 0.7, -1.0,63052.9637, 63053.4355, 0.0000, 0.0000, 0
63054.0, 9.98, 29, 1.33, 3, 0.48, 1, 13.4, 0.8, 14.7,63054.0195, 63054.4355, 63053.9640, 63054.0195, 0
63055.0, 8.88, 26, 2.43, 7, 0.48, 1, 13.5, 0.8, 15.9,63055.0655, 63055.4354, 63054.9643, 63055.0655, 0
63056.0, 7.82, 23, 3.48, 10, 0.48, 1, 13.5, 0.9, 17.0,63056.1095, 63056.4354, 63055.9645, 63056.1095, 0
63057.0, 6.80, 20, 4.49, 13, 0.48, 1, 13.6, 0.9, 18.1,63057.1519, 63057.4353, 63056.9648, 63057.1519, 0
63058.0, 5.81, 17, 5.47, 16, 0.48, 1, 13.7, 1.0, 19.2,63058.1929, 63058.4352, 63057.9651, 63058.1929, 0
63059.0, 4.85, 14, 6.42, 19, 0.48, 1, 13.8, 1.1, 20.2,63059.2329, 63059.4351, 63058.9654, 63059.2329, 0
63060.0, 0.00, 0, 11.26, 33, 0.48, 1, 13.8, 1.1, -1.0,0.0000, 0.0000, 63059.9657, 63060.4350, 0
63061.0, 0.00, 0, 11.25, 33, 0.48, 1, 13.9, 1.2, -1.0,0.0000, 0.0000, 63060.9660, 63061.4348, 0
63062.0, 0.00, 0, 11.24, 33, 0.48, 1, 14.0, 1.3, -1.0,0.0000, 0.0000, 63061.9663, 63062.4347, 0
63063.0, 0.00, 0, 11.23, 33, 0.48, 1, 14.1, 1.3, -1.0,0.0000, 0.0000, 63062.9666, 63063.4345, 0
63064.0, 0.00, 0, 11.22, 33, 0.48, 1, 14.1, 1.4, -1.0,0.0000, 0.0000, 63063.9669, 63064.4343, 0
63065.0, 0.00, 0, 11.21, 33, 0.48, 1, 14.2, 1.4, -1.0,0.0000, 0.0000, 63064.9672, 63065.4341, 0
63066.0, 0.00, 0, 11.20, 33, 0.48, 1, 14.3, 1.5, -1.0,0.0000, 0.0000, 63065.9675, 63066.4339, 0
63067.0, 0.00, 0, 11.18, 33, 0.48, 1, 14.4, 1.6, -1.0,0.0000, 0.0000, 63066.9678, 63067.4337, 0
63068.0, 0.00, 0, 11.17, 33, 0.48, 1, 14.4, 1.6, -1.0,0.0000, 0.0000, 63067.9681, 63068.4335, 0
63069.0, 0.00, 0, 11.16, 33, 0.48, 1, 14.5, 1.7, -1.0,0.0000, 0.0000, 63068.9684, 63069.4332, 0
63070.0, 0.00, 0, 11.14, 33, 0.48, 1, 14.6, 1.7, -1.0,0.0000, 0.0000, 63069.9687, 63070.4330, 0
63071.0, 0.00, 0, 11.13, 33, 0.47, 1, 14.6, 1.8, -1.0,0.0000, 0.0000, 63070.9690, 63071.4327, 0
63072.0, 0.00, 0, 11.11, 33, 0.47, 1, 14.7, 1.9, -1.0,0.0000, 0.0000, 63071.9693, 63072.4324, 0
63073.0, 4.55, 13, 6.55, 19, 0.47, 1, 14.8, 1.9, 19.4,63072.9697, 63073.1593, 63073.1593, 63073.4321, 0
63074.0, 5.52, 16, 5.56, 16, 0.47, 1, 14.9, 2.0, 20.4,63073.9700, 63074.1999, 63074.1999, 63074.4317, 0
63075.0, 6.52, 19, 4.54, 13, 0.47, 1, 14.9, 2.0, 21.5,63074.9703, 63075.2421, 63075.2421, 63075.4314, 0
63076.0, 7.55, 22, 3.50, 10, 0.47, 1, 15.0, 2.1, 22.6,63075.9706, 63076.2854, 63076.2854, 63076.4311, 0
63077.0, 8.59, 25, 2.44, 7, 0.47, 1, 15.1, 2.1, 23.7,63076.9709, 63077.3288, 63077.3288, 63077.4307, 0
63078.0, 9.59, 28, 1.42, 4, 0.47, 1, 15.2, 2.2, 0.8,63077.9713, 63078.3710, 63078.3710, 63078.4303, 0
63079.0, 10.54, 31, 0.46, 1, 0.47, 1, 15.2, 2.3, 1.8,63078.9716, 63079.4106, 63079.4106, 63079.4299, 0
63080.0, 10.98, 32, 0.00, 0, 0.47, 1, 15.3, 2.3, -1.0,63079.9719, 63080.4295, 0.0000, 0.0000, 1
63081.0, 10.96, 32, 0.00, 0, 0.47, 1, 15.4, 2.4, -1.0,63080.9722, 63081.4291, 0.0000, 0.0000, 0
63082.0, 10.95, 32, 0.00, 0, 0.47, 1, 15.5, 2.4, -1.0,63081.9725, 63082.4286, 0.0000, 0.0000, 0
63083.0, 9.96, 29, 0.97, 2, 0.47, 1, 15.5, 2.5, 16.5,63083.0132, 63083.4282, 63082.9728, 63083.0132, 0
63084.0, 8.88, 26, 2.03, 6, 0.47, 1, 15.6, 2.5, 17.6,63084.0577, 63084.4277, 63083.9732, 63084.0577, 0
63085.0, 7.84, 23, 3.05, 9, 0.47, 1, 15.7, 2.6, 18.7,63085.1007, 63085.4272, 63084.9735, 63085.1007, 0
63086.0, 6.83, 20, 4.04, 12, 0.47, 1, 15.7, 2.6, 19.8,63086.1423, 63086.4267, 63085.9738, 63086.1423, 0
63087.0, 5.85, 17, 5.01, 15, 0.47, 1, 15.8, 2.7, 20.8,63087.1827, 63087.4262, 63086.9741, 63087.1827, 0
63088.0, 4.90, 14, 5.93, 17, 0.47, 1, 15.9, 2.8, 21.8,63088.2217, 63088.4257, 63087.9744, 63088.2217, 0
63089.0, 3.98, 11, 6.83, 20, 0.46, 1, 16.0, 2.8, 22.8,63089.2592, 63089.4252, 63088.9747, 63089.2592, 0
63090.0, 0.00, 0, 10.79, 32, 0.46, 1, 16.0, 2.9, -1.0,0.0000, 0.0000, 63089.9751, 63090.4246, 0
63091.0, 0.00, 0, 10.77, 32, 0.46, 1, 16.1, 2.9, -1.0,0.0000, 0.0000, 63090.9754, 63091.4241, 0
63092.0, 0.00, 0, 10.75, 32, 0.46, 1, 16.2, 3.0, -1.0,0.0000, 0.0000, 63091.9757, 63092.4235, 0
63093.0, 0.00, 0, 10.73, 32, 0.46, 1, 16.3, 3.0, -1.0,0.0000, 0.0000, 63092.9760, 63093.4229, 0
63094.0, 0.00, 0, 10.70, 32, 0.46, 1, 16.3, 3.1, -1.0,0.0000, 0.0000, 63093.9763, 63094.4223, 0
63095.0, 0.00, 0, 10.68, 32, 0.46, 1, 16.4, 3.1, -1.0,0.0000, 0.0000, 63094.9766, 63095.4217, 0
63096.0, 0.00, 0, 10.66, 31, 0.46, 1, 16.5, 3.2, -1.0,0.0000, 0.0000, 63095.9769, 63096.4211, 0
63097.0, 0.00, 0, 10.64, 31, 0.46, 1, 16.6, 3.2, -1.0,0.0000, 0.0000, 63096.9773, 63097.4205, 0
63098.0, 0.00, 0, 10.61, 31, 0.46, 1, 16.6, 3.3, -1.0,0.0000, 0.0000, 63097.9776, 63098.4199, 0
63099.0, 0.00, 0, 10.59, 31, 0.46, 1, 16.7, 3.3, -1.0,0.0000, 0.0000, 63098.9779, 63099.4192, 0
63100.0, 0.00, 0, 10.57, 31, 0.46, 1, 16.8, 3.4, -1.0,0.0000, 0.0000, 63099.9782, 63100.4185, 0
63101.0, 0.00, 0, 10.54, 31, 0.46, 1, 16.8, 3.4, -1.0,0.0000, 0.0000, 63100.9785, 63101.4179, 0
63102.0, 0.00, 0, 10.52, 31, 0.46, 1, 16.9, 3.5, -1.0,0.0000, 0.0000, 63101.9788, 63102.4172, 0
63103.0, 5.19, 15, 5.31, 15, 0.46, 1, 17.0, 3.5, 22.2,63102.9791, 63103.1954, 63103.1954, 63103.4165, 0
63104.0, 6.19, 18, 4.28, 12, 0.46, 1, 17.1, 3.6, 23.3,63103.9795, 63104.2376, 63104.2376, 63104.4158, 0
63105.0, 7.18, 21, 3.27, 9, 0.46, 1, 17.1, 3.6, 0.3,63104.9798, 63105.2789, 63105.2789, 63105.4151, 0
63106.0, 8.12, 24, 2.31, 6, 0.46, 1, 17.2, 3.7, 1.3,63105.9801, 63106.3182, 63106.3182, 63106.4144, 0
63107.0, 8.99, 26, 1.41, 4, 0.46, 1, 17.3, 3.7, 2.3,63106.9804, 63107.3549, 63107.3549, 63107.4136, 0
63108.0, 9.79, 29, 0.58, 1, 0.46, 1, 17.4, 3.8, 3.2,63107.9807, 63108.3887, 63108.3887, 63108.4129, 0
63109.0, 10.35, 31, 0.00, 0, 0.46, 1, 17.4, 3.8, -1.0,63108.9810, 63109.4122, 0.0000, 0.0000, 0
63110.0, 10.32, 30, 0.00, 0, 0.46, 1, 17.5, 3.9, -1.0,63109.9813, 63110.4114, 0.0000, 0.0000, 1
63111.0, 10.30, 30, 0.00, 0, 0.46, 1, 17.6, 3.9, -1.0,63110.9817, 63111.4106, 0.0000, 0.0000, 0
63112.0, 9.73, 29, 0.54, 1, 0.46, 1, 17.6, 3.9, 18.2,63112.0045, 63112.4099, 63111.9820, 63112.0045, 0
63113.0, 8.67, 26, 1.57, 4, 0.46, 1, 17.7, 4.0, 19.3,63113.0477, 63113.4091, 63112.9823, 63113.0477, 0
63114.0, 7.65, 22, 2.57, 7, 0.46, 1, 17.8, 4.0, 20.4,63114.0897, 63114.4083, 63113.9826, 63114.0897, 0
63115.0, 6.65, 19, 3.54, 10, 0.46, 1, 17.9, 4.1, 21.4,63115.1303, 63115.4075, 63114.9830, 63115.1303, 0
63116.0, 5.70, 17, 4.46, 13, 0.46, 1, 17.9, 4.1, 22.4,63116.1693, 63116.4067, 63115.9833, 63116.1693, 0
63117.0, 4.79, 14, 5.34, 16, 0.46, 1, 18.0, 4.2, 23.4,63117.2062, 63117.4059, 63116.9836, 63117.2062, 0
63118.0, 3.94, 11, 6.17, 18, 0.46, 1, 18.1, 4.2, 0.3,63118.2409, 63118.4051, 63117.9839, 63118.2409, 0
63119.0, 0.00, 0, 10.08, 30, 0.46, 1, 18.2, 4.3, -1.0,0.0000, 0.0000, 63118.9843, 63119.4043, 0
63120.0, 0.00, 0, 10.05, 30, 0.46, 1, 18.2, 4.3, -1.0,0.0000, 0.0000, 63119.9846, 63120.4034, 0
63121.0, 0.00, 0, 10.02, 30, 0.46, 1, 18.3, 4.4, -1.0,0.0000, 0.0000, 63120.9850, 63121.4026, 0
63122.0, 0.00, 0, 10.00, 29, 0.46, 1, 18.4, 4.4, -1.0,0.0000, 0.0000, 63121.9853, 63122.4018, 0
63123.0, 0.00, 0, 9.97, 29, 0.46, 1, 18.5, 4.5, -1.0,0.0000, 0.0000, 63122.9856, 63123.4009, 0
63124.0, 0.00, 0, 9.94, 29, 0.46, 1, 18.5, 4.5, -1.0,0.0000, 0.0000, 63123.9860, 63124.4001, 0
63125.0, 0.00, 0, 9.91, 29, 0.46, 1, 18.6, 4.5, -1.0,0.0000, 0.0000, 63124.9863, 63125.3992, 0
63126.0, 0.00, 0, 9.88, 29, 0.46, 1, 18.7, 4.6, -1.0,0.0000, 0.0000, 63125.9867, 63126.3984, 0
63127.0, 0.00, 0, 9.85, 29, 0.46, 1, 18.8, 4.6, -1.0,0.0000, 0.0000, 63126.9871, 63127.3975, 0
63128.0, 0.00, 0, 9.82, 29, 0.46, 1, 18.8, 4.7, -1.0,0.0000, 0.0000, 63127.9874, 63128.3967, 0
63129.0, 0.00, 0, 9.79, 29, 0.46, 1, 18.9, 4.7, -1.0,0.0000, 0.0000, 63128.9878, 63129.3958, 0
63130.0, 0.00, 0, 9.76, 29, 0.46, 1, 19.0, 4.8, -1.0,0.0000, 0.0000, 63129.9882, 63130.3950, 0
63131.0, 0.00, 0, 9.73, 29, 1.07, 3, 19.1, 4.8, -1.0,0.0000, 0.0000, 63130.9885, 63131.3941, 0
63132.0, 4.85, 14, 4.85, 14, 1.07, 3, 19.1, 4.9, 24.0,63131.9889, 63132.1911, 63132.1911, 63132.3932, 0
63133.0, 5.78, 17, 3.89, 11, 1.08, 3, 19.2, 4.9, 1.0,63132.9893, 63133.2302, 63133.2302, 63133.3923, 0
63134.0, 6.65, 19, 2.99, 8, 1.08, 3, 19.3, 4.9, 1.9,63133.9897, 63134.2667, 63134.2667, 63134.3915, 0
63135.0, 7.45, 22, 2.16, 6, 1.08, 3, 19.4, 5.0, 2.8,63134.9901, 63135.3004, 63135.3004, 63135.3906, 0
63136.0, 8.19, 24, 1.40, 4, 1.08, 3, 19.4, 5.0, 3.6,63135.9905, 63136.3316, 63136.3316, 63136.3897, 0
63137.0, 8.88, 26, 0.67, 2, 1.08, 3, 19.5, 5.1, 4.4,63136.9909, 63137.3607, 63137.3607, 63137.3888, 0
63138.0, 9.52, 28, 0.00, 0, 1.08, 3, 19.6, 5.1, -1.0,63137.9913, 63138.3880, 0.0000, 0.0000, 0
63139.0, 9.49, 28, 0.00, 0, 1.08, 3, 19.7, 5.2, -1.0,63138.9917, 63139.3871, 0.0000, 0.0000, 0
63140.0, 9.46, 28, 0.00, 0, 1.08, 3, 19.7, 5.2, -1.0,63139.9921, 63140.3862, 0.0000, 0.0000, 1
63141.0, 9.43, 28, 0.00, 0, 1.09, 3, 19.8, 5.3, -1.0,63140.9926, 63141.3853, 0.0000, 0.0000, 0
63142.0, 8.36, 25, 1.04, 3, 1.09, 3, 19.9, 5.3, 20.9,63142.0362, 63142.3844, 63141.9930, 63142.0362, 0
63143.0, 7.37, 22, 2.00, 5, 1.09, 3, 20.0, 5.4, 22.0,63143.0766, 63143.3836, 63142.9934, 63143.0766, 0
63144.0, 6.42, 19, 2.91, 8, 1.09, 3, 20.0, 5.4, 23.0,63144.1152, 63144.3827, 63143.9939, 63144.1152, 0
63145.0, 5.53, 16, 3.77, 11, 1.09, 3, 20.1, 5.4, 23.9,63145.1514, 63145.3818, 63144.9943, 63145.1514, 0
63146.0, 4.70, 14, 4.56, 13, 1.09, 3, 20.2, 5.5, 0.8,63146.1850, 63146.3810, 63145.9948, 63146.1850, 0
63147.0, 3.94, 11, 5.29, 15, 1.10, 3, 20.3, 5.5, 1.6,63147.2159, 63147.3801, 63146.9953, 63147.2159, 0
63148.0, 3.24, 9, 5.97, 17, 1.10, 3, 20.3, 5.6, 2.3,63148.2443, 63148.3792, 63147.9957, 63148.2443, 0
63149.0, 0.00, 0, 9.17, 27, 1.10, 3, 20.4, 5.6, -1.0,0.0000, 0.0000, 63148.9962, 63149.3784, 0
63150.0, 0.00, 0, 9.14, 27, 1.10, 3, 20.5, 5.7, -1.0,0.0000, 0.0000, 63149.9967, 63150.3775, 0
63151.0, 0.00, 0, 9.11, 27, 1.11, 3, 20.6, 5.7, -1.0,0.0000, 0.0000, 63150.9972, 63151.3767, 0
63152.0, 0.00, 0, 9.07, 27, 1.11, 3, 20.7, 5.8, -1.0,0.0000, 0.0000, 63151.9977, 63152.3758, 0
63153.0, 0.00, 0, 9.04, 27, 1.11, 3, 20.7, 5.8, -1.0,0.0000, 0.0000, 63152.9982, 63153.3750, 0
63154.0, 0.00, 0, 9.01, 27, 1.11, 3, 20.8, 5.8, -1.0,0.0000, 0.0000, 63153.9987, 63154.3741, 0
63155.0, 0.00, 0, 8.98, 26, 1.12, 3, 20.9, 5.9, -1.0,0.0000, 0.0000, 63154.9993, 63155.3733, 0
63156.0, 0.00, 0, 8.94, 26, 1.12, 3, 21.0, 5.9, -1.0,0.0000, 0.0000, 63155.9998, 63156.3725, 0
63157.0, 0.00, 0, 8.91, 26, 1.12, 3, 21.0, 6.0, -1.0,0.0000, 0.0000, 63157.0003, 63157.3717, 0
63158.0, 0.00, 0, 8.88, 26, 1.12, 3, 21.1, 6.0, -1.0,0.0000, 0.0000, 63158.0009, 63158.3708, 0
63159.0, 0.00, 0, 8.85, 26, 1.13, 3, 21.2, 6.1, -1.0,0.0000, 0.0000, 63159.0014, 63159.3700, 0
63160.0, 0.00, 0, 8.81, 26, 1.13, 3, 21.3, 6.1, -1.0,0.0000, 0.0000, 63160.0020, 63160.3692, 0
63161.0, 4.29, 12, 4.49, 13, 1.13, 3, 21.4, 6.2, 1.7,63161.0026, 63161.1812, 63161.1812, 63161.3684, 0
63162.0, 5.09, 15, 3.65, 10, 1.14, 3, 21.4, 6.2, 2.6,63162.0032, 63162.2154, 63162.2154, 63162.3677, 0
63163.0, 5.83, 17, 2.88, 8, 1.14, 3, 21.5, 6.3, 3.4,63163.0037, 63163.2467, 63163.2467, 63163.3669, 0
63164.0, 6.51, 19, 2.17, 6, 1.14, 3, 21.6, 6.3, 4.1,63164.0043, 63164.2757, 63164.2757, 63164.3661, 0
63165.0, 7.16, 21, 1.49, 4, 1.15, 3, 21.7, 6.4, 4.9,63165.0049, 63165.3032, 63165.3032, 63165.3654, 0
63166.0, 7.79, 23, 0.83, 2, 1.15, 3, 21.8, 6.4, 5.6,63166.0055, 63166.3300, 63166.3300, 63166.3646, 0
63167.0, 8.59, 25, 0.00, 0, 1.15, 3, 21.8, 6.5, -1.0,63167.0062, 63167.3639, 0.0000, 0.0000, 0
63168.0, 8.55, 25, 0.00, 0, 1.16, 3, 21.9, 6.5, -1.0,63168.0068, 63168.3631, 0.0000, 0.0000, 0
63169.0, 8.52, 25, 0.00, 0, 1.16, 3, 22.0, 6.6, -1.0,63169.0074, 63169.3624, 0.0000, 0.0000, 1
63170.0, 8.49, 25, 0.00, 0, 1.16, 3, 22.1, 6.6, -1.0,63170.0080, 63170.3617, 0.0000, 0.0000, 0
63171.0, 8.46, 25, 0.00, 0, 1.17, 3, 22.2, 6.6, -1.0,63171.0087, 63171.3610, 0.0000, 0.0000, 0
63172.0, 7.19, 21, 1.23, 3, 1.17, 3, 22.2, 6.7, 23.5,63172.0607, 63172.3603, 63172.0093, 63172.0607, 0
63173.0, 6.33, 18, 2.06, 6, 1.17, 3, 22.3, 6.7, 0.4,63173.0958, 63173.3597, 63173.0100, 63173.0958, 0
63174.0, 5.54, 16, 2.82, 8, 1.18, 3, 22.4, 6.8, 1.2,63174.1281, 63174.3590, 63174.0106, 63174.1281, 0
63175.0, 4.82, 14, 3.51, 10, 1.18, 3, 22.5, 6.8, 2.0,63175.1577, 63175.3584, 63175.0113, 63175.1577, 0
63176.0, 4.15, 12, 4.15, 12, 1.18, 3, 22.6, 6.9, 2.7,63176.1849, 63176.3578, 63176.0120, 63176.1849, 0
63177.0, 3.53, 10, 4.74, 14, 1.19, 3, 22.7, 6.9, 3.4,63177.2101, 63177.3571, 63177.0126, 63177.2101, 0
63178.0, 2.94, 8, 5.30, 15, 1.19, 3, 22.7, 7.0, 4.1,63178.2341, 63178.3565, 63178.0133, 63178.2341, 0
63179.0, 0.00, 0, 8.21, 24, 1.20, 3, 22.8, 7.1, -1.0,0.0000, 0.0000, 63179.0140, 63179.3560, 0
63180.0, 0.00, 0, 8.18, 24, 1.20, 3, 22.9, 7.1, -1.0,0.0000, 0.0000, 63180.0147, 63180.3554, 0
63181.0, 0.00, 0, 8.15, 24, 1.20, 3, 23.0, 7.2, -1.0,0.0000, 0.0000, 63181.0154, 63181.3548, 0
63182.0, 0.00, 0, 8.12, 24, 1.21, 3, 23.1, 7.2, -1.0,0.0000, 0.0000, 63182.0161, 63182.3543, 0
63183.0, 0.00, 0, 8.09, 24, 1.21, 3, 23.2, 7.3, -1.0,0.0000, 0.0000, 63183.0168, 63183.3538, 0
63184.0, 0.00, 0, 8.06, 24, 1.22, 3, 23.2, 7.3, -1.0,0.0000, 0.0000, 63184.0175, 63184.3533, 0
63185.0, 0.00, 0, 8.03, 24, 1.22, 3, 23.3, 7.4, -1.0,0.0000, 0.0000, 63185.0182, 63185.3528, 0
63186.0, 0.00, 0, 8.00, 24, 1.22, 3, 23.4, 7.4, -1.0,0.0000, 0.0000, 63186.0189, 63186.3523, 0
63187.0, 0.00, 0, 7.97, 23, 1.23, 3, 23.5, 7.5, -1.0,0.0000, 0.0000, 63187.0196, 63187.3519, 0
63188.0, 0.00, 0, 7.95, 23, 1.23, 3, 23.6, 7.5, -1.0,0.0000, 0.0000, 63188.0203, 63188.3515, 0
63189.0, 0.00, 0, 7.92, 23, 1.23, 3, 23.6, 7.6, -1.0,0.0000, 0.0000, 63189.0210, 63189.3511, 0
63190.0, 0.00, 0, 7.89, 23, 1.24, 3, 23.7, 7.6, -1.0,0.0000, 0.0000, 63190.0217, 63190.3507, 0
63191.0, 4.09, 12, 3.78, 11, 1.24, 3, 23.8, 7.7, 3.9,63191.0224, 63191.1926, 63191.1926, 63191.3503, 0
63192.0, 4.73, 14, 3.11, 9, 1.25, 3, 23.9, 7.8, 4.6,63192.0231, 63192.2204, 63192.2204, 63192.3500, 0
63193.0, 5.35, 16, 2.47, 7, 1.25, 3, 24.0, 7.8, 5.3,63193.0238, 63193.2469, 63193.2469, 63193.3496, 0
63194.0, 5.97, 17, 1.83, 5, 1.25, 3, 0.1, 7.9, 6.0,63194.0245, 63194.2731, 63194.2731, 63194.3493, 0
63195.0, 6.59, 19, 1.18, 3, 1.26, 3, 0.1, 7.9, 6.8,63195.0252, 63195.2998, 63195.2998, 63195.3490, 0
63196.0, 7.24, 21, 0.51, 1, 1.26, 3, 0.2, 8.0, 7.5,63196.0259, 63196.3275, 63196.3275, 63196.3488, 0
63197.0, 7.73, 23, 0.00, 0, 1.26, 3, 0.3, 8.1, -1.0,63197.0266, 63197.3485, 0.0000, 0.0000, 0
63198.0, 7.70, 23, 0.00, 0, 1.27, 3, 0.4, 8.1, -1.0,63198.0273, 63198.3483, 0.0000, 0.0000, 1
63199.0, 7.68, 23, 0.00, 0, 1.27, 3, 0.5, 8.2, -1.0,63199.0280, 63199.3481, 0.0000, 0.0000, 0
63200.0, 7.66, 22, 0.00, 0, 1.27, 3, 0.6, 8.2, -1.0,63200.0286, 63200.3479, 0.0000, 0.0000, 0
63201.0, 7.64, 22, 0.00, 0, 1.28, 3, 0.6, 8.3, -1.0,63201.0293, 63201.3478, 0.0000, 0.0000, 0
63202.0, 6.63, 19, 0.99, 2, 1.28, 3, 0.7, 8.4, 1.7,63202.0713, 63202.3477, 63202.0299, 63202.0713, 0
63203.0, 5.95, 17, 1.65, 4, 1.28, 3, 0.8, 8.4, 2.5,63203.0995, 63203.3475, 63203.0306, 63203.0995, 0
63204.0, 5.33, 15, 2.26, 6, 1.28, 3, 0.9, 8.5, 3.1,63204.1255, 63204.3475, 63204.0312, 63204.1255, 0
63205.0, 4.74, 14, 2.83, 8, 1.29, 3, 1.0, 8.6, 3.8,63205.1498, 63205.3474, 63205.0318, 63205.1498, 0
63206.0, 4.18, 12, 3.37, 10, 1.29, 3, 1.0, 8.6, 4.4,63206.1731, 63206.3474, 63206.0325, 63206.1731, 0
63207.0, 3.63, 10, 3.91, 11, 1.29, 3, 1.1, 8.7, 5.0,63207.1959, 63207.3474, 63207.0331, 63207.1959, 0
63208.0, 3.08, 9, 4.45, 13, 1.29, 3, 1.2, 8.8, 5.7,63208.2192, 63208.3474, 63208.0336, 63208.2192, 0
63209.0, 0.00, 0, 7.52, 22, 1.30, 3, 1.3, 8.8, -1.0,0.0000, 0.0000, 63209.0342, 63209.3474, 0
63210.0, 0.00, 0, 7.50, 22, 1.30, 3, 1.4, 8.9, -1.0,0.0000, 0.0000, 63210.0348, 63210.3475, 0
63211.0, 0.00, 0, 7.49, 22, 1.30, 3, 1.4, 9.0, -1.0,0.0000, 0.0000, 63211.0353, 63211.3476, 0
63212.0, 0.00, 0, 7.48, 22, 1.30, 3, 1.5, 9.0, -1.0,0.0000, 0.0000, 63212.0359, 63212.3477, 0
63213.0, 0.00, 0, 7.47, 22, 1.30, 3, 1.6, 9.1, -1.0,0.0000, 0.0000, 63213.0364, 63213.3478, 0
63214.0, 0.00, 0, 7.47, 22, 1.30, 3, 1.7, 9.2, -1.0,0.0000, 0.0000, 63214.0369, 63214.3480, 0
63215.0, 0.00, 0, 7.46, 22, 1.31, 3, 1.8, 9.2, -1.0,0.0000, 0.0000, 63215.0374, 63215.3482, 0
63216.0, 0.00, 0, 7.45, 22, 1.31, 3, 1.8, 9.3, -1.0,0.0000, 0.0000, 63216.0379, 63216.3484, 0
63217.0, 0.00, 0, 7.45, 22, 1.31, 3, 1.9, 9.4, -1.0,0.0000, 0.0000, 63217.0383, 63217.3486, 0
63218.0, 0.00, 0, 7.44, 22, 1.31, 3, 2.0, 9.4, -1.0,0.0000, 0.0000, 63218.0388, 63218.3488, 0
63219.0, 0.00, 0, 7.44, 22, 1.31, 3, 2.1, 9.5, -1.0,0.0000, 0.0000, 63219.0392, 63219.3491, 0
63220.0, 3.00, 8, 4.44, 13, 1.31, 3, 2.1, 9.6, 5.1,63220.0396, 63220.1644, 63220.1644, 63220.3494, 0
63221.0, 3.62, 10, 3.81, 11, 1.31, 3, 2.2, 9.7, 5.8,63221.0400, 63221.1909, 63221.1909, 63221.3497, 0
63222.0, 4.25, 12, 3.18, 9, 1.31, 3, 2.3, 9.7, 6.5,63222.0403, 63222.2174, 63222.2174, 63222.3501, 0
63223.0, 4.89, 14, 2.54, 7, 1.31, 3, 2.4, 9.8, 7.3,63223.0406, 63223.2445, 63223.2445, 63223.3504, 0
63224.0, 5.57, 16, 1.87, 5, 1.31, 3, 2.4, 9.9, 8.0,63224.0410, 63224.2729, 63224.2729, 63224.3508, 0
63225.0, 6.28, 18, 1.16, 3, 1.31, 3, 2.5, 10.0, 8.8,63225.0412, 63225.3030, 63225.3030, 63225.3512, 1
63226.0, 7.44, 22, 0.00, 0, 1.31, 3, 2.6, 10.0, -1.0,63226.0415, 63226.3516, 0.0000, 0.0000, 1
63227.0, 7.45, 22, 0.00, 0, 1.31, 3, 2.6, 10.1, -1.0,63227.0418, 63227.3521, 0.0000, 0.0000, 0
63228.0, 7.45, 22, 0.00, 0, 1.31, 3, 2.7, 10.2, -1.0,63228.0420, 63228.3525, 0.0000, 0.0000, 1
63229.0, 7.46, 22, 0.00, 0, 1.30, 3, 2.8, 10.3, -1.0,63229.0422, 63229.3530, 0.0000, 0.0000, 0
63230.0, 7.47, 22, 0.00, 0, 1.30, 3, 2.9, 10.3, -1.0,63230.0424, 63230.3535, 0.0000, 0.0000, 0
63231.0, 7.48, 22, 0.00, 0, 1.30, 3, 2.9, 10.4, -1.0,63231.0425, 63231.3540, 0.0000, 0.0000, 0
63232.0, 6.91, 20, 0.58, 1, 1.30, 3, 3.0, 10.5, 3.6,63232.0667, 63232.3546, 63232.0427, 63232.0667, 0
63233.0, 6.36, 19, 1.14, 3, 1.30, 3, 3.1, 10.6, 4.2,63233.0903, 63233.3551, 63233.0428, 63233.0903, 0
63234.0, 5.82, 17, 1.68, 5, 1.30, 3, 3.1, 10.7, 4.8,63234.1131, 63234.3557, 63234.0429, 63234.1131, 0
63235.0, 5.29, 15, 2.23, 6, 1.30, 3, 3.2, 10.7, 5.4,63235.1357, 63235.3563, 63235.0429, 63235.1357, 0
63236.0, 4.75, 14, 2.78, 8, 1.29, 3, 3.3, 10.8, 6.1,63236.1590, 63236.3569, 63236.0430, 63236.1590, 0
63237.0, 4.17, 12, 3.38, 10, 1.29, 3, 3.3, 10.9, 6.7,63237.1836, 63237.3575, 63237.0430, 63237.1836, 0
63238.0, 3.54, 10, 4.02, 12, 1.29, 3, 3.4, 11.0, 7.4,63238.2105, 63238.3581, 63238.0430, 63238.2105, 0
63239.0, 0.00, 0, 7.58, 22, 1.29, 3, 3.5, 11.1, -1.0,0.0000, 0.0000, 63239.0430, 63239.3587, 0
63240.0, 0.00, 0, 7.59, 22, 1.28, 3, 3.5, 11.1, -1.0,0.0000, 0.0000, 63240.0429, 63240.3594, 0
63241.0, 0.00, 0, 7.61, 22, 1.28, 3, 3.6, 11.2, -1.0,0.0000, 0.0000, 63241.0428, 63241.3600, 0
63242.0, 0.00, 0, 7.63, 22, 1.28, 3, 3.7, 11.3, -1.0,0.0000, 0.0000, 63242.0428, 63242.3607, 0
63243.0, 0.00, 0, 7.65, 22, 1.27, 3, 3.7, 11.4, -1.0,0.0000, 0.0000, 63243.0426, 63243.3614, 0
63244.0, 0.00, 0, 7.67, 23, 1.27, 3, 3.8, 11.5, -1.0,0.0000, 0.0000, 63244.0425, 63244.3620, 0
63245.0, 0.00, 0, 7.69, 23, 1.27, 3, 3.8, 11.6, -1.0,0.0000, 0.0000, 63245.0423, 63245.3627, 0
63246.0, 0.00, 0, 7.71, 23, 1.26, 3, 3.9, 11.6, -1.0,0.0000, 0.0000, 63246.0421, 63246.3634, 0
63247.0, 0.00, 0, 7.73, 23, 1.26, 3, 4.0, 11.7, -1.0,0.0000, 0.0000, 63247.0419, 63247.3641, 0
63248.0, 0.00, 0, 7.76, 23, 1.26, 3, 4.0, 11.8, -1.0,0.0000, 0.0000, 63248.0417, 63248.3649, 0
63249.0, 0.00, 0, 7.78, 23, 1.25, 3, 4.1, 11.9, -1.0,0.0000, 0.0000, 63249.0414, 63249.3656, 0
63250.0, 2.89, 8, 4.91, 14, 1.25, 3, 4.1, 12.0, 7.0,63250.0412, 63250.1615, 63250.1615, 63250.3663, 0
63251.0, 3.57, 10, 4.25, 12, 1.25, 3, 4.2, 12.0, 7.8,63251.0409, 63251.1898, 63251.1898, 63251.3670, 0
63252.0, 4.29, 12, 3.56, 10, 1.24, 3, 4.3, 12.1, 8.6,63252.0406, 63252.2195, 63252.2195, 63252.3678, 0
63253.0, 5.05, 15, 2.83, 8, 1.24, 3, 4.3, 12.2, 9.4,63253.0402, 63253.2508, 63253.2508, 63253.3685, 0
63254.0, 5.85, 17, 2.05, 6, 1.24, 3, 4.4, 12.3, 10.2,63254.0399, 63254.2837, 63254.2837, 63254.3692, 0
63255.0, 6.69, 20, 1.24, 3, 1.23, 3, 4.4, 12.4, 11.1,63255.0395, 63255.3182, 63255.3182, 63255.3699, 0
63256.0, 7.96, 23, 0.00, 0, 1.23, 3, 4.5, 12.5, -1.0,63256.0391, 63256.3707, 0.0000, 0.0000, 0
63257.0, 7.99, 23, 0.00, 0, 1.23, 3, 4.5, 12.5, -1.0,63257.0387, 63257.3714, 0.0000, 0.0000, 0
63258.0, 8.01, 24, 0.00, 0, 1.22, 3, 4.6, 12.6, -1.0,63258.0382, 63258.3722, 0.0000, 0.0000, 0
63259.0, 8.04, 24, 0.00, 0, 1.22, 3, 4.7, 12.7, -1.0,63259.0378, 63259.3729, 0.0000, 0.0000, 1
63260.0, 8.07, 24, 0.00, 0, 1.21, 3, 4.7, 12.8, -1.0,63260.0373, 63260.3736, 0.0000, 0.0000, 0
63261.0, 8.10, 24, 0.00, 0, 1.21, 3, 4.8, 12.9, -1.0,63261.0368, 63261.3744, 0.0000, 0.0000, 0
63262.0, 7.70, 23, 0.43, 1, 1.21, 3, 4.8, 13.0, 5.2,63262.0541, 63262.3751, 63262.0363, 63262.0541, 0
63263.0, 7.17, 21, 0.99, 2, 1.20, 3, 4.9, 13.0, 5.9,63263.0770, 63263.3758, 63263.0358, 63263.0770, 0
63264.0, 6.62, 19, 1.57, 4, 1.20, 3, 4.9, 13.1, 6.5,63264.1008, 63264.3765, 63264.0353, 63264.1008, 0
63265.0, 6.02, 18, 2.20, 6, 1.19, 3, 5.0, 13.2, 7.2,63265.1263, 63265.3773, 63265.0347, 63265.1263, 0
63266.0, 5.37, 16, 2.88, 8, 1.19, 3, 5.0, 13.3, 7.9,63266.1541, 63266.3780, 63266.0342, 63266.1541, 0
63267.0, 4.64, 13, 3.64, 10, 1.19, 3, 5.1, 13.4, 8.7,63267.1852, 63267.3787, 63267.0336, 63267.1852, 0
63268.0, 0.00, 0, 8.31, 24, 1.18, 3, 5.1, 13.5, -1.0,0.0000, 0.0000, 63268.0330, 63268.3794, 0
63269.0, 0.00, 0, 8.35, 25, 1.18, 3, 5.2, 13.5, -1.0,0.0000, 0.0000, 63269.0324, 63269.3801, 0
63270.0, 0.00, 0, 8.38, 25, 1.18, 3, 5.2, 13.6, -1.0,0.0000, 0.0000, 63270.0317, 63270.3808, 0
63271.0, 0.00, 0, 8.41, 25, 1.17, 3, 5.3, 13.7, -1.0,0.0000, 0.0000, 63271.0311, 63271.3815, 0
63272.0, 0.00, 0, 8.44, 25, 1.17, 3, 5.3, 13.8, -1.0,0.0000, 0.0000, 63272.0305, 63272.3822, 0
63273.0, 0.00, 0, 8.47, 25, 1.16, 3, 5.4, 13.9, -1.0,0.0000, 0.0000, 63273.0298, 63273.3829, 0
63274.0, 0.00, 0, 8.51, 25, 1.16, 3, 5.4, 14.0, -1.0,0.0000, 0.0000, 63274.0291, 63274.3836, 0
63275.0, 0.00, 0, 8.54, 25, 1.16, 3, 5.5, 14.0, -1.0,0.0000, 0.0000, 63275.0284, 63275.3843, 0
63276.0, 0.00, 0, 8.57, 25, 1.15, 3, 5.5, 14.1, -1.0,0.0000, 0.0000, 63276.0277, 63276.3849, 0
63277.0, 0.00, 0, 8.61, 25, 1.15, 3, 5.6, 14.2, -1.0,0.0000, 0.0000, 63277.0270, 63277.3856, 0
63278.0, 0.00, 0, 8.64, 25, 1.15, 3, 5.6, 14.3, -1.0,0.0000, 0.0000, 63278.0263, 63278.3862, 0
63279.0, 2.61, 7, 6.06, 18, 1.14, 3, 5.7, 14.4, 8.3,63279.0256, 63279.1343, 63279.1343, 63279.3869, 0
63280.0, 3.38, 10, 5.32, 15, 1.14, 3, 5.7, 14.4, 9.1,63280.0248, 63280.1657, 63280.1657, 63280.3875, 0
63281.0, 4.19, 12, 4.55, 13, 1.14, 3, 5.8, 14.5, 10.0,63281.0241, 63281.1985, 63281.1985, 63281.3882, 0
63282.0, 5.02, 15, 3.75, 11, 1.13, 3, 5.8, 14.6, 10.9,63282.0233, 63282.2326, 63282.2326, 63282.3888, 0
63283.0, 5.88, 17, 2.92, 8, 1.13, 3, 5.9, 14.7, 11.8,63283.0226, 63283.2677, 63283.2677, 63283.3894, 0
63284.0, 6.76, 20, 2.08, 6, 1.13, 3, 5.9, 14.8, 12.7,63284.0218, 63284.3035, 63284.3035, 63284.3900, 0
63285.0, 7.64, 22, 1.23, 3, 1.13, 3, 6.0, 14.9, 13.6,63285.0210, 63285.3395, 63285.3395, 63285.3906, 0
63286.0, 8.90, 26, 0.00, 0, 1.12, 3, 6.0, 14.9, -1.0,63286.0202, 63286.3912, 0.0000, 0.0000, 0
63287.0, 8.94, 26, 0.00, 0, 1.12, 3, 6.1, 15.0, -1.0,63287.0195, 63287.3918, 0.0000, 0.0000, 1
63288.0, 8.97, 26, 0.00, 0, 1.12, 3, 6.1, 15.1, -1.0,63288.0187, 63288.3924, 0.0000, 0.0000, 0
63289.0, 9.00, 27, 0.00, 0, 1.11, 3, 6.1, 15.2, -1.0,63289.0178, 63289.3930, 0.0000, 0.0000, 0
63290.0, 9.04, 27, 0.00, 0, 1.11, 3, 6.2, 15.2, -1.0,63290.0170, 63290.3935, 0.0000, 0.0000, 0
63291.0, 9.07, 27, 0.00, 0, 1.11, 3, 6.2, 15.3, -1.0,63291.0162, 63291.3941, 0.0000, 0.0000, 0
63292.0, 8.41, 25, 0.69, 2, 1.11, 3, 6.3, 15.4, 7.0,63292.0442, 63292.3946, 63292.0154, 63292.0442, 0
63293.0, 7.78, 23, 1.36, 4, 1.10, 3, 6.3, 15.5, 7.7,63293.0711, 63293.3952, 63293.0146, 63293.0711, 0
63294.0, 7.08, 21, 2.09, 6, 1.10, 3, 6.4, 15.6, 8.5,63294.1007, 63294.3957, 63294.0138, 63294.1007, 0
63295.0, 6.31, 18, 2.89, 8, 1.10, 3, 6.4, 15.6, 9.3,63295.1335, 63295.3962, 63295.0129, 63295.1335, 0
63296.0, 5.44, 16, 3.79, 11, 1.10, 3, 6.5, 15.7, 10.3,63296.1700, 63296.3968, 63296.0121, 63296.1700, 0
63297.0, 4.49, 13, 4.77, 14, 1.10, 3, 6.5, 15.8, 11.3,63297.2101, 63297.3973, 63297.0112, 63297.2101, 0
63298.0, 0.00, 0, 9.30, 27, 1.09, 3, 6.6, 15.9, -1.0,0.0000, 0.0000, 63298.0104, 63298.3978, 0
63299.0, 0.00, 0, 9.33, 27, 1.09, 3, 6.6, 16.0, -1.0,0.0000, 0.0000, 63299.0096, 63299.3983, 0
63300.0, 0.00, 0, 9.36, 28, 1.09, 3, 6.6, 16.0, -1.0,0.0000, 0.0000, 63300.0087, 63300.3988, 0
63301.0, 0.00, 0, 9.39, 28, 1.09, 3, 6.7, 16.1, -1.0,0.0000, 0.0000, 63301.0079, 63301.3993, 0
63302.0, 0.00, 0, 9.43, 28, 1.09, 3, 6.7, 16.2, -1.0,0.0000, 0.0000, 63302.0070, 63302.3998, 0
63303.0, 0.00, 0, 9.46, 28, 1.08, 3, 6.8, 16.3, -1.0,0.0000, 0.0000, 63303.0062, 63303.4003, 0
63304.0, 0.00, 0, 9.49, 28, 1.08, 3, 6.8, 16.3, -1.0,0.0000, 0.0000, 63304.0053, 63304.4007, 0
63305.0, 0.00, 0, 9.52, 28, 1.08, 3, 6.9, 16.4, -1.0,0.0000, 0.0000, 63305.0045, 63305.4012, 0
63306.0, 0.00, 0, 9.55, 28, 1.08, 3, 6.9, 16.5, -1.0,0.0000, 0.0000, 63306.0036, 63306.4017, 0
63307.0, 0.00, 0, 9.58, 28, 1.08, 3, 7.0, 16.6, -1.0,0.0000, 0.0000, 63307.0028, 63307.4021, 0
63308.0, 0.00, 0, 9.61, 28, 1.08, 3, 7.0, 16.6, -1.0,0.0000, 0.0000, 63308.0019, 63308.4026, 0
63309.0, 3.45, 10, 6.19, 18, 1.08, 3, 7.1, 16.7, 10.5,63309.0011, 63309.1450, 63309.1450, 63309.4030, 0
63310.0, 4.32, 12, 5.36, 16, 1.08, 3, 7.1, 16.8, 11.4,63310.0003, 63310.1803, 63310.1803, 63310.4034, 0
63311.0, 5.20, 15, 4.51, 13, 1.07, 3, 7.1, 16.9, 12.4,63310.9994, 63311.2161, 63311.2161, 63311.4039, 0
63312.0, 6.09, 18, 3.65, 10, 0.46, 1, 7.2, 17.0, 13.3,63311.9986, 63312.2521, 63312.2521, 63312.4043, 0
63313.0, 6.97, 20, 2.80, 8, 0.46, 1, 7.2, 17.0, 14.2,63312.9977, 63313.2882, 63313.2882, 63313.4047, 0
63314.0, 7.86, 23, 1.94, 5, 0.46, 1, 7.3, 17.1, 15.2,63313.9969, 63314.3242, 63314.3242, 63314.4051, 0
63315.0, 8.74, 26, 1.09, 3, 0.46, 1, 7.3, 17.2, 16.1,63314.9961, 63315.3603, 63315.3603, 63315.4056, 0
63316.0, 9.86, 29, 0.00, 0, 0.46, 1, 7.4, 17.3, -1.0,63315.9952, 63316.4060, 0.0000, 0.0000, 0
63317.0, 9.89, 29, 0.00, 0, 0.46, 1, 7.4, 17.3, -1.0,63316.9944, 63317.4064, 0.0000, 0.0000, 1
63318.0, 9.92, 29, 0.00, 0, 0.46, 1, 7.5, 17.4, -1.0,63317.9936, 63318.4068, 0.0000, 0.0000, 0
63319.0, 9.95, 29, 0.00, 0, 0.46, 1, 7.5, 17.5, -1.0,63318.9928, 63319.4072, 0.0000, 0.0000, 0
63320.0, 9.97, 29, 0.00, 0, 0.46, 1, 7.6, 17.6, -1.0,63319.9919, 63320.4076, 0.0000, 0.0000, 0
63321.0, 9.38, 28, 0.62, 1, 0.46, 1, 7.6, 17.6, 8.2,63321.0170, 63321.4080, 63320.9911, 63321.0170, 0
63322.0, 8.62, 25, 1.41, 4, 0.46, 1, 7.6, 17.7, 9.1,63322.0490, 63322.4083, 63321.9903, 63322.0490, 0
63323.0, 7.79, 23, 2.28, 6, 0.46, 1, 7.7, 17.8, 10.0,63323.0843, 63323.4087, 63322.9895, 63323.0843, 0
63324.0, 6.87, 20, 3.22, 9, 0.46, 1, 7.7, 17.9, 11.0,63324.1229, 63324.4091, 63323.9887, 63324.1229, 0
63325.0, 5.89, 17, 4.23, 12, 0.46, 1, 7.8, 17.9, 12.0,63325.1642, 63325.4095, 63324.9880, 63325.1642, 0
63326.0, 4.86, 14, 5.29, 15, 0.46, 1, 7.8, 18.0, 13.1,63326.2075, 63326.4099, 63325.9872, 63326.2075, 0
63327.0, 0.00, 0, 10.17, 30, 0.46, 1, 7.9, 18.1, -1.0,0.0000, 0.0000, 63326.9864, 63327.4102, 0
63328.0, 0.00, 0, 10.20, 30, 0.46, 1, 7.9, 18.2, -1.0,0.0000, 0.0000, 63327.9856, 63328.4106, 0
63329.0, 0.00, 0, 10.23, 30, 0.46, 1, 8.0, 18.2, -1.0,0.0000, 0.0000, 63328.9849, 63329.4110, 0
63330.0, 0.00, 0, 10.25, 30, 0.46, 1, 8.0, 18.3, -1.0,0.0000, 0.0000, 63329.9841, 63330.4114, 0
63331.0, 0.00, 0, 10.28, 30, 0.46, 1, 8.1, 18.4, -1.0,0.0000, 0.0000, 63330.9834, 63331.4117, 0
63332.0, 0.00, 0, 10.31, 30, 0.46, 1, 8.1, 18.5, -1.0,0.0000, 0.0000, 63331.9826, 63332.4121, 0
63333.0, 0.00, 0, 10.33, 30, 0.46, 1, 8.2, 18.5, -1.0,0.0000, 0.0000, 63332.9819, 63333.4125, 0
63334.0, 0.00, 0, 10.36, 31, 0.46, 1, 8.2, 18.6, -1.0,0.0000, 0.0000, 63333.9812, 63334.4128, 0
63335.0, 0.00, 0, 10.39, 31, 0.46, 1, 8.3, 18.7, -1.0,0.0000, 0.0000, 63334.9805, 63335.4132, 0
63336.0, 0.00, 0, 10.41, 31, 0.46, 1, 8.3, 18.8, -1.0,0.0000, 0.0000, 63335.9798, 63336.4135, 0
63337.0, 0.00, 0, 10.44, 31, 0.46, 1, 8.4, 18.8, -1.0,0.0000, 0.0000, 63336.9791, 63337.4139, 0
63338.0, 0.00, 0, 10.46, 31, 0.46, 1, 8.4, 18.9, -1.0,0.0000, 0.0000, 63337.9784, 63338.4143, 0
63339.0, 4.45, 13, 6.04, 18, 0.46, 1, 8.5, 19.0, 12.9,63338.9777, 63339.1631, 63339.1631, 63339.4146, 0
63340.0, 5.34, 16, 5.17, 15, 0.46, 1, 8.5, 19.1, 13.9,63339.9770, 63340.1994, 63340.1994, 63340.4150, 0
63341.0, 6.22, 18, 4.32, 12, 0.46, 1, 8.6, 19.1, 14.8,63340.9764, 63341.2354, 63341.2354, 63341.4153, 0
63342.0, 7.10, 21, 3.46, 10, 0.46, 1, 8.6, 19.2, 15.7,63341.9757, 63342.2714, 63342.2714, 63342.4157, 0
63343.0, 7.98, 23, 2.61, 7, 0.46, 1, 8.7, 19.3, 16.7,63342.9751, 63343.3075, 63343.3075, 63343.4160, 0
63344.0, 8.87, 26, 1.74, 5, 0.46, 1, 8.7, 19.3, 17.6,63343.9745, 63344.3441, 63344.3441, 63344.4164, 0
63345.0, 9.78, 29, 0.85, 2, 0.46, 1, 8.8, 19.4, 18.6,63344.9739, 63345.3815, 63345.3815, 63345.4167, 0
63346.0, 10.65, 31, 0.00, 0, 0.46, 1, 8.8, 19.5, -1.0,63345.9732, 63346.4171, 0.0000, 0.0000, 0
63347.0, 10.67, 32, 0.00, 0, 0.46, 1, 8.9, 19.6, -1.0,63346.9727, 63347.4174, 0.0000, 0.0000, 1
63348.0, 10.70, 32, 0.00, 0, 0.46, 1, 8.9, 19.6, -1.0,63347.9721, 63348.4178, 0.0000, 0.0000, 0
63349.0, 10.72, 32, 0.00, 0, 0.46, 1, 9.0, 19.7, -1.0,63348.9715, 63349.4181, 0.0000, 0.0000, 0
63350.0, 10.10, 30, 0.65, 1, 0.46, 1, 9.0, 19.8, 9.7,63349.9978, 63350.4185, 63349.9709, 63349.9978, 0
63351.0, 9.19, 27, 1.58, 4, 0.46, 1, 9.1, 19.9, 10.7,63351.0360, 63351.4189, 63350.9704, 63351.0360, 0
63352.0, 8.21, 24, 2.57, 7, 0.46, 1, 9.1, 19.9, 11.7,63352.0770, 63352.4192, 63351.9699, 63352.0770, 0
63353.0, 7.19, 21, 3.61, 10, 0.46, 1, 9.2, 20.0, 12.8,63353.1199, 63353.4196, 63352.9693, 63353.1199, 0
63354.0, 6.15, 18, 4.68, 14, 0.47, 1, 9.2, 20.1, 13.9,63354.1637, 63354.4199, 63353.9688, 63354.1637, 0
63355.0, 5.10, 15, 5.75, 17, 0.47, 1, 9.3, 20.2, 15.0,63355.2077, 63355.4203, 63354.9683, 63355.2077, 0
63356.0, 0.00, 0, 10.87, 32, 0.47, 1, 9.3, 20.2, -1.0,0.0000, 0.0000, 63355.9678, 63356.4206, 0
63357.0, 0.00, 0, 10.89, 32, 0.47, 1, 9.4, 20.3, -1.0,0.0000, 0.0000, 63356.9674, 63357.4210, 0
63358.0, 0.00, 0, 10.91, 32, 0.47, 1, 9.5, 20.4, -1.0,0.0000, 0.0000, 63357.9669, 63358.4213, 0
63359.0, 0.00, 0, 10.92, 32, 0.47, 1, 9.5, 20.5, -1.0,0.0000, 0.0000, 63358.9665, 63359.4217, 0
63360.0, 0.00, 0, 10.94, 32, 0.47, 1, 9.6, 20.5, -1.0,0.0000, 0.0000, 63359.9660, 63360.4220, 0
63361.0, 0.00, 0, 10.96, 32, 0.47, 1, 9.6, 20.6, -1.0,0.0000, 0.0000, 63360.9656, 63361.4224, 0
63362.0, 0.00, 0, 10.98, 32, 0.47, 1, 9.7, 20.7, -1.0,0.0000, 0.0000, 63361.9652, 63362.4227, 0
63363.0, 0.00, 0, 11.00, 32, 0.47, 1, 9.7, 20.8, -1.0,0.0000, 0.0000, 63362.9648, 63363.4231, 0
63364.0, 0.00, 0, 11.01, 33, 0.47, 1, 9.8, 20.8, -1.0,0.0000, 0.0000, 63363.9645, 63364.4234, 0
63365.0, 0.00, 0, 11.03, 33, 0.47, 1, 9.8, 20.9, -1.0,0.0000, 0.0000, 63364.9641, 63365.4238, 0
63366.0, 0.00, 0, 11.05, 33, 0.47, 1, 9.9, 21.0, -1.0,0.0000, 0.0000, 63365.9638, 63366.4241, 0
63367.0, 0.00, 0, 11.06, 33, 0.47, 1, 10.0, 21.1, -1.0,0.0000, 0.0000, 63366.9634, 63367.4245, 0
63368.0, 4.38, 13, 6.70, 20, 0.47, 1, 10.0, 21.1, 14.4,63367.9631, 63368.1458, 63368.1458, 63368.4248, 0
63369.0, 5.26, 15, 5.84, 17, 0.47, 1, 10.1, 21.2, 15.3,63368.9628, 63369.1818, 63369.1818, 63369.4252, 0
63370.0, 6.12, 18, 4.99, 14, 0.47, 1, 10.1, 21.3, 16.3,63369.9625, 63370.2176, 63370.2176, 63370.4255, 0
63371.0, 7.00, 20, 4.13, 12, 0.47, 1, 10.2, 21.3, 17.2,63370.9622, 63371.2537, 63371.2537, 63371.4258, 0
63372.0, 7.88, 23, 3.26, 9, 0.48, 1, 10.3, 21.4, 18.2,63371.9620, 63372.2904, 63372.2904, 63372.4262, 0
63373.0, 8.79, 26, 2.36, 7, 0.48, 1, 10.3, 21.5, 19.1,63372.9617, 63373.3281, 63373.3281, 63373.4265, 0
63374.0, 9.74, 29, 1.43, 4, 0.48, 1, 10.4, 21.6, 20.1,63373.9615, 63374.3672, 63374.3672, 63374.4268, 0
63375.0, 10.71, 32, 0.47, 1, 0.48, 1, 10.4, 21.6, 21.2,63374.9613, 63375.4077, 63375.4077, 63375.4272, 0
63376.0, 11.19, 33, 0.00, 0, 0.48, 1, 10.5, 21.7, -1.0,63375.9611, 63376.4275, 0.0000, 0.0000, 1
63377.0, 11.21, 33, 0.00, 0, 0.48, 1, 10.6, 21.8, -1.0,63376.9609, 63377.4278, 0.0000, 0.0000, 0
63378.0, 11.22, 33, 0.00, 0, 0.48, 1, 10.6, 21.9, -1.0,63377.9607, 63378.4281, 0.0000, 0.0000, 0
63379.0, 10.60, 31, 0.63, 1, 0.48, 1, 10.7, 21.9, 11.3,63378.9869, 63379.4285, 63378.9605, 63378.9869, 0
63380.0, 9.56, 28, 1.68, 5, 0.48, 1, 10.7, 22.0, 12.4,63380.0303, 63380.4288, 63379.9604, 63380.0303, 0
63381.0, 8.50, 25, 2.75, 8, 0.48, 1, 10.8, 22.1, 13.6,63381.0750, 63381.4291, 63380.9602, 63381.0750, 0
63382.0, 7.43, 22, 3.83, 11, 0.48, 1, 10.9, 22.2, 14.7,63382.1198, 63382.4294, 63381.9601, 63382.1198, 0
63383.0, 6.38, 19, 4.90, 14, 0.48, 1, 10.9, 22.2, 15.8,63383.1640, 63383.4297, 63382.9600, 63383.1640, 0
63384.0, 5.34, 16, 5.94, 17, 0.48, 1, 11.0, 22.3, 16.9,63384.2075, 63384.4300, 63383.9599, 63384.2075, 0
63385.0, 0.00, 0, 11.29, 33, 0.48, 1, 11.1, 22.4, -1.0,0.0000, 0.0000, 63384.9598, 63385.4303, 0
63386.0, 0.00, 0, 11.30, 33, 0.48, 1, 11.1, 22.4, -1.0,0.0000, 0.0000, 63385.9598, 63386.4306, 0
63387.0, 0.00, 0, 11.31, 33, 0.48, 1, 11.2, 22.5, -1.0,0.0000, 0.0000, 63386.9597, 63387.4309, 0
63388.0, 0.00, 0, 11.32, 33, 0.48, 1, 11.2, 22.6, -1.0,0.0000, 0.0000, 63387.9597, 63388.4312, 0
63389.0, 0.00, 0, 11.32, 33, 0.48, 1, 11.3, 22.7, -1.0,0.0000, 0.0000, 63388.9597, 63389.4314, 0
63390.0, 0.00, 0, 11.33, 33, 0.48, 1, 11.4, 22.7, -1.0,0.0000, 0.0000, 63389.9597, 63390.4317, 0
63391.0, 0.00, 0, 11.34, 34, 0.48, 1, 11.4, 22.8, -1.0,0.0000, 0.0000, 63390.9597, 63391.4320, 0
63392.0, 0.00, 0, 11.34, 34, 0.48, 1, 11.5, 22.9, -1.0,0.0000, 0.0000, 63391.9597, 63392.4322, 0
63393.0, 0.00, 0, 11.35, 34, 0.48, 1, 11.6, 23.0, -1.0,0.0000, 0.0000, 63392.9597, 63393.4325, 0
63394.0, 0.00, 0, 11.35, 34, 0.48, 1, 11.6, 23.0, -1.0,0.0000, 0.0000, 63393.9597, 63394.4327, 0
63395.0, 0.00, 0, 11.36, 34, 0.48, 1, 11.7, 23.1, -1.0,0.0000, 0.0000, 63394.9598, 63395.4329, 0
63396.0, 0.00, 0, 11.36, 34, 0.48, 1, 11.8, 23.2, -1.0,0.0000, 0.0000, 63395.9599, 63396.4332, 0
63397.0, 0.00, 0, 11.36, 34, 0.48, 1, 11.8, 23.2, -1.0,0.0000, 0.0000, 63396.9599, 63397.4334, 0
63398.0, 4.90, 14, 6.47, 19, 0.49, 1, 11.9, 23.3, 16.8,63397.9600, 63398.1640, 63398.1640, 63398.4336, 0
63399.0, 5.76, 17, 5.61, 16, 0.49, 1, 12.0, 23.4, 17.8,63398.9601, 63399.2000, 63399.2000, 63399.4338, 0
63400.0, 6.64, 19, 4.73, 14, 0.49, 1, 12.0, 23.5, 18.7,63399.9602, 63400.2367, 63400.2367, 63400.4340, 0
63401.0, 7.54, 22, 3.83, 11, 0.49, 1, 12.1, 23.5, 19.7,63400.9603, 63401.2745, 63401.2745, 63401.4341, 0
63402.0, 8.48, 25, 2.89, 8, 0.49, 1, 12.2, 23.6, 20.7,63401.9605, 63402.3138, 63402.3138, 63402.4343, 0
63403.0, 9.45, 28, 1.92, 5, 0.49, 1, 12.3, 23.7, 21.7,63402.9606, 63403.3545, 63403.3545, 63403.4345, 0
63404.0, 10.45, 31, 0.92, 2, 0.49, 1, 12.3, 23.7, 22.8,63403.9607, 63404.3962, 63404.3962, 63404.4346, 0
63405.0, 11.37, 34, 0.00, 0, 0.49, 1, 12.4, 23.8, -1.0,63404.9609, 63405.4348, 0.0000, 0.0000, 0
63406.0, 11.37, 34, 0.00, 0, 0.49, 1, 12.5, 23.9, -1.0,63405.9611, 63406.4349, 0.0000, 0.0000, 1
63407.0, 11.37, 34, 0.00, 0, 0.49, 1, 12.5, 23.9, -1.0,63406.9612, 63407.4350, 0.0000, 0.0000, 0
63408.0, 10.89, 32, 0.48, 1, 0.49, 1, 12.6, 0.0, 13.1,63407.9815, 63408.4351, 63407.9614, 63407.9815, 0
63409.0, 9.78, 29, 1.59, 4, 0.49, 1, 12.7, 0.1, 14.3,63409.0278, 63409.4352, 63408.9616, 63409.0278, 0
63410.0, 8.68, 26, 2.69, 8, 0.48, 1, 12.7, 0.1, 15.4,63410.0737, 63410.4353, 63409.9618, 63410.0737, 0
63411.0, 7.60, 22, 3.76, 11, 0.48, 1, 12.8, 0.2, 16.6,63411.1187, 63411.4354, 63410.9620, 63411.1187, 0
63412.0, 6.55, 19, 4.81, 14, 0.48, 1, 12.9, 0.3, 17.7,63412.1627, 63412.4354, 63411.9622, 63412.1627, 0
63413.0, 5.52, 16, 5.84, 17, 0.48, 1, 13.0, 0.3, 18.8,63413.2057, 63413.4355, 63412.9625, 63413.2057, 0
63414.0, 4.50, 13, 6.84, 20, 0.48, 1, 13.0, 0.4, 19.9,63414.2479, 63414.4355, 63413.9627, 63414.2479, 0
63415.0, 0.00, 0, 11.34, 34, 0.48, 1, 13.1, 0.5, -1.0,0.0000, 0.0000, 63414.9629, 63415.4355, 0
63416.0, 0.00, 0, 11.34, 34, 0.48, 1, 13.2, 0.5, -1.0,0.0000, 0.0000, 63415.9632, 63416.4355, 0
63417.0, 0.00, 0, 11.33, 33, 0.48, 1, 13.2, 0.6, -1.0,0.0000, 0.0000, 63416.9634, 63417.4355, 0
63418.0, 0.00, 0, 11.32, 33, 0.48, 1, 13.3, 0.7, -1.0,0.0000, 0.0000, 63417.9637, 63418.4355, 0
63419.0, 0.00, 0, 11.32, 33, 0.48, 1, 13.4, 0.7, -1.0,0.0000, 0.0000, 63418.9639, 63419.4355, 0
63420.0, 0.00, 0, 11.31, 33, 0.48, 1, 13.5, 0.8, -1.0,0.0000, 0.0000, 63419.9642, 63420.4354, 0
63421.0, 0.00, 0, 11.30, 33, 0.48, 1, 13.5, 0.9, -1.0,0.0000, 0.0000, 63420.9645, 63421.4354, 0
63422.0, 0.00, 0, 11.29, 33, 0.48, 1, 13.6, 0.9, -1.0,0.0000, 0.0000, 63421.9648, 63422.4353, 0
63423.0, 0.00, 0, 11.28, 33, 0.48, 1, 13.7, 1.0, -1.0,0.0000, 0.0000, 63422.9650, 63423.4352, 0
63424.0, 0.00, 0, 11.27, 33, 0.48, 1, 13.7, 1.1, -1.0,0.0000, 0.0000, 63423.9653, 63424.4351, 0
63425.0, 0.00, 0, 11.27, 33, 0.48, 1, 13.8, 1.1, -1.0,0.0000, 0.0000, 63424.9656, 63425.4350, 0
63426.0, 0.00, 0, 11.25, 33, 0.48, 1, 13.9, 1.2, -1.0,0.0000, 0.0000, 63425.9659, 63426.4349, 0
63427.0, 0.00, 0, 11.24, 33, 0.48, 1, 14.0, 1.2, -1.0,0.0000, 0.0000, 63426.9662, 63427.4347, 0
63428.0, 5.22, 15, 6.01, 18, 0.48, 1, 14.0, 1.3, 19.3,63427.9665, 63428.1841, 63428.1841, 63428.4345, 0
63429.0, 6.12, 18, 5.10, 15, 0.48, 1, 14.1, 1.4, 20.3,63428.9668, 63429.2218, 63429.2218, 63429.4344, 0
63430.0, 7.05, 21, 4.16, 12, 0.48, 1, 14.2, 1.4, 21.3,63429.9671, 63430.2609, 63430.2609, 63430.4342, 0
63431.0, 8.01, 24, 3.19, 9, 0.48, 1, 14.3, 1.5, 22.3,63430.9674, 63431.3012, 63431.3012, 63431.4340, 0
63432.0, 8.99, 26, 2.19, 6, 0.48, 1, 14.3, 1.5, 23.3,63431.9677, 63432.3423, 63432.3423, 63432.4338, 0
63433.0, 9.97, 29, 1.21, 3, 0.48, 1, 14.4, 1.6, 0.4,63432.9680, 63433.3833, 63433.3833, 63433.4335, 0
63434.0, 11.16, 33, 0.00, 0, 0.48, 1, 14.5, 1.7, -1.0,63433.9683, 63434.4333, 0.0000, 0.0000, 0
63435.0, 11.15, 33, 0.00, 0, 0.48, 1, 14.6, 1.7, -1.0,63434.9686, 63435.4330, 0.0000, 0.0000, 1
63436.0, 11.13, 33, 0.00, 0, 0.47, 1, 14.6, 1.8, -1.0,63435.9689, 63436.4327, 0.0000, 0.0000, 0
63437.0, 11.12, 33, 0.00, 0, 0.47, 1, 14.7, 1.8, -1.0,63436.9693, 63437.4324, 0.0000, 0.0000, 0
63438.0, 9.78, 29, 1.32, 3, 0.47, 1, 14.8, 1.9, 16.1,63438.0247, 63438.4321, 63437.9696, 63438.0247, 0
63439.0, 8.67, 26, 2.42, 7, 0.47, 1, 14.8, 2.0, 17.3,63439.0707, 63439.4318, 63438.9699, 63439.0707, 0
63440.0, 7.58, 22, 3.49, 10, 0.47, 1, 14.9, 2.0, 18.4,63440.1155, 63440.4315, 63439.9702, 63440.1155, 0
63441.0, 6.53, 19, 4.53, 13, 0.47, 1, 15.0, 2.1, 19.5,63441.1592, 63441.4311, 63440.9705, 63441.1592, 0
63442.0, 5.50, 16, 5.54, 16, 0.47, 1, 15.1, 2.1, 20.6,63442.2017, 63442.4308, 63441.9708, 63442.2017, 0
63443.0, 4.50, 13, 6.52, 19, 0.47, 1, 15.1, 2.2, 21.7,63443.2429, 63443.4304, 63442.9712, 63443.2429, 0
63444.0, 0.00, 0, 11.00, 33, 0.47, 1, 15.2, 2.2, -1.0,0.0000, 0.0000, 63443.9715, 63444.4300, 0
63445.0, 0.00, 0, 10.99, 32, 0.47, 1, 15.3, 2.3, -1.0,0.0000, 0.0000, 63444.9718, 63445.4296, 0
63446.0, 0.00, 0, 10.97, 32, 0.47, 1, 15.4, 2.4, -1.0,0.0000, 0.0000, 63445.9721, 63446.4292, 0
63447.0, 0.00, 0, 10.95, 32, 0.47, 1, 15.4, 2.4, -1.0,0.0000, 0.0000, 63446.9724, 63447.4287, 0
63448.0, 0.00, 0, 10.93, 32, 0.47, 1, 15.5, 2.5, -1.0,0.0000, 0.0000, 63447.9728, 63448.4283, 0
63449.0, 0.00, 0, 10.91, 32, 0.47, 1, 15.6, 2.5, -1.0,0.0000, 0.0000, 63448.9731, 63449.4278, 0
63450.0, 0.00, 0, 10.89, 32, 0.47, 1, 15.7, 2.6, -1.0,0.0000, 0.0000, 63449.9734, 63450.4273, 0
63451.0, 0.00, 0, 10.88, 32, 0.47, 1, 15.7, 2.6, -1.0,0.0000, 0.0000, 63450.9737, 63451.4269, 0
63452.0, 0.00, 0, 10.86, 32, 0.47, 1, 15.8, 2.7, -1.0,0.0000, 0.0000, 63451.9740, 63452.4264, 0
63453.0, 0.00, 0, 10.84, 32, 0.47, 1, 15.9, 2.7, -1.0,0.0000, 0.0000, 63452.9743, 63453.4258, 0
63454.0, 0.00, 0, 10.82, 32, 0.46, 1, 15.9, 2.8, -1.0,0.0000, 0.0000, 63453.9747, 63454.4253, 0
63455.0, 0.00, 0, 10.80, 32, 0.46, 1, 16.0, 2.8, -1.0,0.0000, 0.0000, 63454.9750, 63455.4248, 0
63456.0, 0.00, 0, 10.77, 32, 0.46, 1, 16.1, 2.9, -1.0,0.0000, 0.0000, 63455.9753, 63456.4242, 0
63457.0, 4.69, 14, 6.06, 18, 0.46, 1, 16.2, 2.9, 20.9,63456.9756, 63457.1709, 63457.1709, 63457.4237, 0
63458.0, 5.61, 16, 5.12, 15, 0.46, 1, 16.2, 3.0, 21.9,63457.9759, 63458.2097, 63458.2097, 63458.4231, 0
63459.0, 6.55, 19, 4.16, 12, 0.46, 1, 16.3, 3.1, 22.9,63458.9762, 63459.2492, 63459.2492, 63459.4225, 0
63460.0, 7.50, 22, 3.19, 9, 0.46, 1, 16.4, 3.1, 23.9,63459.9766, 63460.2891, 63460.2891, 63460.4219, 0
63461.0, 8.44, 25, 2.23, 6, 0.46, 1, 16.5, 3.2, 0.9,63460.9769, 63461.3284, 63461.3284, 63461.4213, 0
63462.0, 9.34, 28, 1.30, 3, 0.46, 1, 16.5, 3.2, 1.9,63461.9772, 63462.3663, 63462.3663, 63462.4206, 0
63463.0, 10.20, 30, 0.43, 1, 0.46, 1, 16.6, 3.3, 2.8,63462.9775, 63463.4023, 63463.4023, 63463.4200, 0
63464.0, 10.60, 31, 0.00, 0, 0.46, 1, 16.7, 3.3, -1.0,63463.9778, 63464.4194, 0.0000, 0.0000, 1
63465.0, 10.57, 31, 0.00, 0, 0.46, 1, 16.8, 3.4, -1.0,63464.9781, 63465.4187, 0.0000, 0.0000, 0
63466.0, 10.55, 31, 0.00, 0, 0.46, 1, 16.8, 3.4, -1.0,63465.9784, 63466.4180, 0.0000, 0.0000, 0
63467.0, 9.55, 28, 0.98, 2, 0.46, 1, 16.9, 3.5, 17.9,63467.0195, 63467.4173, 63466.9787, 63467.0195, 0
63468.0, 8.43, 25, 2.07, 6, 0.46, 1, 17.0, 3.5, 19.0,63468.0653, 63468.4167, 63467.9791, 63468.0653, 0
63469.0, 7.35, 22, 3.13, 9, 0.46, 1, 17.0, 3.6, 20.2,63469.1099, 63469.4160, 63468.9794, 63469.1099, 0
63470.0, 6.30, 18, 4.16, 12, 0.46, 1, 17.1, 3.6, 21.3,63470.1530, 63470.4152, 63469.9797, 63470.1530, 0
63471.0, 5.29, 15, 5.14, 15, 0.46, 1, 17.2, 3.6, 22.3,63471.1942, 63471.4145, 63470.9800, 63471.1942, 0
63472.0, 4.34, 13, 6.07, 18, 0.46, 1, 17.3, 3.7, 23.3,63472.2332, 63472.4138, 63471.9803, 63472.2332, 0
63473.0, 0.00, 0, 10.38, 31, 0.46, 1, 17.3, 3.7, -1.0,0.0000, 0.0000, 63472.9806, 63473.4131, 0
63474.0, 0.00, 0, 10.35, 31, 0.46, 1, 17.4, 3.8, -1.0,0.0000, 0.0000, 63473.9809, 63474.4123, 0
63475.0, 0.00, 0, 10.33, 30, 0.46, 1, 17.5, 3.8, -1.0,0.0000, 0.0000, 63474.9813, 63475.4116, 0
63476.0, 0.00, 0, 10.30, 30, 0.46, 1, 17.6, 3.9, -1.0,0.0000, 0.0000, 63475.9816, 63476.4108, 0
63477.0, 0.00, 0, 10.28, 30, 0.46, 1, 17.6, 3.9, -1.0,0.0000, 0.0000, 63476.9819, 63477.4100, 0
63478.0, 0.00, 0, 10.25, 30, 0.46, 1, 17.7, 4.0, -1.0,0.0000, 0.0000, 63477.9822, 63478.4093, 0
63479.0, 0.00, 0, 10.22, 30, 0.46, 1, 17.8, 4.0, -1.0,0.0000, 0.0000, 63478.9825, 63479.4085, 0
63480.0, 0.00, 0, 10.20, 30, 0.46, 1, 17.9, 4.1, -1.0,0.0000, 0.0000, 63479.9829, 63480.4077, 0
63481.0, 0.00, 0, 10.17, 30, 0.46, 1, 17.9, 4.1, -1.0,0.0000, 0.0000, 63480.9832, 63481.4069, 0
63482.0, 0.00, 0, 10.14, 30, 0.46, 1, 18.0, 4.2, -1.0,0.0000, 0.0000, 63481.9835, 63482.4061, 0
63483.0, 0.00, 0, 10.11, 30, 0.46, 1, 18.1, 4.2, -1.0,0.0000, 0.0000, 63482.9839, 63483.4053, 0
63484.0, 0.00, 0, 10.09, 30, 0.46, 1, 18.1, 4.3, -1.0,0.0000, 0.0000, 63483.9842, 63484.4045, 0
63485.0, 0.00, 0, 10.06, 30, 0.46, 1, 18.2, 4.3, -1.0,0.0000, 0.0000, 63484.9845, 63485.4036, 0
63486.0, 0.00, 0, 10.03, 30, 0.46, 1, 18.3, 4.4, -1.0,0.0000, 0.0000, 63485.9849, 63486.4028, 0
63487.0, 5.13, 15, 4.87, 14, 0.46, 1, 18.4, 4.4, 23.5,63486.9852, 63487.1992, 63487.1992, 63487.4020, 0
63488.0, 6.04, 18, 3.93, 11, 0.46, 1, 18.4, 4.4, 0.5,63487.9856, 63488.2374, 63488.2374, 63488.4011, 0
63489.0, 6.93, 20, 3.02, 9, 0.46, 1, 18.5, 4.5, 1.5,63488.9859, 63489.2746, 63489.2746, 63489.4003, 0
63490.0, 7.78, 23, 2.14, 6, 0.46, 1, 18.6, 4.5, 2.4,63489.9863, 63490.3102, 63490.3102, 63490.3994, 0
63491.0, 8.58, 25, 1.31, 3, 0.46, 1, 18.7, 4.6, 3.3,63490.9866, 63491.3441, 63491.3441, 63491.3986, 0
63492.0, 9.34, 28, 0.52, 1, 0.46, 1, 18.7, 4.6, 4.1,63491.9870, 63492.3763, 63492.3763, 63492.3977, 0
63493.0, 9.83, 29, 0.00, 0, 0.46, 1, 18.8, 4.7, -1.0,63492.9873, 63493.3969, 0.0000, 0.0000, 0
63494.0, 9.80, 29, 0.00, 0, 0.46, 1, 18.9, 4.7, -1.0,63493.9877, 63494.3960, 0.0000, 0.0000, 1
63495.0, 9.77, 29, 0.00, 0, 0.46, 1, 19.0, 4.8, -1.0,63494.9881, 63495.3952, 0.0000, 0.0000, 0
63496.0, 9.16, 27, 0.58, 1, 0.46, 1, 19.0, 4.8, 19.6,63496.0125, 63496.3943, 63495.9884, 63496.0125, 0
63497.0, 8.06, 24, 1.65, 4, 1.07, 3, 19.1, 4.8, 20.8,63497.0577, 63497.3934, 63496.9888, 63497.0577, 0
63498.0, 6.99, 20, 2.69, 8, 1.07, 3, 19.2, 4.9, 21.9,63498.1012, 63498.3925, 63497.9892, 63498.1012, 0
63499.0, 5.98, 17, 3.67, 11, 1.08, 3, 19.3, 4.9, 22.9,63499.1425, 63499.3917, 63498.9896, 63499.1425, 0
63500.0, 5.04, 15, 4.58, 13, 1.08, 3, 19.3, 5.0, 23.9,63500.1810, 63500.3908, 63499.9900, 63500.1810, 0
63501.0, 4.17, 12, 5.42, 16, 1.08, 3, 19.4, 5.0, 0.8,63501.2163, 63501.3899, 63500.9904, 63501.2163, 0
63502.0, 3.37, 10, 6.19, 18, 1.08, 3, 19.5, 5.1, 1.7,63502.2485, 63502.3890, 63501.9908, 63502.2485, 0
63503.0, 0.00, 0, 9.53, 28, 1.08, 3, 19.6, 5.1, -1.0,0.0000, 0.0000, 63502.9912, 63503.3882, 0
63504.0, 0.00, 0, 9.50, 28, 1.08, 3, 19.6, 5.2, -1.0,0.0000, 0.0000, 63503.9916, 63504.3873, 0
63505.0, 0.00, 0, 9.47, 28, 1.08, 3, 19.7, 5.2, -1.0,0.0000, 0.0000, 63504.9920, 63505.3864, 0
